Program Version:,EnergyPlus, Version 9.4.0-998c4b761e, YMD=2026.05.07 10:05
Tabular Output Report in Format: ,Comma

Building:,None
Environment:,RUN PERIOD 1 ** Aachen NW DEU ISD-TMYx WMO#=105010

----------------------------------------------------------------------------------------------------
REPORT:,Annual Building Utility Performance Summary
FOR:,Entire Facility
Values gathered over      8760.00 hours

Site and Source Energy

,,Total Energy [kWh],Energy Per Total Building Area [kWh/m2],Energy Per Conditioned Building Area [kWh/m2]
,Total Site Energy,245032.34,88.22,88.22
,Net Site Energy,245032.34,88.22,88.22
,Total Source Energy,848329.06,305.42,305.42
,Net Source Energy,848329.06,305.42,305.42


Site to Source Energy Conversion Factors

,,Site=>Source Conversion Factor
,Electricity,3.167
,Natural Gas,1.084
,District Cooling,1.056
,District Heating,3.613
,Steam,1.200
,Gasoline,1.050
,Diesel,1.050
,Coal,1.050
,Fuel Oil No 1,1.050
,Fuel Oil No 2,1.050
,Propane,1.050
,Other Fuel 1,1.000
,Other Fuel 2,1.000


Building Area

,,Area [m2]
,Total Building Area,2777.58
,Net Conditioned Building Area,2777.58
,Unconditioned Building Area,0.00


End Uses

,,Electricity [kWh],Natural Gas [kWh],Gasoline [kWh],Diesel [kWh],Coal [kWh],Fuel Oil No 1 [kWh],Fuel Oil No 2 [kWh],Propane [kWh],Other Fuel 1 [kWh],Other Fuel 2 [kWh],District Cooling [kWh],District Heating [kWh],Water [m3]
,Heating,0.00,0.00,0.00,0.00,0.00,0.00,0.00,0.00,0.00,0.00,0.00,162012.65,0.00
,Cooling,0.00,0.00,0.00,0.00,0.00,0.00,0.00,0.00,0.00,0.00,0.00,0.00,0.00
,Interior Lighting,28064.62,0.00,0.00,0.00,0.00,0.00,0.00,0.00,0.00,0.00,0.00,0.00,0.00
,Exterior Lighting,0.00,0.00,0.00,0.00,0.00,0.00,0.00,0.00,0.00,0.00,0.00,0.00,0.00
,Interior Equipment,54955.07,0.00,0.00,0.00,0.00,0.00,0.00,0.00,0.00,0.00,0.00,0.00,0.00
,Exterior Equipment,0.00,0.00,0.00,0.00,0.00,0.00,0.00,0.00,0.00,0.00,0.00,0.00,0.00
,Fans,0.00,0.00,0.00,0.00,0.00,0.00,0.00,0.00,0.00,0.00,0.00,0.00,0.00
,Pumps,0.00,0.00,0.00,0.00,0.00,0.00,0.00,0.00,0.00,0.00,0.00,0.00,0.00
,Heat Rejection,0.00,0.00,0.00,0.00,0.00,0.00,0.00,0.00,0.00,0.00,0.00,0.00,0.00
,Humidification,0.00,0.00,0.00,0.00,0.00,0.00,0.00,0.00,0.00,0.00,0.00,0.00,0.00
,Heat Recovery,0.00,0.00,0.00,0.00,0.00,0.00,0.00,0.00,0.00,0.00,0.00,0.00,0.00
,Water Systems,0.00,0.00,0.00,0.00,0.00,0.00,0.00,0.00,0.00,0.00,0.00,0.00,0.00
,Refrigeration,0.00,0.00,0.00,0.00,0.00,0.00,0.00,0.00,0.00,0.00,0.00,0.00,0.00
,Generators,0.00,0.00,0.00,0.00,0.00,0.00,0.00,0.00,0.00,0.00,0.00,0.00,0.00
,,,,,,,,,,,,,,
,Total End Uses,83019.69,0.00,0.00,0.00,0.00,0.00,0.00,0.00,0.00,0.00,0.00,162012.65,0.00
Note: District heat appears to be the principal heating source based on energy usage.


End Uses By Subcategory

,,Subcategory,Electricity [kWh],Natural Gas [kWh],Gasoline [kWh],Diesel [kWh],Coal [kWh],Fuel Oil No 1 [kWh],Fuel Oil No 2 [kWh],Propane [kWh],Other Fuel 1 [kWh],Other Fuel 2 [kWh],District Cooling [kWh],District Heating [kWh],Water [m3]
,Heating,General,0.00,0.00,0.00,0.00,0.00,0.00,0.00,0.00,0.00,0.00,0.00,162012.65,0.00
,Cooling,General,0.00,0.00,0.00,0.00,0.00,0.00,0.00,0.00,0.00,0.00,0.00,0.00,0.00
,Interior Lighting,General,28064.62,0.00,0.00,0.00,0.00,0.00,0.00,0.00,0.00,0.00,0.00,0.00,0.00
,Exterior Lighting,General,0.00,0.00,0.00,0.00,0.00,0.00,0.00,0.00,0.00,0.00,0.00,0.00,0.00
,Interior Equipment,General,54955.07,0.00,0.00,0.00,0.00,0.00,0.00,0.00,0.00,0.00,0.00,0.00,0.00
,Exterior Equipment,General,0.00,0.00,0.00,0.00,0.00,0.00,0.00,0.00,0.00,0.00,0.00,0.00,0.00
,Fans,Ventilation (simple),0.00,0.00,0.00,0.00,0.00,0.00,0.00,0.00,0.00,0.00,0.00,0.00,0.00
,Pumps,General,0.00,0.00,0.00,0.00,0.00,0.00,0.00,0.00,0.00,0.00,0.00,0.00,0.00
,Heat Rejection,General,0.00,0.00,0.00,0.00,0.00,0.00,0.00,0.00,0.00,0.00,0.00,0.00,0.00
,Humidification,General,0.00,0.00,0.00,0.00,0.00,0.00,0.00,0.00,0.00,0.00,0.00,0.00,0.00
,Heat Recovery,General,0.00,0.00,0.00,0.00,0.00,0.00,0.00,0.00,0.00,0.00,0.00,0.00,0.00
,Water Systems,General,0.00,0.00,0.00,0.00,0.00,0.00,0.00,0.00,0.00,0.00,0.00,0.00,0.00
,Refrigeration,General,0.00,0.00,0.00,0.00,0.00,0.00,0.00,0.00,0.00,0.00,0.00,0.00,0.00
,Generators,General,0.00,0.00,0.00,0.00,0.00,0.00,0.00,0.00,0.00,0.00,0.00,0.00,0.00


Normalized Metrics
Utility Use Per Conditioned Floor Area

,,Electricity Intensity [kWh/m2],Natural Gas Intensity [kWh/m2],Gasoline Intensity [kWh/m2],Diesel Intensity [kWh/m2],Coal Intensity [kWh/m2],Fuel Oil No 1 Intensity [kWh/m2],Fuel Oil No 2 Intensity [kWh/m2],Propane Intensity [kWh/m2],Other Fuel 1 Intensity [kWh/m2],Other Fuel 2 Intensity [kWh/m2],District Cooling Intensity [kWh/m2],District Heating Intensity [kWh/m2],Water Intensity [m3/m2]
,Lighting,10.10,0.00,0.00,0.00,0.00,0.00,0.00,0.00,0.00,0.00,0.00,0.00,0.00
,HVAC,0.00,0.00,0.00,0.00,0.00,0.00,0.00,0.00,0.00,0.00,0.00,58.33,0.00
,Other,19.79,0.00,0.00,0.00,0.00,0.00,0.00,0.00,0.00,0.00,0.00,0.00,0.00
,Total,29.89,0.00,0.00,0.00,0.00,0.00,0.00,0.00,0.00,0.00,0.00,58.33,0.00


Utility Use Per Total Floor Area

,,Electricity Intensity [kWh/m2],Natural Gas Intensity [kWh/m2],Gasoline Intensity [kWh/m2],Diesel Intensity [kWh/m2],Coal Intensity [kWh/m2],Fuel Oil No 1 Intensity [kWh/m2],Fuel Oil No 2 Intensity [kWh/m2],Propane Intensity [kWh/m2],Other Fuel 1 Intensity [kWh/m2],Other Fuel 2 Intensity [kWh/m2],District Cooling Intensity [kWh/m2],District Heating Intensity [kWh/m2],Water Intensity [m3/m2]
,Lighting,10.10,0.00,0.00,0.00,0.00,0.00,0.00,0.00,0.00,0.00,0.00,0.00,0.00
,HVAC,0.00,0.00,0.00,0.00,0.00,0.00,0.00,0.00,0.00,0.00,0.00,58.33,0.00
,Other,19.79,0.00,0.00,0.00,0.00,0.00,0.00,0.00,0.00,0.00,0.00,0.00,0.00
,Total,29.89,0.00,0.00,0.00,0.00,0.00,0.00,0.00,0.00,0.00,0.00,58.33,0.00


Electric Loads Satisfied

,,Electricity [kWh],Percent Electricity [%]
,Fuel-Fired Power Generation,0.000,0.00
,High Temperature Geothermal*,0.000,0.00
,Photovoltaic Power,0.000,0.00
,Wind Power,0.000,0.00
,Power Conversion,0.000,0.00
,Net Decrease in On-Site Storage,0.000,0.00
,Total On-Site Electric Sources,0.000,0.00
,,,
,Electricity Coming From Utility,83019.692,100.00
,Surplus Electricity Going To Utility,0.000,0.00
,Net Electricity From Utility,83019.692,100.00
,,,
,Total On-Site and Utility Electric Sources,83019.692,100.00
,Total Electricity End Uses,83019.692,100.00


On-Site Thermal Sources

,,Heat [kWh],Percent Heat [%]
,Water-Side Heat Recovery,0.00,
,Air to Air Heat Recovery for Cooling,0.00,
,Air to Air Heat Recovery for Heating,0.00,
,High-Temperature Geothermal*,0.00,
,Solar Water Thermal,0.00,
,Solar Air Thermal,0.00,
,Total On-Site Thermal Sources,0.00,


Water Source Summary

,,Water [m3],Percent Water [%]
,Rainwater Collection,0.00,-
,Condensate Collection,0.00,-
,Groundwater Well,0.00,-
,Total On Site Water Sources,0.00,-
,-,-,-
,Initial Storage,0.00,-
,Final Storage,0.00,-
,Change in Storage,0.00,-
,-,-,-
,Water Supplied by Utility,0.00,-
,-,-,-
,Total On Site, Change in Storage, and Utility Water Sources,0.00,-
,Total Water End Uses,0.00,-


Setpoint Not Met Criteria

,,Degrees [deltaC]
,Tolerance for Zone Heating Setpoint Not Met Time,0.20
,Tolerance for Zone Cooling Setpoint Not Met Time,0.20


Comfort and Setpoint Not Met Summary

,,Facility [Hours]
,Time Setpoint Not Met During Occupied Heating,0.00
,Time Setpoint Not Met During Occupied Cooling,8760.00
,Time Not Comfortable Based on Simple ASHRAE 55-2004,8255.00


Note 1: An asterisk (*) indicates that the feature is not yet implemented.
----------------------------------------------------------------------------------------------------
REPORT:,Input Verification and Results Summary
FOR:,Entire Facility
General

,,Value
,Program Version and Build,EnergyPlus, Version 9.4.0-998c4b761e, YMD=2026.05.07 10:05
,RunPeriod,RUN PERIOD 1
,Weather File,Aachen NW DEU ISD-TMYx WMO#=105010
,Latitude [deg],50.80
,Longitude [deg],6.02
,Elevation [m],232.00
,Time Zone,1.00
,North Axis Angle [deg],0.00
,Rotation for Appendix G [deg],0.00
,Hours Simulated [hrs],8760.00


ENVELOPE
Window-Wall Ratio

,,Total,North (315 to 45 deg),East (45 to 135 deg),South (135 to 225 deg),West (225 to 315 deg)
,Gross Wall Area [m2],1481.61,577.21,177.61,571.80,155.00
,Above Ground Wall Area [m2],1481.61,577.21,177.61,571.80,155.00
,Window Opening Area [m2],358.41,155.03,28.48,146.42,28.48
,Gross Window-Wall Ratio [%],24.19,26.86,16.03,25.61,18.37
,Above Ground Window-Wall Ratio [%],24.19,26.86,16.03,25.61,18.37


Conditioned Window-Wall Ratio

,,Total,North (315 to 45 deg),East (45 to 135 deg),South (135 to 225 deg),West (225 to 315 deg)
,Gross Wall Area [m2],1481.61,577.21,177.61,571.80,155.00
,Above Ground Wall Area [m2],1481.61,577.21,177.61,571.80,155.00
,Window Opening Area [m2],358.41,155.03,28.48,146.42,28.48
,Gross Window-Wall Ratio [%],24.19,26.86,16.03,25.61,18.37
,Above Ground Window-Wall Ratio [%],24.19,26.86,16.03,25.61,18.37


Skylight-Roof Ratio

,,Total
,Gross Roof Area [m2],1142.52
,Skylight Area [m2],0.00
,Skylight-Roof Ratio [%],0.00


PERFORMANCE
Zone Summary

,,Area [m2],Conditioned (Y/N),Part of Total Floor Area (Y/N),Volume [m3],Multipliers,Above Ground Gross Wall Area [m2],Underground Gross Wall Area [m2],Window Glass Area [m2],Opening Area [m2],Lighting [W/m2],People [m2 per person],Plug and Process [W/m2]
,00MLRNOVNCEHFFCBB9J$NK,26.49,Yes,Yes,79.48,1.00,20.25,0.00,0.00,0.00,3.3333,14.00,7.0000
,0ELTW7UM9DRURZ_FYFNE9W,37.64,Yes,Yes,131.71,1.00,23.94,0.00,8.61,8.61,3.3333,14.00,7.0000
,0W6NU5BRTFIQXXYMM6ILGS,10.34,Yes,Yes,31.01,1.00,7.28,0.00,0.00,0.00,3.3333,14.00,7.0000
,0DIFK5T49139$QBDUCK5A9,26.49,Yes,Yes,76.83,1.00,30.21,0.00,0.00,0.00,0.6667,40.00,0.0000
,0U2ZPLRHTCUWK3$YRPCZEO,37.17,Yes,Yes,130.12,1.00,23.97,0.00,8.61,8.61,3.3333,14.00,7.0000
,0WLDSRXY1FH9RF4WA6QEKV,36.71,Yes,Yes,205.47,1.00,22.29,0.00,0.00,0.00,0.6667,,0.0000
,0ZWU9FOWRDWURARHO69T83,26.49,Yes,Yes,79.48,1.00,31.28,0.00,0.00,0.00,0.6667,40.00,0.0000
,11GHF5W0N9AGOUOXD7SXZM,37.17,Yes,Yes,130.12,1.00,23.97,0.00,8.61,8.61,3.3333,14.00,7.0000
,17KSY6ZZ5APQ0YJPQBAX_U,74.08,Yes,Yes,259.28,1.00,62.04,0.00,14.33,14.33,3.3333,15.00,18.0000
,18PU3GE41D_BHP0U$GRITO,7.93,Yes,Yes,27.76,1.00,4.11,0.00,0.00,0.00,0.6667,,0.0000
,1BNZZOW0D8K8AGXDQ4F75V,105.04,Yes,Yes,315.12,1.00,0.00,0.00,0.00,0.00,0.6667,,0.0000
,1CXQ0W4HL71FQ21BMWHLFZ,9.17,Yes,Yes,32.10,1.00,0.00,0.00,0.00,0.00,1.3333,,0.0000
,1DR$EUE41E8ECWOYLIJLIT,5.15,Yes,Yes,55.47,1.00,0.00,0.00,0.00,0.00,1.0000,40.00,0.0000
,1EYECQGPZ09F9SE6JGR55M,37.70,Yes,Yes,131.92,1.00,23.98,0.00,8.61,8.61,3.3333,14.00,7.0000
,1GOZB5TBH738163NLUZBQX,76.22,Yes,Yes,266.73,1.00,48.47,0.00,17.23,17.23,3.3333,3.00,2.0000
,1HQZA3HET1GRLTQSI138OL,13.36,Yes,Yes,46.75,1.00,0.00,0.00,0.00,0.00,1.3333,,0.0000
,1KWP7HSZR8YOJWZQWUXCGM,13.30,Yes,Yes,46.61,1.00,0.00,0.00,0.00,0.00,1.3333,,0.0000
,1PWTN7AMJ3OEWPOHZO42NJ,36.72,Yes,Yes,128.52,1.00,42.70,0.00,14.33,14.33,3.3333,14.00,7.0000
,1Y2RJHKTHCLXJ0TUUV9K_Z,35.92,Yes,Yes,125.74,1.00,18.63,0.00,0.00,0.00,3.3333,2.00,300.0000
,1_FGE0TIZCTRJEYZDX5WYJ,672.68,Yes,Yes,2648.77,1.00,129.13,0.03,34.45,34.45,2.0000,12.00,4.0000
,1ADVKLHC9ALU8GQYFXFWE4,53.97,Yes,Yes,161.91,1.00,41.25,0.00,0.00,0.00,0.6667,40.00,0.0000
,1IAFH_A0X4BU_FFXOZPTRL,36.72,Yes,Yes,128.52,1.00,42.70,0.00,14.33,14.33,3.3333,14.00,7.0000
,1JORQKBDN4ZXPNFOKGQGP_,10.34,Yes,Yes,31.01,1.00,7.28,0.00,0.00,0.00,0.6667,40.00,0.0000
,1LXCTPB4NESE3Q6XK6HAD5,36.99,Yes,Yes,129.46,1.00,23.97,0.00,8.61,8.61,3.3333,14.00,7.0000
,1NYUQ381R1JGTXA1VKFRZV,37.17,Yes,Yes,130.12,1.00,23.98,0.00,8.61,8.61,3.3333,14.00,7.0000
,1RW1JYHZV1QBSFHPLSLVZZ,114.46,Yes,Yes,400.58,1.00,92.06,0.00,31.55,31.55,1.3333,2.00,2.0000
,1SIISADAJ75P2K126BOPWI,7.93,Yes,Yes,27.76,1.00,4.11,0.00,0.00,0.00,0.6667,,0.0000
,1TFYORFFD5ZX4NAJ0W62KG,37.42,Yes,Yes,130.96,1.00,43.06,0.00,14.33,14.33,3.3333,14.00,7.0000
,1WCNWD8FVEXXE6Q3YNDNHJ,26.49,Yes,Yes,79.48,1.00,20.25,0.00,0.00,0.00,0.6667,40.00,0.0000
,1Y_DAPZEF9MXUPESN29HKY,112.59,Yes,Yes,394.07,1.00,72.97,0.00,25.84,25.84,3.3333,10.00,10.0000
,24CJFLTRXBVFTECKJLT5IU,36.11,Yes,Yes,6.50,1.00,4.36,0.00,0.00,0.00,3.3333,14.00,7.0000
,2CXRC190XAZUMHRLJ12ZWO,206.37,Yes,Yes,751.20,1.00,119.70,0.00,0.00,0.00,0.6667,40.00,0.0000
,2CBLUG4K90AFS0ULISW57$,21.31,Yes,Yes,74.61,1.00,13.81,0.00,2.81,2.81,3.3333,3.00,2.0000
,2DDCZNH4P35P17ZZP0MC27,113.15,Yes,Yes,396.07,1.00,72.97,0.00,25.84,25.84,3.3333,10.00,10.0000
,2DZYGNKTN3YUE2CQZ7IH3G,1.02,Yes,Yes,3.59,1.00,0.00,0.00,0.00,0.00,3.3333,14.00,7.0000
,2JPUAUJGVCL8GZFYDEN0QZ,36.99,Yes,Yes,129.46,1.00,23.97,0.00,8.61,8.61,3.3333,14.00,7.0000
,2KFJ4GAD59TRGS$KUMPVKX,1.02,Yes,Yes,3.59,1.00,0.00,0.00,0.00,0.00,3.3333,14.00,7.0000
,2KRQOVE1T90WWGJURUVFGY,21.87,Yes,Yes,76.55,1.00,14.18,0.00,2.81,2.81,3.3333,3.00,2.0000
,2N5PAWURB9UXWMW6VZHKG2,37.70,Yes,Yes,131.92,1.00,23.98,0.00,8.61,8.61,3.3333,14.00,7.0000
,2U0_9NBFJ5W9HBM3YSNCGZ,5.15,Yes,Yes,55.47,1.00,0.00,0.00,0.00,0.00,1.0000,40.00,0.0000
,2WTW_5TS12BQVVPNZ4RTZ8,9.18,Yes,Yes,32.14,1.00,0.00,0.00,0.00,0.00,1.3333,,0.0000
,2X$RF$7GLFZECF00IG4ZFJ,9.19,Yes,Yes,32.13,1.00,0.00,0.00,0.00,0.00,1.3333,,0.0000
,2Y6L$OYX55CULKWGZVG76X,0.67,Yes,Yes,2.36,1.00,0.00,0.00,0.00,0.00,3.3333,14.00,7.0000
,2YUBHDOS5EZHT591INO2JZ,37.48,Yes,Yes,131.18,1.00,43.10,0.00,14.33,14.33,3.3333,14.00,7.0000
,2_MZMMWYJ2X8L5ZTTWFZQ9,0.67,Yes,Yes,2.36,1.00,0.00,0.00,0.00,0.00,3.3333,14.00,7.0000
,2K9O3QILF0AQFA6KKU5HXP,21.87,Yes,Yes,76.55,1.00,14.18,0.00,2.81,2.81,3.3333,3.00,2.0000
,2SQQMDRC5FSAM7Q4HEYPCN,21.31,Yes,Yes,74.61,1.00,13.81,0.00,2.81,2.81,3.3333,3.00,2.0000
,2UN5ECZKNBEXTUKMCA5OFF,13.02,Yes,Yes,45.57,1.00,0.00,0.00,0.00,0.00,1.3333,,0.0000
,2V9V9EITTC7UB9LUIJAJSI,37.17,Yes,Yes,130.12,1.00,23.98,0.00,8.61,8.61,3.3333,14.00,7.0000
,303QW7ZF996EKWJLTQOLOB,12.95,Yes,Yes,45.35,1.00,0.00,0.00,0.00,0.00,1.3333,,0.0000
,38IMUKOGP559RZQPTQORMP,26.49,Yes,Yes,79.48,1.00,20.25,0.00,0.00,0.00,0.6667,40.00,0.0000
,3M_8BSRUT9JPFPUQGPEDOA,36.71,Yes,Yes,205.47,1.00,22.89,0.00,0.00,0.00,0.6667,,0.0000
,3TJLMIJ$97RELEO_9TS0SD,9.18,Yes,Yes,32.14,1.00,0.00,0.00,0.00,0.00,1.3333,,0.0000
,3W$07STZF4SGATGZXH6RH7,36.90,Yes,Yes,129.17,1.00,42.79,0.00,14.33,14.33,3.3333,14.00,7.0000
,3WTGYEGFV57XESUBLIN6UZ,36.99,Yes,Yes,129.47,1.00,23.98,0.00,8.61,8.61,3.3333,14.00,7.0000
,3XETEHPLX2FBMDLVKG9RNX,36.90,Yes,Yes,129.17,1.00,42.79,0.00,14.33,14.33,3.3333,14.00,7.0000
,3DYLJPHWXB1VOWY5LPQ8_2,37.70,Yes,Yes,131.92,1.00,23.97,0.00,8.61,8.61,3.3333,3.00,2.0000
,3G0CEO8QRFGPRRO9HYEX7V,36.11,Yes,Yes,6.50,1.00,4.36,0.00,0.00,0.00,3.3333,14.00,7.0000
,3LJWLADQX638QBR_BXHA$C,76.49,Yes,Yes,267.70,1.00,48.65,0.00,17.23,17.23,3.3333,3.00,2.0000
,Total,2777.58,,,9875.21,,1481.61,0.03,358.41,358.41,2.3068,8.92,8.2058
,Conditioned Total,2777.58,,,9875.21,,1481.61,0.03,358.41,358.41,2.3068,8.92,8.2058
,Unconditioned Total,0.00,,,0.00,,0.00,0.00,0.00,0.00,,,
,Not Part of Total,0.00,,,0.00,,0.00,0.00,0.00,0.00,,,


----------------------------------------------------------------------------------------------------
REPORT:,Demand End Use Components Summary
FOR:,Entire Facility
End Uses

,,Electricity [W],Natural Gas [W],Gasoline [W],Diesel [W],Coal [W],Fuel Oil No 1 [W],Fuel Oil No 2 [W],Propane [W],Other Fuel 1 [W],Other Fuel 2 [W],District Cooling [W],District Heating [W],Water [m3/s]
,Time of Peak,01-JAN-10:15,-,-,-,-,-,-,-,-,-,-,21-DEC-18:30,-
,Heating,0.00,0.00,0.00,0.00,0.00,0.00,0.00,0.00,0.00,0.00,0.00,57950.38,0.00
,Cooling,0.00,0.00,0.00,0.00,0.00,0.00,0.00,0.00,0.00,0.00,0.00,0.00,0.00
,Interior Lighting,6407.45,0.00,0.00,0.00,0.00,0.00,0.00,0.00,0.00,0.00,0.00,0.00,0.00
,Exterior Lighting,0.00,0.00,0.00,0.00,0.00,0.00,0.00,0.00,0.00,0.00,0.00,0.00,0.00
,Interior Equipment,20720.80,0.00,0.00,0.00,0.00,0.00,0.00,0.00,0.00,0.00,0.00,0.00,0.00
,Exterior Equipment,0.00,0.00,0.00,0.00,0.00,0.00,0.00,0.00,0.00,0.00,0.00,0.00,0.00
,Fans,0.00,0.00,0.00,0.00,0.00,0.00,0.00,0.00,0.00,0.00,0.00,0.00,0.00
,Pumps,0.00,0.00,0.00,0.00,0.00,0.00,0.00,0.00,0.00,0.00,0.00,0.00,0.00
,Heat Rejection,0.00,0.00,0.00,0.00,0.00,0.00,0.00,0.00,0.00,0.00,0.00,0.00,0.00
,Humidification,0.00,0.00,0.00,0.00,0.00,0.00,0.00,0.00,0.00,0.00,0.00,0.00,0.00
,Heat Recovery,0.00,0.00,0.00,0.00,0.00,0.00,0.00,0.00,0.00,0.00,0.00,0.00,0.00
,Water Systems,0.00,0.00,0.00,0.00,0.00,0.00,0.00,0.00,0.00,0.00,0.00,0.00,0.00
,Refrigeration,0.00,0.00,0.00,0.00,0.00,0.00,0.00,0.00,0.00,0.00,0.00,0.00,0.00
,Generators,0.00,0.00,0.00,0.00,0.00,0.00,0.00,0.00,0.00,0.00,0.00,0.00,0.00
,,,,,,,,,,,,,,
,Total End Uses,27128.25,0.00,0.00,0.00,0.00,0.00,0.00,0.00,0.00,0.00,0.00,57950.38,0.00


End Uses By Subcategory

,,Subcategory,Electricity [W],Natural Gas [W],Gasoline [W],Diesel [W],Coal [W],Fuel Oil No 1 [W],Fuel Oil No 2 [W],Propane [W],Other Fuel 1 [W],Other Fuel 2 [W],District Cooling [W],District Heating [W],Water [m3/s]
,Heating,General,0.00,0.00,0.00,0.00,0.00,0.00,0.00,0.00,0.00,0.00,0.00,57950.38,0.00
,Cooling,General,0.00,0.00,0.00,0.00,0.00,0.00,0.00,0.00,0.00,0.00,0.00,0.00,0.00
,Interior Lighting,General,6407.45,0.00,0.00,0.00,0.00,0.00,0.00,0.00,0.00,0.00,0.00,0.00,0.00
,Exterior Lighting,General,0.00,0.00,0.00,0.00,0.00,0.00,0.00,0.00,0.00,0.00,0.00,0.00,0.00
,Interior Equipment,General,20720.80,0.00,0.00,0.00,0.00,0.00,0.00,0.00,0.00,0.00,0.00,0.00,0.00
,Exterior Equipment,General,0.00,0.00,0.00,0.00,0.00,0.00,0.00,0.00,0.00,0.00,0.00,0.00,0.00
,Fans,Ventilation (simple),0.00,0.00,0.00,0.00,0.00,0.00,0.00,0.00,0.00,0.00,0.00,0.00,0.00
,Pumps,General,0.00,0.00,0.00,0.00,0.00,0.00,0.00,0.00,0.00,0.00,0.00,0.00,0.00
,Heat Rejection,General,0.00,0.00,0.00,0.00,0.00,0.00,0.00,0.00,0.00,0.00,0.00,0.00,0.00
,Humidification,General,0.00,0.00,0.00,0.00,0.00,0.00,0.00,0.00,0.00,0.00,0.00,0.00,0.00
,Heat Recovery,General,0.00,0.00,0.00,0.00,0.00,0.00,0.00,0.00,0.00,0.00,0.00,0.00,0.00
,Water Systems,General,0.00,0.00,0.00,0.00,0.00,0.00,0.00,0.00,0.00,0.00,0.00,0.00,0.00
,Refrigeration,General,0.00,0.00,0.00,0.00,0.00,0.00,0.00,0.00,0.00,0.00,0.00,0.00,0.00
,Generators,General,0.00,0.00,0.00,0.00,0.00,0.00,0.00,0.00,0.00,0.00,0.00,0.00,0.00


----------------------------------------------------------------------------------------------------
REPORT:,Source Energy End Use Components Summary
FOR:,Entire Facility
Values gathered over      8760.00 hours

Source Energy End Use Components Summary

,,Source Electricity [kWh],Source Natural Gas [kWh],Source Gasoline [kWh],Source Diesel [kWh],Source Coal [kWh],Source Fuel Oil No 1 [kWh],Source Fuel Oil No 2 [kWh],Source Propane [kWh],Source Other Fuel 1 [kWh],Source Other Fuel 2 [kWh],Source District Cooling [kWh],Source District Heating [kWh]
,Heating,0.00,0.00,0.00,0.00,0.00,0.00,0.00,0.00,0.00,0.00,0.00,585405.70
,Cooling,0.00,0.00,0.00,0.00,0.00,0.00,0.00,0.00,0.00,0.00,0.00,0.00
,Interior Lighting,88880.65,0.00,0.00,0.00,0.00,0.00,0.00,0.00,0.00,0.00,0.00,0.00
,Exterior Lighting,0.00,0.00,0.00,0.00,0.00,0.00,0.00,0.00,0.00,0.00,0.00,0.00
,Interior Equipment,174042.72,0.00,0.00,0.00,0.00,0.00,0.00,0.00,0.00,0.00,0.00,0.00
,Exterior Equipment,0.00,0.00,0.00,0.00,0.00,0.00,0.00,0.00,0.00,0.00,0.00,0.00
,Fans,0.00,0.00,0.00,0.00,0.00,0.00,0.00,0.00,0.00,0.00,0.00,0.00
,Pumps,0.00,0.00,0.00,0.00,0.00,0.00,0.00,0.00,0.00,0.00,0.00,0.00
,Heat Rejection,0.00,0.00,0.00,0.00,0.00,0.00,0.00,0.00,0.00,0.00,0.00,0.00
,Humidification,0.00,0.00,0.00,0.00,0.00,0.00,0.00,0.00,0.00,0.00,0.00,0.00
,Heat Recovery,0.00,0.00,0.00,0.00,0.00,0.00,0.00,0.00,0.00,0.00,0.00,0.00
,Water Systems,0.00,0.00,0.00,0.00,0.00,0.00,0.00,0.00,0.00,0.00,0.00,0.00
,Refrigeration,0.00,0.00,0.00,0.00,0.00,0.00,0.00,0.00,0.00,0.00,0.00,0.00
,Generators,0.00,0.00,0.00,0.00,0.00,0.00,0.00,0.00,0.00,0.00,0.00,0.00
,,,,,,,,,,,,,
,Total Source Energy End Use Components,262923.36,0.00,0.00,0.00,0.00,0.00,0.00,0.00,0.00,0.00,0.00,585405.70


Normalized Metrics
Source Energy End Use Components Per Conditioned Floor Area

,,Source Electricity [kWh/m2],Source Natural Gas [kWh/m2],Source Gasoline [kWh/m2],Source Diesel [kWh/m2],Source Coal [kWh/m2],Source Fuel Oil No 1 [kWh/m2],Source Fuel Oil No 2 [kWh/m2],Source Propane [kWh/m2],Source Other Fuel 1 [kWh/m2],Source Other Fuel 2 [kWh/m2],Source District Cooling [kWh/m2],Source District Heating [kWh/m2]
,Heating,0.00,0.00,0.00,0.00,0.00,0.00,0.00,0.00,0.00,0.00,0.00,210.76
,Cooling,0.00,0.00,0.00,0.00,0.00,0.00,0.00,0.00,0.00,0.00,0.00,0.00
,Interior Lighting,32.00,0.00,0.00,0.00,0.00,0.00,0.00,0.00,0.00,0.00,0.00,0.00
,Exterior Lighting,0.00,0.00,0.00,0.00,0.00,0.00,0.00,0.00,0.00,0.00,0.00,0.00
,Interior Equipment,62.66,0.00,0.00,0.00,0.00,0.00,0.00,0.00,0.00,0.00,0.00,0.00
,Exterior Equipment,0.00,0.00,0.00,0.00,0.00,0.00,0.00,0.00,0.00,0.00,0.00,0.00
,Fans,0.00,0.00,0.00,0.00,0.00,0.00,0.00,0.00,0.00,0.00,0.00,0.00
,Pumps,0.00,0.00,0.00,0.00,0.00,0.00,0.00,0.00,0.00,0.00,0.00,0.00
,Heat Rejection,0.00,0.00,0.00,0.00,0.00,0.00,0.00,0.00,0.00,0.00,0.00,0.00
,Humidification,0.00,0.00,0.00,0.00,0.00,0.00,0.00,0.00,0.00,0.00,0.00,0.00
,Heat Recovery,0.00,0.00,0.00,0.00,0.00,0.00,0.00,0.00,0.00,0.00,0.00,0.00
,Water Systems,0.00,0.00,0.00,0.00,0.00,0.00,0.00,0.00,0.00,0.00,0.00,0.00
,Refrigeration,0.00,0.00,0.00,0.00,0.00,0.00,0.00,0.00,0.00,0.00,0.00,0.00
,Generators,0.00,0.00,0.00,0.00,0.00,0.00,0.00,0.00,0.00,0.00,0.00,0.00
,,,,,,,,,,,,,
,Total Source Energy End Use Components,94.66,0.00,0.00,0.00,0.00,0.00,0.00,0.00,0.00,0.00,0.00,210.76


Source Energy End Use Components Per Total Floor Area

,,Source Electricity [kWh/m2],Source Natural Gas [kWh/m2],Source Gasoline [kWh/m2],Source Diesel [kWh/m2],Source Coal [kWh/m2],Source Fuel Oil No 1 [kWh/m2],Source Fuel Oil No 2 [kWh/m2],Source Propane [kWh/m2],Source Other Fuel 1 [kWh/m2],Source Other Fuel 2 [kWh/m2],Source District Cooling [kWh/m2],Source District Heating [kWh/m2]
,Heating,0.00,0.00,0.00,0.00,0.00,0.00,0.00,0.00,0.00,0.00,0.00,210.76
,Cooling,0.00,0.00,0.00,0.00,0.00,0.00,0.00,0.00,0.00,0.00,0.00,0.00
,Interior Lighting,32.00,0.00,0.00,0.00,0.00,0.00,0.00,0.00,0.00,0.00,0.00,0.00
,Exterior Lighting,0.00,0.00,0.00,0.00,0.00,0.00,0.00,0.00,0.00,0.00,0.00,0.00
,Interior Equipment,62.66,0.00,0.00,0.00,0.00,0.00,0.00,0.00,0.00,0.00,0.00,0.00
,Exterior Equipment,0.00,0.00,0.00,0.00,0.00,0.00,0.00,0.00,0.00,0.00,0.00,0.00
,Fans,0.00,0.00,0.00,0.00,0.00,0.00,0.00,0.00,0.00,0.00,0.00,0.00
,Pumps,0.00,0.00,0.00,0.00,0.00,0.00,0.00,0.00,0.00,0.00,0.00,0.00
,Heat Rejection,0.00,0.00,0.00,0.00,0.00,0.00,0.00,0.00,0.00,0.00,0.00,0.00
,Humidification,0.00,0.00,0.00,0.00,0.00,0.00,0.00,0.00,0.00,0.00,0.00,0.00
,Heat Recovery,0.00,0.00,0.00,0.00,0.00,0.00,0.00,0.00,0.00,0.00,0.00,0.00
,Water Systems,0.00,0.00,0.00,0.00,0.00,0.00,0.00,0.00,0.00,0.00,0.00,0.00
,Refrigeration,0.00,0.00,0.00,0.00,0.00,0.00,0.00,0.00,0.00,0.00,0.00,0.00
,Generators,0.00,0.00,0.00,0.00,0.00,0.00,0.00,0.00,0.00,0.00,0.00,0.00
,,,,,,,,,,,,,
,Total Source Energy End Use Components,94.66,0.00,0.00,0.00,0.00,0.00,0.00,0.00,0.00,0.00,0.00,210.76


----------------------------------------------------------------------------------------------------
REPORT:,Component Sizing Summary
FOR:,Entire Facility
ZoneHVAC:IdealLoadsAirSystem

,,User-Specified Maximum Heating Air Flow Rate [m3/s],Design Size Maximum Cooling Air Flow Rate [m3/s]
,00MLRNOVNCEHFFCBB9J$NK IDEAL LOADS AIR SYSTEM,0.000000,0.058968
,0ELTW7UM9DRURZ_FYFNE9W IDEAL LOADS AIR SYSTEM,0.000000,0.271589
,0W6NU5BRTFIQXXYMM6ILGS IDEAL LOADS AIR SYSTEM,0.000000,0.024646
,0DIFK5T49139$QBDUCK5A9 IDEAL LOADS AIR SYSTEM,0.000000,0.037044
,0U2ZPLRHTCUWK3$YRPCZEO IDEAL LOADS AIR SYSTEM,0.000000,0.147194
,0WLDSRXY1FH9RF4WA6QEKV IDEAL LOADS AIR SYSTEM,0.000000,0.089862
,0ZWU9FOWRDWURARHO69T83 IDEAL LOADS AIR SYSTEM,0.000000,0.039226
,11GHF5W0N9AGOUOXD7SXZM IDEAL LOADS AIR SYSTEM,0.000000,0.145551
,17KSY6ZZ5APQ0YJPQBAX_U IDEAL LOADS AIR SYSTEM,0.000000,0.402326
,18PU3GE41D_BHP0U$GRITO IDEAL LOADS AIR SYSTEM,0.000000,0.019113
,1BNZZOW0D8K8AGXDQ4F75V IDEAL LOADS AIR SYSTEM,0.000000,0.118363
,1CXQ0W4HL71FQ21BMWHLFZ IDEAL LOADS AIR SYSTEM,0.000000,0.019853
,1DR$EUE41E8ECWOYLIJLIT IDEAL LOADS AIR SYSTEM,0.000000,12530.98
,1EYECQGPZ09F9SE6JGR55M IDEAL LOADS AIR SYSTEM,0.000000,0.273775
,1GOZB5TBH738163NLUZBQX IDEAL LOADS AIR SYSTEM,0.000000,0.582803
,1HQZA3HET1GRLTQSI138OL IDEAL LOADS AIR SYSTEM,0.000000,0.024471
,1KWP7HSZR8YOJWZQWUXCGM IDEAL LOADS AIR SYSTEM,0.000000,0.024211
,1PWTN7AMJ3OEWPOHZO42NJ IDEAL LOADS AIR SYSTEM,0.000000,0.236694
,1Y2RJHKTHCLXJ0TUUV9K_Z IDEAL LOADS AIR SYSTEM,0.000000,1.26
,1_FGE0TIZCTRJEYZDX5WYJ IDEAL LOADS AIR SYSTEM,0.000000,2.35
,1ADVKLHC9ALU8GQYFXFWE4 IDEAL LOADS AIR SYSTEM,0.000000,0.072066
,1IAFH_A0X4BU_FFXOZPTRL IDEAL LOADS AIR SYSTEM,0.000000,0.217389
,1JORQKBDN4ZXPNFOKGQGP_ IDEAL LOADS AIR SYSTEM,0.000000,0.014852
,1LXCTPB4NESE3Q6XK6HAD5 IDEAL LOADS AIR SYSTEM,0.000000,0.156443
,1NYUQ381R1JGTXA1VKFRZV IDEAL LOADS AIR SYSTEM,0.000000,0.146656
,1RW1JYHZV1QBSFHPLSLVZZ IDEAL LOADS AIR SYSTEM,0.000000,0.811966
,1SIISADAJ75P2K126BOPWI IDEAL LOADS AIR SYSTEM,0.000000,0.016575
,1TFYORFFD5ZX4NAJ0W62KG IDEAL LOADS AIR SYSTEM,0.000000,0.347319
,1WCNWD8FVEXXE6Q3YNDNHJ IDEAL LOADS AIR SYSTEM,0.000000,0.035240
,1Y_DAPZEF9MXUPESN29HKY IDEAL LOADS AIR SYSTEM,0.000000,0.502601
,24CJFLTRXBVFTECKJLT5IU IDEAL LOADS AIR SYSTEM,0.000000,0.055921
,2CXRC190XAZUMHRLJ12ZWO IDEAL LOADS AIR SYSTEM,0.000000,0.338221
,2CBLUG4K90AFS0ULISW57$ IDEAL LOADS AIR SYSTEM,0.000000,0.119250
,2DDCZNH4P35P17ZZP0MC27 IDEAL LOADS AIR SYSTEM,0.000000,0.477210
,2DZYGNKTN3YUE2CQZ7IH3G IDEAL LOADS AIR SYSTEM,0.000000,0.003169
,2JPUAUJGVCL8GZFYDEN0QZ IDEAL LOADS AIR SYSTEM,0.000000,0.155028
,2KFJ4GAD59TRGS$KUMPVKX IDEAL LOADS AIR SYSTEM,0.000000,0.003110
,2KRQOVE1T90WWGJURUVFGY IDEAL LOADS AIR SYSTEM,0.000000,0.126609
,2N5PAWURB9UXWMW6VZHKG2 IDEAL LOADS AIR SYSTEM,0.000000,0.274429
,2U0_9NBFJ5W9HBM3YSNCGZ IDEAL LOADS AIR SYSTEM,0.000000,53211.58
,2WTW_5TS12BQVVPNZ4RTZ8 IDEAL LOADS AIR SYSTEM,0.000000,0.019882
,2X$RF$7GLFZECF00IG4ZFJ IDEAL LOADS AIR SYSTEM,0.000000,0.019897
,2Y6L$OYX55CULKWGZVG76X IDEAL LOADS AIR SYSTEM,0.000000,0.001846
,2YUBHDOS5EZHT591INO2JZ IDEAL LOADS AIR SYSTEM,0.000000,0.332304
,2_MZMMWYJ2X8L5ZTTWFZQ9 IDEAL LOADS AIR SYSTEM,0.000000,0.001851
,2K9O3QILF0AQFA6KKU5HXP IDEAL LOADS AIR SYSTEM,0.000000,0.119114
,2SQQMDRC5FSAM7Q4HEYPCN IDEAL LOADS AIR SYSTEM,0.000000,0.125617
,2UN5ECZKNBEXTUKMCA5OFF IDEAL LOADS AIR SYSTEM,0.000000,0.023557
,2V9V9EITTC7UB9LUIJAJSI IDEAL LOADS AIR SYSTEM,0.000000,0.144452
,303QW7ZF996EKWJLTQOLOB IDEAL LOADS AIR SYSTEM,0.000000,0.023640
,38IMUKOGP559RZQPTQORMP IDEAL LOADS AIR SYSTEM,0.000000,0.035092
,3M_8BSRUT9JPFPUQGPEDOA IDEAL LOADS AIR SYSTEM,0.000000,0.092853
,3TJLMIJ$97RELEO_9TS0SD IDEAL LOADS AIR SYSTEM,0.000000,0.019962
,3W$07STZF4SGATGZXH6RH7 IDEAL LOADS AIR SYSTEM,0.000000,0.195543
,3WTGYEGFV57XESUBLIN6UZ IDEAL LOADS AIR SYSTEM,0.000000,0.155150
,3XETEHPLX2FBMDLVKG9RNX IDEAL LOADS AIR SYSTEM,0.000000,0.210564
,3DYLJPHWXB1VOWY5LPQ8_2 IDEAL LOADS AIR SYSTEM,0.000000,0.293629
,3G0CEO8QRFGPRRO9HYEX7V IDEAL LOADS AIR SYSTEM,0.000000,0.055921
,3LJWLADQX638QBR_BXHA$C IDEAL LOADS AIR SYSTEM,0.000000,0.547462
User-Specified values were used. Design Size values were used if no User-Specified values were provided.


----------------------------------------------------------------------------------------------------
REPORT:,Surface Shadowing Summary
FOR:,Entire Facility
Surfaces (Walls, Roofs, etc) that may be Shadowed by Other Surfaces

,,Possible Shadow Receivers
,3SO36T67L62GY0K3LBCDAW,27IE3TPDL6VQPPVS3YN8AO | 1WGKQNAV93EE8IHZDWYKYC | 2OE292LYT32XM4$PGGH6WK | 0HMFTO3DP3BPPXPRFC6FIT |
,0XFBL31LNFLHHPB5WRWN5B,0P2FPNGTB0XOKXAANAY8$J | 0K35PS3W9DRRNFSNG3NEE0 | 1QNJA$WIF1GUV_1NNTFGR1 | 2DSCG0YV18RBEEHW8DS12P |
,2EGGRSD6NCGGS4NKC2JCLJ,0P2FPNGTB0XOKXAANAY8$J | 2DSCG0YV18RBEEHW8DS12P |
,37O1UWXHLEYQJHTKZAU2G1,27IE3TPDL6VQPPVS3YN8AO | 0HMFTO3DP3BPPXPRFC6FIT |
,1QOI1JVS56TGDWNLTJTSY2,0P2FPNGTB0XOKXAANAY8$J | 1WGKQNAV93EE8IHZDWYKYC | 2OE292LYT32XM4$PGGH6WK | 2DSCG0YV18RBEEHW8DS12P |
,2LERYUTXX5XGNGZ8VUQZ$M,0P2FPNGTB0XOKXAANAY8$J | 1WGKQNAV93EE8IHZDWYKYC | 2OE292LYT32XM4$PGGH6WK | 0HMFTO3DP3BPPXPRFC6FIT | 2DSCG0YV18RBEEHW8DS12P |
,3RL300MHTA4ON4DTIL6MKD,0P2FPNGTB0XOKXAANAY8$J | 0K35PS3W9DRRNFSNG3NEE0 | 1QNJA$WIF1GUV_1NNTFGR1 | 2DSCG0YV18RBEEHW8DS12P |
,2BCWYAOVPFVGNDSOH$6CZO,0P2FPNGTB0XOKXAANAY8$J | 27IE3TPDL6VQPPVS3YN8AO | 1WGKQNAV93EE8IHZDWYKYC | 0K35PS3W9DRRNFSNG3NEE0 | 2OE292LYT32XM4$PGGH6WK | 1QNJA$WIF1GUV_1NNTFGR1 | 0HMFTO3DP3BPPXPRFC6FIT | 2DSCG0YV18RBEEHW8DS12P |
,2RB8NQLVNEPBCPLAAWFCY0,27IE3TPDL6VQPPVS3YN8AO | 0K35PS3W9DRRNFSNG3NEE0 | 1QNJA$WIF1GUV_1NNTFGR1 | 0HMFTO3DP3BPPXPRFC6FIT |
,2LRXPEF3H9CVRG4LXEAB4L,27IE3TPDL6VQPPVS3YN8AO | 0K35PS3W9DRRNFSNG3NEE0 | 1QNJA$WIF1GUV_1NNTFGR1 | 0HMFTO3DP3BPPXPRFC6FIT |
,0AWIQFK6J2DABOJH$NKS2N,0P2FPNGTB0XOKXAANAY8$J | 1WGKQNAV93EE8IHZDWYKYC | 2OE292LYT32XM4$PGGH6WK | 2DSCG0YV18RBEEHW8DS12P |
,1LZAUZ8T59U9LAHG5QVBYR,0P2FPNGTB0XOKXAANAY8$J | 27IE3TPDL6VQPPVS3YN8AO | 0K35PS3W9DRRNFSNG3NEE0 | 1QNJA$WIF1GUV_1NNTFGR1 | 0HMFTO3DP3BPPXPRFC6FIT | 2DSCG0YV18RBEEHW8DS12P |
,0P2FPNGTB0XOKXAANAY8$J,0HMFTO3DP3BPPXPRFC6FIT |
,2V7HCCIZX4MQAPTDIZUE6T,0P2FPNGTB0XOKXAANAY8$J | 2DSCG0YV18RBEEHW8DS12P |
,3LG_IURXN2QXOLX8XKD3XA,27IE3TPDL6VQPPVS3YN8AO | 0HMFTO3DP3BPPXPRFC6FIT |
,1A7VUEJIL1M8O0VUCWCROI,27IE3TPDL6VQPPVS3YN8AO | 0HMFTO3DP3BPPXPRFC6FIT |
,1UCRPUCGTDI8S4$GRMQLBN,0P2FPNGTB0XOKXAANAY8$J | 2DSCG0YV18RBEEHW8DS12P |
,2ZXYTHW4Z4TBQJ8PXONBPW,27IE3TPDL6VQPPVS3YN8AO | 1WGKQNAV93EE8IHZDWYKYC | 2OE292LYT32XM4$PGGH6WK | 0HMFTO3DP3BPPXPRFC6FIT |
,1JRWGNFEH2S8JJ7JAS3P3E,27IE3TPDL6VQPPVS3YN8AO | 0K35PS3W9DRRNFSNG3NEE0 | 1QNJA$WIF1GUV_1NNTFGR1 | 0HMFTO3DP3BPPXPRFC6FIT |
,2DZKXUSINBOOHKCNPGV9VZ,27IE3TPDL6VQPPVS3YN8AO | 0K35PS3W9DRRNFSNG3NEE0 | 1QNJA$WIF1GUV_1NNTFGR1 | 0HMFTO3DP3BPPXPRFC6FIT |
,3ZFUOZAPXABQ0KA3MFULOR,0P2FPNGTB0XOKXAANAY8$J | 1WGKQNAV93EE8IHZDWYKYC | 2OE292LYT32XM4$PGGH6WK | 2DSCG0YV18RBEEHW8DS12P |
,31$3BB5EXD9VFN4Y0$JLR7,0P2FPNGTB0XOKXAANAY8$J | 0K35PS3W9DRRNFSNG3NEE0 | 1QNJA$WIF1GUV_1NNTFGR1 | 2DSCG0YV18RBEEHW8DS12P |
,2OJIZLCJX5N977Q5QMKHOE,0P2FPNGTB0XOKXAANAY8$J | 1WGKQNAV93EE8IHZDWYKYC | 2OE292LYT32XM4$PGGH6WK | 2DSCG0YV18RBEEHW8DS12P |
,04KMKLH7RAVPKAQEFOTHHB,0P2FPNGTB0XOKXAANAY8$J | 2DSCG0YV18RBEEHW8DS12P |
,3EG1R9E8L7FW6$OJL3Q4WX,27IE3TPDL6VQPPVS3YN8AO | 0K35PS3W9DRRNFSNG3NEE0 | 1QNJA$WIF1GUV_1NNTFGR1 | 0HMFTO3DP3BPPXPRFC6FIT |
,3JP4DZOYT7APSV9VKWB$AN,0P2FPNGTB0XOKXAANAY8$J | 1WGKQNAV93EE8IHZDWYKYC | 2OE292LYT32XM4$PGGH6WK | 2DSCG0YV18RBEEHW8DS12P |
,3EVS9Y$HJBGBFNC4HUG0$D,27IE3TPDL6VQPPVS3YN8AO | 1WGKQNAV93EE8IHZDWYKYC | 2OE292LYT32XM4$PGGH6WK | 0HMFTO3DP3BPPXPRFC6FIT |
,3JQNJU1DR8OEVQ19PQ4XH_,27IE3TPDL6VQPPVS3YN8AO | 0K35PS3W9DRRNFSNG3NEE0 | 1QNJA$WIF1GUV_1NNTFGR1 | 0HMFTO3DP3BPPXPRFC6FIT |
,1I0VTDT1X3ABMVMS8PV3IJ,0P2FPNGTB0XOKXAANAY8$J | 1WGKQNAV93EE8IHZDWYKYC | 2OE292LYT32XM4$PGGH6WK | 2DSCG0YV18RBEEHW8DS12P |
,3GHXIZP7REW8OOXKL5RXWZ,27IE3TPDL6VQPPVS3YN8AO | 0HMFTO3DP3BPPXPRFC6FIT |
,3_QACBESX68PPDRK2OGLRZ,27IE3TPDL6VQPPVS3YN8AO | 0HMFTO3DP3BPPXPRFC6FIT |
,2UD91AXOR2DW8YWFWQJJSI,0P2FPNGTB0XOKXAANAY8$J | 0K35PS3W9DRRNFSNG3NEE0 | 1QNJA$WIF1GUV_1NNTFGR1 | 2DSCG0YV18RBEEHW8DS12P |
,3LH0VSESB0VWTI6J6DMWM4,0P2FPNGTB0XOKXAANAY8$J | 27IE3TPDL6VQPPVS3YN8AO | 1WGKQNAV93EE8IHZDWYKYC | 2OE292LYT32XM4$PGGH6WK | 0HMFTO3DP3BPPXPRFC6FIT |
,0HMFTO3DP3BPPXPRFC6FIT,0P2FPNGTB0XOKXAANAY8$J |


Subsurfaces (Windows and Doors) that may be Shadowed by Surfaces

,,Possible Shadow Receivers
,0SFMTTC9T1NVUGFIFDHXC5,0_AEZEI0R8AUR0DFZILKEB |
,2GF06UWBXFXOY$WFHREUGD,3$XSFJKUT7CXEWASZGNVGM |
,0JXHPWPWJ4IQETJZLHCRR0,0L0AHSIXFBSX_MBFL1P4FQ |
,051_YLSRXC_9AKHS2$WJOF,3JYVYN8N10WELBNML1SC_L |
,3H2HQSQKV4NG3MSUFJ6X1F,3PXNUPHGT4IBNHUZ4ZE2_M |
,2KRCXCQVBFBX1MMOKJLPKX,274J5BTANFMENFKHHK_4XT |
,26_$HPFTLBOQ3XZGUV5X91,2DNL5P9F94TROQWJ2D0SIH |
,0M$GR$GXT9AR2WH5LC0HYW,3UXGKYIEB96HTKB$QLVUPZ |
,2M2UBVK4TFPEW8HOJ46QOO,0MLVXK9AN6YVK_SNUHIKCM |
,15U1LEEJ10AVUALCIUGWMP,3XHJNJPDFBSWHTZFYOEPWO |
,1QYZUC2EJERG4XO1TTYIKX,2DPKG8B1X0LX81EVRLSF6V |
,1ROMIXJ0J638NLFYBRCD3$,1GA12U2ETFHO3XPZAMGRRU |
,0LR_FF7WP9JBVNGSOHKYFB,2F6D16NDFCLE93OW_7XVQB |
,0X0CKA0Z9A5XAMHRA8EFBY,1C$QVMIGDCCXIZJ3WIARX8 |
,3C6WGT5KVAPROMVHPYG1IL,1NJ4K8IJLCDXUWVM$DTCFP |
,1UZOKUFAJ9Z9L8U4URCDZ3,3XCJ8AASNBFOBNAK7UHT2U |
,1DAXRXCFX5BUHCN25DG7PP,2UNG4GNOXFR8TXMUJORYAY |
,3SANQ2RUF1OOL_0FEQC_ZI,3KYMUXVQPAKQNH84N$CMP9 |
,1PHGL47Q9DKVMOP6INW9X_,3FAOPX3$R2VH$Y_JJB$IVL |
,31_MZ6GVDCMBNYR2YN8JAG,0X5FFQUYP70UTCVYGOGRUT |
,2YUWNAY5H7_UIVERPTXZXS,3JWZMVT1VF4UHZN8A0ROC7 |
,2TROSKYCT8SGMXTHT93OTD,2OCP1LLAL8GXFBVTDGUSAQ |
,3BRBKMJ5N64QV4Q668WGHJ,382GBHDAN3Y8CWWPI4T4PP |
,1QCJ4VANF3XXRTKZS69QUP,0IDRVQ7PL7QH7EGPJUQZJO |
,21CAMMXJ17QWPVF0ZLOJOP,29SHQRTSJDPEFTO5ONGDUP |
,1IKQTBRNF69FUOJN86B3KC,3UIUKWZMXFDXHBBH7Z18I$ |
,3XMVQ98PL8E8XAR9I$KRBO,3AEIZFWBLCGXIUAVEYEW52 |
,24BO1CKOF0WAWFEWOJCU7A,0AAY655HL7LFCY3UL4TTMM |
,0B2LG9S_R8HBFAXT7J7WZ9,2CVHJH$GNDQH0EDCR$LA2A |
,0PWVDPNMN3MVD4UHSGAQQ3,3NKWY56GTFLUEJ6CYXCHRP |
,2TSDSGZHV0X9KIAGYNRYVC,3DLIGC11Z2UPZFF7IS2K1G |
,01WQ65N6B12PFGARPEVNNU,1TVRUYUONBCGJIXXDIMT_0 |
,2OKJ3ZLBV5YG5ZFN43EN7I,3ZHZMKYQHAPGDVS1U_ABKF |
,3OMT4HEOTFCURMHC0O0KGN,1HG0MWOX987UHJ2V_0AKGK |
,3SULL$HCTEWXMODQ77WMOY,3LGHLLXMB2$BPABIBB4$CZ |
,0RMBRPDCFE7PM2IYM8VAX8,1U9I3UKMNFIQBJERWUXR77 |
,0EQTELV199YQTX8UL3ZY$R,3EWLOHWA56NHFJ5HC5LUSQ |
,2FE4UIBA94CQTUP8DQ$B_S,3C1CEFJMJCEA3F77MQP0T7 |
,1USJG4B9H4H9_HA1U2WZCP,2SIC4MMQN3MXYMUQJRIL4O |
,0S9TNBY$D78GGJGQBN2VP7,0EQAFN04F5PBO92Q8BK8DW |
,2SDC3STU92JBWKHDXDBU5E,3PY1HWDGJ679QBAVJFS1PZ |
,1LFDMWARR6YOHC8FBWJEKS,3JGY3AM8D4UXR_JZED4MMS |
,3SEZ2NEGV8ZXLSIZMBY2SW,2SJB3ZTKFC19X$AGQHS_CC |
,3B7RX82DF1DWTVSAXBHSUO,1QIIEIWUX7FHY70S5RDSKW |
,17JBKW4IJ3_GU1XJCFRBEU,2UBGOXXPJ2ZHCXWUTEKSX_ |
,36RFHGHVR708D7_1JIJARN,2WA8AKJCD4OFPMP$H0VLUN |
,1L5SLBE$J9GEBUJWOZANER,26BCYQN4P7OASZ46BFNSGE |


----------------------------------------------------------------------------------------------------
REPORT:,Adaptive Comfort Summary
FOR:,Entire Facility
Time Not Meeting the Adaptive Comfort Models during Occupied Hours

,,ASHRAE55 90% Acceptability Limits [Hours],ASHRAE55 80% Acceptability Limits  [Hours],CEN15251 Category I Acceptability Limits [Hours],CEN15251 Category II Acceptability Limits [Hours],CEN15251 Category III Acceptability Limits [Hours]


----------------------------------------------------------------------------------------------------
REPORT:,Initialization Summary
FOR:,Entire Facility
Version

,,Version ID
,1,9.4


Timesteps per Hour

,,#TimeSteps,Minutes per TimeStep {minutes}
,1,4,15


System Convergence Limits

,,Minimum System TimeStep {minutes},Max HVAC Iterations,Minimum Plant Iterations,Maximum Plant Iterations
,1,1,20,2,8


Simulation Control

,,Do Zone Sizing,Do System Sizing,Do Plant Sizing,Do Design Days,Do Weather Simulation,Do HVAC Sizing Simulation
,1,No,Yes,No,Yes,Yes,No


Performance Precision Tradeoffs

,,Use Coil Direct Simulation,Zone Radiant Exchange Algorithm,Override Mode,Number of Timestep In Hour,Force Euler Method,Minimum Number of Warmup Days,Force Suppress All Begin Environment Resets,Minimum System Timestep,MaxZoneTempDiff,MaxAllowedDelTemp
,1,No,ScriptF,Normal,4,No,1,No,1.0,0.300,2.0000E-003


Output Reporting Tolerances

,,Tolerance for Time Heating Setpoint Not Met,Tolerance for Zone Cooling Setpoint Not Met Time
,1,0.200,0.200


Site:GroundTemperature:BuildingSurface

,,Jan{C},Feb{C},Mar{C},Apr{C},May{C},Jun{C},Jul{C},Aug{C},Sep{C},Oct{C},Nov{C},Dec{C}
,1,13.00,13.00,13.00,13.00,13.00,13.00,13.00,13.00,13.00,13.00,13.00,13.00


Site:GroundTemperature:FCfactorMethod

,,Jan{C},Feb{C},Mar{C},Apr{C},May{C},Jun{C},Jul{C},Aug{C},Sep{C},Oct{C},Nov{C},Dec{C}
,1,3.10,2.46,3.61,5.41,10.11,13.75,16.20,16.94,15.67,12.85,9.08,5.58


Site:GroundTemperature:Shallow

,,Jan{C},Feb{C},Mar{C},Apr{C},May{C},Jun{C},Jul{C},Aug{C},Sep{C},Oct{C},Nov{C},Dec{C}
,1,13.00,13.00,13.00,13.00,13.00,13.00,13.00,13.00,13.00,13.00,13.00,13.00


Site:GroundTemperature:Deep

,,Jan{C},Feb{C},Mar{C},Apr{C},May{C},Jun{C},Jul{C},Aug{C},Sep{C},Oct{C},Nov{C},Dec{C}
,1,16.00,16.00,16.00,16.00,16.00,16.00,16.00,16.00,16.00,16.00,16.00,16.00


Site:GroundReflectance

,,Jan{dimensionless},Feb{dimensionless},Mar{dimensionless},Apr{dimensionless},May{dimensionless},Jun{dimensionless},Jul{dimensionless},Aug{dimensionless},Sep{dimensionless},Oct{dimensionless},Nov{dimensionless},Dec{dimensionless}
,1,0.20,0.20,0.20,0.20,0.20,0.20,0.20,0.20,0.20,0.20,0.20,0.20


Site:GroundReflectance:SnowModifier

,,Normal,Daylighting {dimensionless}
,1,1.000,1.000


Site:GroundReflectance:Snow

,,Jan{dimensionless},Feb{dimensionless},Mar{dimensionless},Apr{dimensionless},May{dimensionless},Jun{dimensionless},Jul{dimensionless},Aug{dimensionless},Sep{dimensionless},Oct{dimensionless},Nov{dimensionless},Dec{dimensionless}
,1,0.20,0.20,0.20,0.20,0.20,0.20,0.20,0.20,0.20,0.20,0.20,0.20


Site:GroundReflectance:Snow:Daylighting

,,Jan{dimensionless},Feb{dimensionless},Mar{dimensionless},Apr{dimensionless},May{dimensionless},Jun{dimensionless},Jul{dimensionless},Aug{dimensionless},Sep{dimensionless},Oct{dimensionless},Nov{dimensionless},Dec{dimensionless}
,1,0.20,0.20,0.20,0.20,0.20,0.20,0.20,0.20,0.20,0.20,0.20,0.20


Environment:Weather Station

,,Wind Sensor Height Above Ground {m},Wind Speed Profile Exponent {},Wind Speed Profile Boundary Layer Thickness {m},Air Temperature Sensor Height Above Ground {m},Wind Speed Modifier Coefficient-Internal,Temperature Modifier Coefficient-Internal
,1,10.000,0.140,270.000,1.500,1.586,9.750E-003


Site:Location

,,Location Name,Latitude {N+/S- Deg},Longitude {E+/W- Deg},Time Zone Number {GMT+/-},Elevation {m},Standard Pressure at Elevation {Pa},Standard RhoAir at Elevation
,1,Aachen NW DEU ISD-TMYx WMO#=105010,50.80,6.02,1.00,232.00,98569,1.1715


Site Water Mains Temperature Information

,,Calculation Method{},Water Mains Temperature Schedule Name{},Annual Average Outdoor Air Temperature{C},Maximum Difference In Monthly Average Outdoor Air Temperatures{deltaC},Fixed Default Water Mains Temperature{C}
,1,FixedDefault,NA,NA,NA,10.0


Building Information

,,Building Name,North Axis {deg},Terrain,Loads Convergence Tolerance Value,Temperature Convergence Tolerance Value,Solar Distribution,Maximum Number of Warmup Days,Minimum Number of Warmup Days
,1,None,0.000,Suburbs,4.00000E-002,0.40000,FullExterior,25,6


Inside Convection Algorithm

,,Algorithm {Simple
,,TARP
,,CeilingDiffuser
,,AdaptiveConvectionAlgorithm}
,1,TARP


Outside Convection Algorithm

,,Algorithm {SimpleCombined
,,TARP
,,MoWitt
,,DOE-2
,,AdaptiveConvectionAlgorithm}
,1,DOE-2


Sky Radiance Distribution

,,Value {Anisotropic}
,1,Anisotropic


Zone Air Solution Algorithm

,,Value {ThirdOrderBackwardDifference
,,AnalyticalSolution
,,EulerMethod}
,1,ThirdOrderBackwardDifference


Zone Air Carbon Dioxide Balance Simulation

,,Simulation {Yes/No},Carbon Dioxide Concentration
,1,No,N/A


Zone Air Generic Contaminant Balance Simulation

,,Simulation {Yes/No},Generic Contaminant Concentration
,1,No,N/A


Zone Air Mass Flow Balance Simulation

,,Enforce Mass Balance,Adjust Zone Mixing,Adjust Zone Infiltration {AddInfiltration,Infiltration Zones {MixingSourceZonesOnly
,,,,AdjustInfiltration,AllZones}
,,,,None},
,1,No,N/A,N/A,N/A


HVACSystemRootFindingAlgorithm

,,Value {RegulaFalsi
,,Bisection
,,BisectionThenRegulaFalsi
,,RegulaFalsiThenBisection}
,1,RegulaFalsi


Environment:Site Atmospheric Variation

,,Wind Speed Profile Exponent {},Wind Speed Profile Boundary Layer Thickness {m},Air Temperature Gradient Coefficient {K/m}
,1,0.220,370.000,6.500000E-003


Surface Geometry

,,Starting Corner,Vertex Input Direction,Coordinate System,Daylight Reference Point Coordinate System,Rectangular (Simple) Surface Coordinate System
,1,UpperLeftCorner,Counterclockwise,WorldCoordinateSystem,RelativeCoordinateSystem,RelativeToZoneOrigin


Surface Heat Transfer Algorithm

,,Value {CTF - ConductionTransferFunction,Inside Surface Max Temperature Limit{C},Surface Convection Coefficient Lower Limit {W/m2-K},Surface Convection Coefficient Upper Limit {W/m2-K}
,,EMPD - MoisturePenetrationDepthConductionTransferFunction,,,
,,CondFD - ConductionFiniteDifference,,,
,,HAMT - CombinedHeatAndMoistureFiniteElement} - Description,,,
,1,CTF - ConductionTransferFunction,200,0.10,1000.0


Shading Summary

,,Number of Fixed Detached Shades,Number of Building Detached Shades,Number of Attached Shades
,1,0,0,0


Zone Summary

,,Number of Zones,Number of Zone Surfaces,Number of SubSurfaces
,1,59,1696,179


Zone Information

,,Zone Name,North Axis {deg},Origin X-Coordinate {m},Origin Y-Coordinate {m},Origin Z-Coordinate {m},Centroid X-Coordinate {m},Centroid Y-Coordinate {m},Centroid Z-Coordinate {m},Type,Zone Multiplier,Zone List Multiplier,Minimum X {m},Maximum X {m},Minimum Y {m},Maximum Y {m},Minimum Z {m},Maximum Z {m},Ceiling Height {m},Volume {m3},Zone Inside Convection Algorithm {Simple-Detailed-CeilingDiffuser-TrombeWall},Zone Outside Convection Algorithm {Simple-Detailed-Tarp-MoWitt-DOE-2-BLAST},Floor Area {m2},Exterior Gross Wall Area {m2},Exterior Net Wall Area {m2},Exterior Window Area {m2},Number of Surfaces,Number of SubSurfaces,Number of Shading SubSurfaces,Part of Total Building Area
,1,00MLRNOVNCEHFFCBB9J$NK,0.0,0.00,0.00,0.00,45.50,24.46,-1.87,1,1,1,42.13,48.88,22.50,26.43,-3.37,-0.37,3.00,79.48,TARP,DOE-2,26.49,20.25,20.25,0.00,6,1,0,Yes
,2,0ELTW7UM9DRURZ_FYFNE9W,0.0,0.00,0.00,0.00,59.49,9.88,5.65,1,1,1,56.08,62.91,7.13,12.63,3.90,7.40,3.50,131.71,TARP,DOE-2,37.64,23.94,15.32,8.61,8,2,0,Yes
,3,0W6NU5BRTFIQXXYMM6ILGS,0.0,0.00,0.00,0.00,60.89,21.00,-1.87,1,1,1,58.90,62.88,19.70,22.30,-3.37,-0.37,3.00,31.01,TARP,DOE-2,10.34,7.28,7.28,0.00,10,1,0,Yes
,4,0DIFK5T49139$QBDUCK5A9,0.0,0.00,0.00,0.00,17.50,24.52,-1.79,1,1,1,14.13,20.88,22.50,26.43,-3.27,-0.37,2.90,76.83,TARP,DOE-2,26.49,30.21,30.21,0.00,10,1,0,Yes
,5,0U2ZPLRHTCUWK3$YRPCZEO,0.0,0.00,0.00,0.00,59.51,23.76,1.75,1,1,1,56.08,62.93,21.05,26.48,0.00,3.50,3.50,130.12,TARP,DOE-2,37.17,23.97,15.36,8.61,12,2,0,Yes
,6,0WLDSRXY1FH9RF4WA6QEKV,0.0,0.00,0.00,0.00,16.83,17.58,2.00,1,1,1,14.13,20.88,14.13,19.50,-3.37,7.40,5.60,205.47,TARP,DOE-2,36.71,22.29,22.29,0.00,82,7,0,Yes
,7,0ZWU9FOWRDWURARHO69T83,0.0,0.00,0.00,0.00,59.50,24.52,-1.83,1,1,1,56.13,62.88,22.50,26.43,-3.37,-0.37,3.00,79.48,TARP,DOE-2,26.49,31.28,31.28,0.00,10,1,0,Yes
,8,11GHF5W0N9AGOUOXD7SXZM,0.0,0.00,0.00,0.00,52.49,23.77,1.75,1,1,1,49.08,55.93,21.05,26.48,0.00,3.50,3.50,130.12,TARP,DOE-2,37.17,23.97,15.36,8.61,11,2,0,Yes
,9,17KSY6ZZ5APQ0YJPQBAX_U,0.0,0.00,0.00,0.00,66.22,12.71,1.75,1,1,1,63.13,69.88,7.13,18.10,0.00,3.50,3.50,259.28,TARP,DOE-2,74.08,62.04,47.71,14.33,19,3,0,Yes
,10,18PU3GE41D_BHP0U$GRITO,0.0,0.00,0.00,0.00,66.50,18.89,1.72,1,1,1,63.13,69.88,18.30,19.48,0.00,3.50,3.50,27.76,TARP,DOE-2,7.93,4.11,4.11,0.00,11,1,0,Yes
,11,1BNZZOW0D8K8AGXDQ4F75V,0.0,0.00,0.00,0.00,38.50,20.96,-1.87,1,1,1,18.30,58.70,19.70,22.30,-3.37,-0.37,3.00,315.12,TARP,DOE-2,105.04,0.00,0.00,0.00,28,13,0,Yes
,12,1CXQ0W4HL71FQ21BMWHLFZ,0.0,0.00,0.00,0.00,23.71,17.14,5.55,1,1,1,21.44,26.53,16.28,18.13,3.90,7.40,3.50,32.10,TARP,DOE-2,9.17,0.00,0.00,0.00,37,1,0,Yes
,13,1DR$EUE41E8ECWOYLIJLIT,0.0,0.00,0.00,0.00,58.88,16.87,2.00,1,1,1,57.88,59.88,15.53,18.10,-3.37,7.40,10.77,55.47,TARP,DOE-2,5.15,0.00,0.00,0.00,24,3,0,Yes
,14,1EYECQGPZ09F9SE6JGR55M,0.0,0.00,0.00,0.00,24.50,9.88,5.65,1,1,1,21.08,27.93,7.13,12.63,3.90,7.40,3.50,131.92,TARP,DOE-2,37.70,23.98,15.36,8.61,8,2,0,Yes
,15,1GOZB5TBH738163NLUZBQX,0.0,0.00,0.00,0.00,35.00,9.88,5.65,1,1,1,28.08,41.93,7.13,12.63,3.90,7.40,3.50,266.73,TARP,DOE-2,76.22,48.48,31.25,17.23,10,4,0,Yes
,16,1HQZA3HET1GRLTQSI138OL,0.0,0.00,0.00,0.00,23.64,18.15,1.64,1,1,1,21.44,26.55,16.88,19.58,0.00,3.50,3.50,46.75,TARP,DOE-2,13.36,0.00,0.00,0.00,56,1,0,Yes
,17,1KWP7HSZR8YOJWZQWUXCGM,0.0,0.00,0.00,0.00,53.41,18.16,1.62,1,1,1,50.48,55.56,16.88,19.58,0.00,3.50,3.50,46.61,TARP,DOE-2,13.30,0.00,0.00,0.00,60,1,0,Yes
,18,1PWTN7AMJ3OEWPOHZO42NJ,0.0,0.00,0.00,0.00,10.53,23.78,5.65,1,1,1,7.13,13.93,21.08,26.48,3.90,7.40,3.50,128.52,TARP,DOE-2,36.72,42.70,28.37,14.33,9,3,0,Yes
,19,1Y2RJHKTHCLXJ0TUUV9K_Z,0.0,0.00,0.00,0.00,10.82,15.46,1.75,1,1,1,7.13,13.88,12.78,18.10,0.00,3.50,3.50,125.74,TARP,DOE-2,35.92,18.63,18.63,0.00,19,2,0,Yes
,20,1_FGE0TIZCTRJEYZDX5WYJ,0.0,0.00,0.00,0.00,38.19,16.30,3.70,1,1,1,7.13,69.88,7.12,26.48,0.00,7.65,3.91,2648.77,TARP,DOE-2,672.68,129.13,94.68,34.45,361,48,0,Yes
,21,1ADVKLHC9ALU8GQYFXFWE4,0.0,0.00,0.00,0.00,35.00,24.46,-1.87,1,1,1,28.13,41.88,22.50,26.43,-3.37,-0.37,3.00,161.91,TARP,DOE-2,53.97,41.25,41.25,0.00,6,1,0,Yes
,22,1IAFH_A0X4BU_FFXOZPTRL,0.0,0.00,0.00,0.00,66.48,23.78,5.65,1,1,1,63.08,69.88,21.08,26.48,3.90,7.40,3.50,128.52,TARP,DOE-2,36.72,42.70,28.37,14.33,9,3,0,Yes
,23,1JORQKBDN4ZXPNFOKGQGP_,0.0,0.00,0.00,0.00,16.11,21.00,-1.87,1,1,1,14.13,18.10,19.70,22.30,-3.37,-0.37,3.00,31.01,TARP,DOE-2,10.34,7.28,7.28,0.00,11,1,0,Yes
,24,1LXCTPB4NESE3Q6XK6HAD5,0.0,0.00,0.00,0.00,59.50,23.78,5.65,1,1,1,56.08,62.93,21.08,26.48,3.90,7.40,3.50,129.46,TARP,DOE-2,36.99,23.97,15.36,8.61,8,2,0,Yes
,25,1NYUQ381R1JGTXA1VKFRZV,0.0,0.00,0.00,0.00,17.49,23.76,1.75,1,1,1,14.08,20.93,21.05,26.48,0.00,3.50,3.50,130.12,TARP,DOE-2,37.17,23.98,15.36,8.61,12,2,0,Yes
,26,1RW1JYHZV1QBSFHPLSLVZZ,0.0,0.00,0.00,0.00,17.50,9.90,1.75,1,1,1,7.13,27.93,7.13,12.63,0.00,3.50,3.50,400.58,TARP,DOE-2,114.46,92.06,60.51,31.55,18,6,0,Yes
,27,1SIISADAJ75P2K126BOPWI,0.0,0.00,0.00,0.00,10.60,18.89,1.72,1,1,1,7.13,13.88,18.30,19.48,0.00,3.50,3.50,27.76,TARP,DOE-2,7.93,4.11,4.11,0.00,15,1,0,Yes
,28,1TFYORFFD5ZX4NAJ0W62KG,0.0,0.00,0.00,0.00,10.53,9.88,5.65,1,1,1,7.13,13.93,7.13,12.63,3.90,7.40,3.50,130.96,TARP,DOE-2,37.42,43.06,28.73,14.33,9,3,0,Yes
,29,1WCNWD8FVEXXE6Q3YNDNHJ,0.0,0.00,0.00,0.00,52.50,24.46,-1.87,1,1,1,49.13,55.88,22.50,26.43,-3.37,-0.37,3.00,79.48,TARP,DOE-2,26.49,20.25,20.25,0.00,6,1,0,Yes
,30,1Y_DAPZEF9MXUPESN29HKY,0.0,0.00,0.00,0.00,38.50,23.78,5.65,1,1,1,28.08,48.93,21.08,26.48,3.90,7.40,3.50,394.07,TARP,DOE-2,112.59,72.98,47.14,25.84,12,5,0,Yes
,31,24CJFLTRXBVFTECKJLT5IU,0.0,0.00,0.00,0.00,45.50,16.80,8.06,1,1,1,42.13,48.88,14.13,19.48,7.97,8.15,0.18,6.50,TARP,DOE-2,36.11,4.36,4.36,0.00,6,0,0,Yes
,32,2CXRC190XAZUMHRLJ12ZWO,0.0,0.00,0.00,0.00,38.50,16.66,-0.19,1,1,1,17.13,59.88,14.13,19.50,-3.37,7.40,3.64,751.20,TARP,DOE-2,206.37,119.70,119.70,0.00,125,3,0,Yes
,33,2CBLUG4K90AFS0ULISW57$,0.0,0.00,0.00,0.00,67.18,14.75,5.65,1,1,1,64.48,69.88,12.78,16.73,3.90,7.40,3.50,74.61,TARP,DOE-2,21.31,13.81,11.00,2.81,8,2,0,Yes
,34,2DDCZNH4P35P17ZZP0MC27,0.0,0.00,0.00,0.00,38.48,23.78,1.75,1,1,1,28.08,48.93,21.05,26.48,0.00,3.50,3.50,396.07,TARP,DOE-2,113.15,72.98,47.14,25.84,16,5,0,Yes
,35,2DZYGNKTN3YUE2CQZ7IH3G,0.0,0.00,0.00,0.00,55.75,17.53,5.60,1,1,1,55.63,55.88,15.48,19.58,3.90,7.40,3.50,3.59,TARP,DOE-2,1.03,0.00,0.00,0.00,16,0,0,Yes
,36,2JPUAUJGVCL8GZFYDEN0QZ,0.0,0.00,0.00,0.00,52.50,23.78,5.65,1,1,1,49.08,55.93,21.08,26.48,3.90,7.40,3.50,129.46,TARP,DOE-2,36.99,23.97,15.36,8.61,8,2,0,Yes
,37,2KFJ4GAD59TRGS$KUMPVKX,0.0,0.00,0.00,0.00,21.25,16.08,5.60,1,1,1,21.13,21.38,14.03,18.13,3.90,7.40,3.50,3.59,TARP,DOE-2,1.03,0.00,0.00,0.00,16,0,0,Yes
,38,2KRQOVE1T90WWGJURUVFGY,0.0,0.00,0.00,0.00,9.82,18.90,5.65,1,1,1,7.13,12.53,16.88,20.93,3.90,7.40,3.50,76.55,TARP,DOE-2,21.87,14.18,11.36,2.81,13,2,0,Yes
,39,2N5PAWURB9UXWMW6VZHKG2,0.0,0.00,0.00,0.00,17.50,9.88,5.65,1,1,1,14.08,20.93,7.13,12.63,3.90,7.40,3.50,131.92,TARP,DOE-2,37.70,23.98,15.36,8.61,8,2,0,Yes
,40,2U0_9NBFJ5W9HBM3YSNCGZ,0.0,0.00,0.00,0.00,18.13,16.87,2.00,1,1,1,17.13,19.13,15.53,18.10,-3.37,7.40,10.77,55.47,TARP,DOE-2,5.15,0.00,0.00,0.00,24,3,0,Yes
,41,2WTW_5TS12BQVVPNZ4RTZ8,0.0,0.00,0.00,0.00,53.36,18.60,5.52,1,1,1,50.48,55.56,17.73,19.58,3.90,7.40,3.50,32.14,TARP,DOE-2,9.18,0.00,0.00,0.00,31,1,0,Yes
,42,2X$RF$7GLFZECF00IG4ZFJ,0.0,0.00,0.00,0.00,23.70,15.03,5.55,1,1,1,21.44,26.53,14.03,15.88,3.90,7.40,3.50,32.13,TARP,DOE-2,9.19,0.00,0.00,0.00,32,1,0,Yes
,43,2Y6L$OYX55CULKWGZVG76X,0.0,0.00,0.00,0.00,55.75,18.22,1.68,1,1,1,55.63,55.88,16.88,19.58,0.00,3.50,3.50,2.36,TARP,DOE-2,0.68,0.00,0.00,0.00,12,0,0,Yes
,44,2YUBHDOS5EZHT591INO2JZ,0.0,0.00,0.00,0.00,66.47,9.88,5.65,1,1,1,63.06,69.88,7.13,12.63,3.90,7.40,3.50,131.18,TARP,DOE-2,37.48,43.10,28.77,14.33,10,3,0,Yes
,45,2_MZMMWYJ2X8L5ZTTWFZQ9,0.0,0.00,0.00,0.00,21.25,18.23,1.68,1,1,1,21.13,21.38,16.88,19.58,0.00,3.50,3.50,2.36,TARP,DOE-2,0.68,0.00,0.00,0.00,14,0,0,Yes
,46,2K9O3QILF0AQFA6KKU5HXP,0.0,0.00,0.00,0.00,67.18,18.90,5.65,1,1,1,64.48,69.88,16.88,20.93,3.90,7.40,3.50,76.55,TARP,DOE-2,21.87,14.18,11.36,2.81,13,2,0,Yes
,47,2SQQMDRC5FSAM7Q4HEYPCN,0.0,0.00,0.00,0.00,9.83,14.75,5.65,1,1,1,7.13,12.53,12.78,16.73,3.90,7.40,3.50,74.61,TARP,DOE-2,21.31,13.81,11.00,2.81,8,2,0,Yes
,48,2UN5ECZKNBEXTUKMCA5OFF,0.0,0.00,0.00,0.00,23.55,15.27,1.65,1,1,1,21.13,26.55,14.03,16.48,0.00,3.50,3.50,45.57,TARP,DOE-2,13.02,0.00,0.00,0.00,37,1,0,Yes
,49,2V9V9EITTC7UB9LUIJAJSI,0.0,0.00,0.00,0.00,24.49,23.77,1.75,1,1,1,21.08,27.93,21.05,26.48,0.00,3.50,3.50,130.12,TARP,DOE-2,37.17,23.98,15.36,8.61,10,2,0,Yes
,50,303QW7ZF996EKWJLTQOLOB,0.0,0.00,0.00,0.00,53.44,15.29,1.65,1,1,1,50.48,55.88,14.03,16.48,0.00,3.50,3.50,45.35,TARP,DOE-2,12.95,0.00,0.00,0.00,35,1,0,Yes
,51,38IMUKOGP559RZQPTQORMP,0.0,0.00,0.00,0.00,24.50,24.46,-1.87,1,1,1,21.13,27.88,22.50,26.43,-3.37,-0.37,3.00,79.48,TARP,DOE-2,26.49,20.25,20.25,0.00,7,1,0,Yes
,52,3M_8BSRUT9JPFPUQGPEDOA,0.0,0.00,0.00,0.00,60.16,17.55,1.97,1,1,1,56.13,62.88,14.13,19.50,-3.37,7.40,5.60,205.47,TARP,DOE-2,36.71,22.89,22.89,0.00,77,7,0,Yes
,53,3TJLMIJ$97RELEO_9TS0SD,0.0,0.00,0.00,0.00,53.36,16.43,5.52,1,1,1,50.48,55.56,15.48,17.33,3.90,7.40,3.50,32.14,TARP,DOE-2,9.18,0.00,0.00,0.00,38,1,0,Yes
,54,3W$07STZF4SGATGZXH6RH7,0.0,0.00,0.00,0.00,66.47,23.76,1.75,1,1,1,63.08,69.88,21.05,26.48,0.00,3.50,3.50,129.17,TARP,DOE-2,36.90,42.79,28.47,14.33,10,3,0,Yes
,55,3WTGYEGFV57XESUBLIN6UZ,0.0,0.00,0.00,0.00,17.50,23.77,5.65,1,1,1,14.08,20.93,21.08,26.48,3.90,7.40,3.50,129.47,TARP,DOE-2,36.99,23.98,15.36,8.61,8,2,0,Yes
,56,3XETEHPLX2FBMDLVKG9RNX,0.0,0.00,0.00,0.00,10.53,23.76,1.75,1,1,1,7.13,13.93,21.05,26.48,0.00,3.50,3.50,129.17,TARP,DOE-2,36.90,42.79,28.47,14.33,10,3,0,Yes
,57,3DYLJPHWXB1VOWY5LPQ8_2,0.0,0.00,0.00,0.00,45.50,9.88,5.65,1,1,1,42.08,48.93,7.13,12.63,3.90,7.40,3.50,131.92,TARP,DOE-2,37.70,23.97,15.36,8.61,8,2,0,Yes
,58,3G0CEO8QRFGPRRO9HYEX7V,0.0,0.00,0.00,0.00,31.50,16.80,8.06,1,1,1,28.13,34.88,14.13,19.48,7.97,8.15,0.18,6.50,TARP,DOE-2,36.11,4.36,4.36,0.00,6,0,0,Yes
,59,3LJWLADQX638QBR_BXHA$C,0.0,0.00,0.00,0.00,56.02,9.88,1.75,1,1,1,49.08,62.98,7.13,12.63,0.00,3.50,3.50,267.70,TARP,DOE-2,76.49,48.65,31.42,17.23,14,4,0,Yes


Zone Internal Gains Nominal

,,Zone Name,Floor Area {m2},# Occupants,Area per Occupant {m2/person},Occupant per Area {person/m2},Interior Lighting {W/m2},Electric Load {W/m2},Gas Load {W/m2},Other Load {W/m2},Hot Water Eq {W/m2},Steam Equipment {W/m2},Sum Loads per Area {W/m2},Outdoor Controlled Baseboard Heat
,1,00MLRNOVNCEHFFCBB9J$NK,26.49,1.9,14.000,7.143E-002,3.333,7.000,0.000,0.000,0.000,0.000,10.333,No
,2,0ELTW7UM9DRURZ_FYFNE9W,37.64,2.7,14.000,7.143E-002,3.333,7.000,0.000,0.000,0.000,0.000,10.333,No
,3,0W6NU5BRTFIQXXYMM6ILGS,10.34,0.7,14.000,7.143E-002,3.333,7.000,0.000,0.000,0.000,0.000,10.333,No
,4,0DIFK5T49139$QBDUCK5A9,26.49,0.7,40.000,2.500E-002,0.667,0.000,0.000,0.000,0.000,0.000,0.667,No
,5,0U2ZPLRHTCUWK3$YRPCZEO,37.17,2.7,14.000,7.143E-002,3.333,7.000,0.000,0.000,0.000,0.000,10.333,No
,6,0WLDSRXY1FH9RF4WA6QEKV,36.71,0.0,N/A,0.000,0.667,0.000,0.000,0.000,0.000,0.000,0.667,No
,7,0ZWU9FOWRDWURARHO69T83,26.49,0.7,40.000,2.500E-002,0.667,0.000,0.000,0.000,0.000,0.000,0.667,No
,8,11GHF5W0N9AGOUOXD7SXZM,37.17,2.7,14.000,7.143E-002,3.333,7.000,0.000,0.000,0.000,0.000,10.333,No
,9,17KSY6ZZ5APQ0YJPQBAX_U,74.08,4.9,15.000,6.667E-002,3.333,18.000,0.000,0.000,0.000,0.000,21.333,No
,10,18PU3GE41D_BHP0U$GRITO,7.93,0.0,N/A,0.000,0.667,0.000,0.000,0.000,0.000,0.000,0.667,No
,11,1BNZZOW0D8K8AGXDQ4F75V,105.04,0.0,N/A,0.000,0.667,0.000,0.000,0.000,0.000,0.000,0.667,No
,12,1CXQ0W4HL71FQ21BMWHLFZ,9.17,0.0,N/A,0.000,1.333,0.000,0.000,0.000,0.000,0.000,1.333,No
,13,1DR$EUE41E8ECWOYLIJLIT,5.15,0.1,40.000,2.500E-002,1.000,0.000,0.000,0.000,0.000,0.000,1.000,No
,14,1EYECQGPZ09F9SE6JGR55M,37.70,2.7,14.000,7.143E-002,3.333,7.000,0.000,0.000,0.000,0.000,10.333,No
,15,1GOZB5TBH738163NLUZBQX,76.22,25.4,3.000,0.333,3.333,2.000,0.000,0.000,0.000,0.000,5.333,No
,16,1HQZA3HET1GRLTQSI138OL,13.36,0.0,N/A,0.000,1.333,0.000,0.000,0.000,0.000,0.000,1.333,No
,17,1KWP7HSZR8YOJWZQWUXCGM,13.30,0.0,N/A,0.000,1.333,0.000,0.000,0.000,0.000,0.000,1.333,No
,18,1PWTN7AMJ3OEWPOHZO42NJ,36.72,2.6,14.000,7.143E-002,3.333,7.000,0.000,0.000,0.000,0.000,10.333,No
,19,1Y2RJHKTHCLXJ0TUUV9K_Z,35.92,18.0,2.000,0.500,3.333,300.000,0.000,0.000,0.000,0.000,303.333,No
,20,1_FGE0TIZCTRJEYZDX5WYJ,672.68,56.1,12.000,8.333E-002,2.000,4.000,0.000,0.000,0.000,0.000,6.000,No
,21,1ADVKLHC9ALU8GQYFXFWE4,53.97,1.3,40.000,2.500E-002,0.667,0.000,0.000,0.000,0.000,0.000,0.667,No
,22,1IAFH_A0X4BU_FFXOZPTRL,36.72,2.6,14.000,7.143E-002,3.333,7.000,0.000,0.000,0.000,0.000,10.333,No
,23,1JORQKBDN4ZXPNFOKGQGP_,10.34,0.3,40.000,2.500E-002,0.667,0.000,0.000,0.000,0.000,0.000,0.667,No
,24,1LXCTPB4NESE3Q6XK6HAD5,36.99,2.6,14.000,7.143E-002,3.333,7.000,0.000,0.000,0.000,0.000,10.333,No
,25,1NYUQ381R1JGTXA1VKFRZV,37.17,2.7,14.000,7.143E-002,3.333,7.000,0.000,0.000,0.000,0.000,10.333,No
,26,1RW1JYHZV1QBSFHPLSLVZZ,114.46,57.2,2.000,0.500,1.333,2.000,0.000,0.000,0.000,0.000,3.333,No
,27,1SIISADAJ75P2K126BOPWI,7.93,0.0,N/A,0.000,0.667,0.000,0.000,0.000,0.000,0.000,0.667,No
,28,1TFYORFFD5ZX4NAJ0W62KG,37.42,2.7,14.000,7.143E-002,3.333,7.000,0.000,0.000,0.000,0.000,10.333,No
,29,1WCNWD8FVEXXE6Q3YNDNHJ,26.49,0.7,40.000,2.500E-002,0.667,0.000,0.000,0.000,0.000,0.000,0.667,No
,30,1Y_DAPZEF9MXUPESN29HKY,112.59,11.3,10.000,0.100,3.333,10.000,0.000,0.000,0.000,0.000,13.333,No
,31,24CJFLTRXBVFTECKJLT5IU,36.11,2.6,14.000,7.143E-002,3.333,7.000,0.000,0.000,0.000,0.000,10.333,No
,32,2CXRC190XAZUMHRLJ12ZWO,206.37,5.2,40.000,2.500E-002,0.667,0.000,0.000,0.000,0.000,0.000,0.667,No
,33,2CBLUG4K90AFS0ULISW57$,21.31,7.1,3.000,0.333,3.333,2.000,0.000,0.000,0.000,0.000,5.333,No
,34,2DDCZNH4P35P17ZZP0MC27,113.15,11.3,10.000,0.100,3.333,10.000,0.000,0.000,0.000,0.000,13.333,No
,35,2DZYGNKTN3YUE2CQZ7IH3G,1.03,7.3E-002,14.000,7.143E-002,3.333,7.000,0.000,0.000,0.000,0.000,10.333,No
,36,2JPUAUJGVCL8GZFYDEN0QZ,36.99,2.6,14.000,7.143E-002,3.333,7.000,0.000,0.000,0.000,0.000,10.333,No
,37,2KFJ4GAD59TRGS$KUMPVKX,1.03,7.3E-002,14.000,7.143E-002,3.333,7.000,0.000,0.000,0.000,0.000,10.333,No
,38,2KRQOVE1T90WWGJURUVFGY,21.87,7.3,3.000,0.333,3.333,2.000,0.000,0.000,0.000,0.000,5.333,No
,39,2N5PAWURB9UXWMW6VZHKG2,37.70,2.7,14.000,7.143E-002,3.333,7.000,0.000,0.000,0.000,0.000,10.333,No
,40,2U0_9NBFJ5W9HBM3YSNCGZ,5.15,0.1,40.000,2.500E-002,1.000,0.000,0.000,0.000,0.000,0.000,1.000,No
,41,2WTW_5TS12BQVVPNZ4RTZ8,9.18,0.0,N/A,0.000,1.333,0.000,0.000,0.000,0.000,0.000,1.333,No
,42,2X$RF$7GLFZECF00IG4ZFJ,9.19,0.0,N/A,0.000,1.333,0.000,0.000,0.000,0.000,0.000,1.333,No
,43,2Y6L$OYX55CULKWGZVG76X,0.68,4.8E-002,14.000,7.143E-002,3.333,7.000,0.000,0.000,0.000,0.000,10.333,No
,44,2YUBHDOS5EZHT591INO2JZ,37.48,2.7,14.000,7.143E-002,3.333,7.000,0.000,0.000,0.000,0.000,10.333,No
,45,2_MZMMWYJ2X8L5ZTTWFZQ9,0.68,4.8E-002,14.000,7.143E-002,3.333,7.000,0.000,0.000,0.000,0.000,10.333,No
,46,2K9O3QILF0AQFA6KKU5HXP,21.87,7.3,3.000,0.333,3.333,2.000,0.000,0.000,0.000,0.000,5.333,No
,47,2SQQMDRC5FSAM7Q4HEYPCN,21.31,7.1,3.000,0.333,3.333,2.000,0.000,0.000,0.000,0.000,5.333,No
,48,2UN5ECZKNBEXTUKMCA5OFF,13.02,0.0,N/A,0.000,1.333,0.000,0.000,0.000,0.000,0.000,1.333,No
,49,2V9V9EITTC7UB9LUIJAJSI,37.17,2.7,14.000,7.143E-002,3.333,7.000,0.000,0.000,0.000,0.000,10.333,No
,50,303QW7ZF996EKWJLTQOLOB,12.95,0.0,N/A,0.000,1.333,0.000,0.000,0.000,0.000,0.000,1.333,No
,51,38IMUKOGP559RZQPTQORMP,26.49,0.7,40.000,2.500E-002,0.667,0.000,0.000,0.000,0.000,0.000,0.667,No
,52,3M_8BSRUT9JPFPUQGPEDOA,36.71,0.0,N/A,0.000,0.667,0.000,0.000,0.000,0.000,0.000,0.667,No
,53,3TJLMIJ$97RELEO_9TS0SD,9.18,0.0,N/A,0.000,1.333,0.000,0.000,0.000,0.000,0.000,1.333,No
,54,3W$07STZF4SGATGZXH6RH7,36.90,2.6,14.000,7.143E-002,3.333,7.000,0.000,0.000,0.000,0.000,10.333,No
,55,3WTGYEGFV57XESUBLIN6UZ,36.99,2.6,14.000,7.143E-002,3.333,7.000,0.000,0.000,0.000,0.000,10.333,No
,56,3XETEHPLX2FBMDLVKG9RNX,36.90,2.6,14.000,7.143E-002,3.333,7.000,0.000,0.000,0.000,0.000,10.333,No
,57,3DYLJPHWXB1VOWY5LPQ8_2,37.70,12.6,3.000,0.333,3.333,2.000,0.000,0.000,0.000,0.000,5.333,No
,58,3G0CEO8QRFGPRRO9HYEX7V,36.11,2.6,14.000,7.143E-002,3.333,7.000,0.000,0.000,0.000,0.000,10.333,No
,59,3LJWLADQX638QBR_BXHA$C,76.49,25.5,3.000,0.333,3.333,2.000,0.000,0.000,0.000,0.000,5.333,No


People Internal Gains Nominal

,,Name,Schedule Name,Zone Name,Zone Floor Area {m2},# Zone Occupants,Number of People {},People/Floor Area {person/m2},Floor Area per person {m2/person},Fraction Radiant,Fraction Convected,Sensible Fraction Calculation,Activity level,ASHRAE 55 Warnings,Carbon Dioxide Generation Rate,Nominal Minimum Number of People,Nominal Maximum Number of People
,1,00MLRNOVNCEHFFCBB9J$NK,SCHEDULE PEOPLE SINGLE OFFICE,00MLRNOVNCEHFFCBB9J$NK,26.49,1.9,1.9,7.143E-002,14.000,0.500,0.500,AutoCalculate,SCHEDULE ACTIVITY 70 WATT,No,3.8200E-008,0,2
,2,0ELTW7UM9DRURZ_FYFNE9W,SCHEDULE PEOPLE GROUP OFFICE (BETWEEN 2 AND 6 EMPLOYEES),0ELTW7UM9DRURZ_FYFNE9W,37.64,2.7,2.7,7.143E-002,14.000,0.500,0.500,AutoCalculate,SCHEDULE ACTIVITY 70 WATT,No,3.8200E-008,0,2
,3,0W6NU5BRTFIQXXYMM6ILGS,SCHEDULE PEOPLE SINGLE OFFICE,0W6NU5BRTFIQXXYMM6ILGS,10.34,0.7,0.7,7.143E-002,14.000,0.500,0.500,AutoCalculate,SCHEDULE ACTIVITY 70 WATT,No,3.8200E-008,0,1
,4,0DIFK5T49139$QBDUCK5A9,SCHEDULE PEOPLE STOCK TECHNICAL EQUIPMENT ARCHIVES,0DIFK5T49139$QBDUCK5A9,26.49,0.7,0.7,2.500E-002,40.000,0.500,0.500,AutoCalculate,SCHEDULE ACTIVITY 90 WATT,No,3.8200E-008,0,1
,5,0U2ZPLRHTCUWK3$YRPCZEO,SCHEDULE PEOPLE GROUP OFFICE (BETWEEN 2 AND 6 EMPLOYEES),0U2ZPLRHTCUWK3$YRPCZEO,37.17,2.7,2.7,7.143E-002,14.000,0.500,0.500,AutoCalculate,SCHEDULE ACTIVITY 70 WATT,No,3.8200E-008,0,2
,6,0WLDSRXY1FH9RF4WA6QEKV,SCHEDULE PEOPLE TRAFFIC AREA,0WLDSRXY1FH9RF4WA6QEKV,36.71,0.0,0.0,0.000,N/A,0.500,0.500,AutoCalculate,SCHEDULE ACTIVITY 70 WATT,No,3.8200E-008,0,0
,7,0ZWU9FOWRDWURARHO69T83,SCHEDULE PEOPLE STOCK TECHNICAL EQUIPMENT ARCHIVES,0ZWU9FOWRDWURARHO69T83,26.49,0.7,0.7,2.500E-002,40.000,0.500,0.500,AutoCalculate,SCHEDULE ACTIVITY 90 WATT,No,3.8200E-008,0,1
,8,11GHF5W0N9AGOUOXD7SXZM,SCHEDULE PEOPLE GROUP OFFICE (BETWEEN 2 AND 6 EMPLOYEES),11GHF5W0N9AGOUOXD7SXZM,37.17,2.7,2.7,7.143E-002,14.000,0.500,0.500,AutoCalculate,SCHEDULE ACTIVITY 70 WATT,No,3.8200E-008,0,2
,9,17KSY6ZZ5APQ0YJPQBAX_U,SCHEDULE PEOPLE LABORATORY,17KSY6ZZ5APQ0YJPQBAX_U,74.08,4.9,4.9,6.667E-002,15.000,0.500,0.500,AutoCalculate,SCHEDULE ACTIVITY 70 WATT,No,3.8200E-008,0,5
,10,18PU3GE41D_BHP0U$GRITO,SCHEDULE PEOPLE TRAFFIC AREA,18PU3GE41D_BHP0U$GRITO,7.93,0.0,0.0,0.000,N/A,0.500,0.500,AutoCalculate,SCHEDULE ACTIVITY 70 WATT,No,3.8200E-008,0,0
,11,1BNZZOW0D8K8AGXDQ4F75V,SCHEDULE PEOPLE TRAFFIC AREA,1BNZZOW0D8K8AGXDQ4F75V,105.04,0.0,0.0,0.000,N/A,0.500,0.500,AutoCalculate,SCHEDULE ACTIVITY 70 WATT,No,3.8200E-008,0,0
,12,1CXQ0W4HL71FQ21BMWHLFZ,SCHEDULE PEOPLE WC AND SANITARY ROOMS IN NON-RESIDENTIAL BUILDINGS,1CXQ0W4HL71FQ21BMWHLFZ,9.17,0.0,0.0,0.000,N/A,0.500,0.500,AutoCalculate,SCHEDULE ACTIVITY 70 WATT,No,3.8200E-008,0,0
,13,1DR$EUE41E8ECWOYLIJLIT,SCHEDULE PEOPLE STOREHOUSE LOGISTICS BUILDING,1DR$EUE41E8ECWOYLIJLIT,5.15,0.1,0.1,2.500E-002,40.000,0.500,0.500,AutoCalculate,SCHEDULE ACTIVITY 90 WATT,No,3.8200E-008,3E-002,0
,14,1EYECQGPZ09F9SE6JGR55M,SCHEDULE PEOPLE GROUP OFFICE (BETWEEN 2 AND 6 EMPLOYEES),1EYECQGPZ09F9SE6JGR55M,37.70,2.7,2.7,7.143E-002,14.000,0.500,0.500,AutoCalculate,SCHEDULE ACTIVITY 70 WATT,No,3.8200E-008,0,2
,15,1GOZB5TBH738163NLUZBQX,SCHEDULE PEOPLE MEETING CONFERENCE SEMINAR,1GOZB5TBH738163NLUZBQX,76.22,25.4,25.4,0.333,3.000,0.500,0.500,AutoCalculate,SCHEDULE ACTIVITY 70 WATT,No,3.8200E-008,0,20
,16,1HQZA3HET1GRLTQSI138OL,SCHEDULE PEOPLE WC AND SANITARY ROOMS IN NON-RESIDENTIAL BUILDINGS,1HQZA3HET1GRLTQSI138OL,13.36,0.0,0.0,0.000,N/A,0.500,0.500,AutoCalculate,SCHEDULE ACTIVITY 70 WATT,No,3.8200E-008,0,0
,17,1KWP7HSZR8YOJWZQWUXCGM,SCHEDULE PEOPLE WC AND SANITARY ROOMS IN NON-RESIDENTIAL BUILDINGS,1KWP7HSZR8YOJWZQWUXCGM,13.30,0.0,0.0,0.000,N/A,0.500,0.500,AutoCalculate,SCHEDULE ACTIVITY 70 WATT,No,3.8200E-008,0,0
,18,1PWTN7AMJ3OEWPOHZO42NJ,SCHEDULE PEOPLE GROUP OFFICE (BETWEEN 2 AND 6 EMPLOYEES),1PWTN7AMJ3OEWPOHZO42NJ,36.72,2.6,2.6,7.143E-002,14.000,0.500,0.500,AutoCalculate,SCHEDULE ACTIVITY 70 WATT,No,3.8200E-008,0,2
,19,1Y2RJHKTHCLXJ0TUUV9K_Z,SCHEDULE PEOPLE KITCHEN IN NON-RESIDENTIAL BUILDINGS,1Y2RJHKTHCLXJ0TUUV9K_Z,35.92,18.0,18.0,0.500,2.000,0.500,0.500,AutoCalculate,SCHEDULE ACTIVITY 70 WATT,No,3.8200E-008,0,18
,20,1_FGE0TIZCTRJEYZDX5WYJ,SCHEDULE PEOPLE MAIN HALL RECEPTION,1_FGE0TIZCTRJEYZDX5WYJ,672.68,56.1,56.1,8.333E-002,12.000,0.500,0.500,AutoCalculate,SCHEDULE ACTIVITY 70 WATT,No,3.8200E-008,0,45
,21,1ADVKLHC9ALU8GQYFXFWE4,SCHEDULE PEOPLE STOCK TECHNICAL EQUIPMENT ARCHIVES,1ADVKLHC9ALU8GQYFXFWE4,53.97,1.3,1.3,2.500E-002,40.000,0.500,0.500,AutoCalculate,SCHEDULE ACTIVITY 90 WATT,No,3.8200E-008,0,1
,22,1IAFH_A0X4BU_FFXOZPTRL,SCHEDULE PEOPLE GROUP OFFICE (BETWEEN 2 AND 6 EMPLOYEES),1IAFH_A0X4BU_FFXOZPTRL,36.72,2.6,2.6,7.143E-002,14.000,0.500,0.500,AutoCalculate,SCHEDULE ACTIVITY 70 WATT,No,3.8200E-008,0,2
,23,1JORQKBDN4ZXPNFOKGQGP_,SCHEDULE PEOPLE STOCK TECHNICAL EQUIPMENT ARCHIVES,1JORQKBDN4ZXPNFOKGQGP_,10.34,0.3,0.3,2.500E-002,40.000,0.500,0.500,AutoCalculate,SCHEDULE ACTIVITY 90 WATT,No,3.8200E-008,5E-002,0
,24,1LXCTPB4NESE3Q6XK6HAD5,SCHEDULE PEOPLE GROUP OFFICE (BETWEEN 2 AND 6 EMPLOYEES),1LXCTPB4NESE3Q6XK6HAD5,36.99,2.6,2.6,7.143E-002,14.000,0.500,0.500,AutoCalculate,SCHEDULE ACTIVITY 70 WATT,No,3.8200E-008,0,2
,25,1NYUQ381R1JGTXA1VKFRZV,SCHEDULE PEOPLE GROUP OFFICE (BETWEEN 2 AND 6 EMPLOYEES),1NYUQ381R1JGTXA1VKFRZV,37.17,2.7,2.7,7.143E-002,14.000,0.500,0.500,AutoCalculate,SCHEDULE ACTIVITY 70 WATT,No,3.8200E-008,0,2
,26,1RW1JYHZV1QBSFHPLSLVZZ,SCHEDULE PEOPLE CANTEEN,1RW1JYHZV1QBSFHPLSLVZZ,114.46,57.2,57.2,0.500,2.000,0.500,0.500,AutoCalculate,SCHEDULE ACTIVITY 70 WATT,No,3.8200E-008,0,57
,27,1SIISADAJ75P2K126BOPWI,SCHEDULE PEOPLE TRAFFIC AREA,1SIISADAJ75P2K126BOPWI,7.93,0.0,0.0,0.000,N/A,0.500,0.500,AutoCalculate,SCHEDULE ACTIVITY 70 WATT,No,3.8200E-008,0,0
,28,1TFYORFFD5ZX4NAJ0W62KG,SCHEDULE PEOPLE GROUP OFFICE (BETWEEN 2 AND 6 EMPLOYEES),1TFYORFFD5ZX4NAJ0W62KG,37.42,2.7,2.7,7.143E-002,14.000,0.500,0.500,AutoCalculate,SCHEDULE ACTIVITY 70 WATT,No,3.8200E-008,0,2
,29,1WCNWD8FVEXXE6Q3YNDNHJ,SCHEDULE PEOPLE STOCK TECHNICAL EQUIPMENT ARCHIVES,1WCNWD8FVEXXE6Q3YNDNHJ,26.49,0.7,0.7,2.500E-002,40.000,0.500,0.500,AutoCalculate,SCHEDULE ACTIVITY 90 WATT,No,3.8200E-008,0,1
,30,1Y_DAPZEF9MXUPESN29HKY,SCHEDULE PEOPLE OPEN-PLAN OFFICE (7 OR MORE EMPLOYEES),1Y_DAPZEF9MXUPESN29HKY,112.59,11.3,11.3,0.100,10.000,0.500,0.500,AutoCalculate,SCHEDULE ACTIVITY 70 WATT,No,3.8200E-008,0,9
,31,24CJFLTRXBVFTECKJLT5IU,SCHEDULE PEOPLE SINGLE OFFICE,24CJFLTRXBVFTECKJLT5IU,36.11,2.6,2.6,7.143E-002,14.000,0.500,0.500,AutoCalculate,SCHEDULE ACTIVITY 70 WATT,No,3.8200E-008,0,2
,32,2CXRC190XAZUMHRLJ12ZWO,SCHEDULE PEOPLE STOCK TECHNICAL EQUIPMENT ARCHIVES,2CXRC190XAZUMHRLJ12ZWO,206.37,5.2,5.2,2.500E-002,40.000,0.500,0.500,AutoCalculate,SCHEDULE ACTIVITY 90 WATT,No,3.8200E-008,1,5
,33,2CBLUG4K90AFS0ULISW57$,SCHEDULE PEOPLE MEETING CONFERENCE SEMINAR,2CBLUG4K90AFS0ULISW57$,21.31,7.1,7.1,0.333,3.000,0.500,0.500,AutoCalculate,SCHEDULE ACTIVITY 70 WATT,No,3.8200E-008,0,6
,34,2DDCZNH4P35P17ZZP0MC27,SCHEDULE PEOPLE OPEN-PLAN OFFICE (7 OR MORE EMPLOYEES),2DDCZNH4P35P17ZZP0MC27,113.15,11.3,11.3,0.100,10.000,0.500,0.500,AutoCalculate,SCHEDULE ACTIVITY 70 WATT,No,3.8200E-008,0,9
,35,2DZYGNKTN3YUE2CQZ7IH3G,SCHEDULE PEOPLE SINGLE OFFICE,2DZYGNKTN3YUE2CQZ7IH3G,1.03,7.3E-002,7.3E-002,7.143E-002,14.000,0.500,0.500,AutoCalculate,SCHEDULE ACTIVITY 70 WATT,No,3.8200E-008,0,6E-002
,36,2JPUAUJGVCL8GZFYDEN0QZ,SCHEDULE PEOPLE GROUP OFFICE (BETWEEN 2 AND 6 EMPLOYEES),2JPUAUJGVCL8GZFYDEN0QZ,36.99,2.6,2.6,7.143E-002,14.000,0.500,0.500,AutoCalculate,SCHEDULE ACTIVITY 70 WATT,No,3.8200E-008,0,2
,37,2KFJ4GAD59TRGS$KUMPVKX,SCHEDULE PEOPLE SINGLE OFFICE,2KFJ4GAD59TRGS$KUMPVKX,1.03,7.3E-002,7.3E-002,7.143E-002,14.000,0.500,0.500,AutoCalculate,SCHEDULE ACTIVITY 70 WATT,No,3.8200E-008,0,6E-002
,38,2KRQOVE1T90WWGJURUVFGY,SCHEDULE PEOPLE MEETING CONFERENCE SEMINAR,2KRQOVE1T90WWGJURUVFGY,21.87,7.3,7.3,0.333,3.000,0.500,0.500,AutoCalculate,SCHEDULE ACTIVITY 70 WATT,No,3.8200E-008,0,6
,39,2N5PAWURB9UXWMW6VZHKG2,SCHEDULE PEOPLE GROUP OFFICE (BETWEEN 2 AND 6 EMPLOYEES),2N5PAWURB9UXWMW6VZHKG2,37.70,2.7,2.7,7.143E-002,14.000,0.500,0.500,AutoCalculate,SCHEDULE ACTIVITY 70 WATT,No,3.8200E-008,0,2
,40,2U0_9NBFJ5W9HBM3YSNCGZ,SCHEDULE PEOPLE STOREHOUSE LOGISTICS BUILDING,2U0_9NBFJ5W9HBM3YSNCGZ,5.15,0.1,0.1,2.500E-002,40.000,0.500,0.500,AutoCalculate,SCHEDULE ACTIVITY 90 WATT,No,3.8200E-008,3E-002,0
,41,2WTW_5TS12BQVVPNZ4RTZ8,SCHEDULE PEOPLE WC AND SANITARY ROOMS IN NON-RESIDENTIAL BUILDINGS,2WTW_5TS12BQVVPNZ4RTZ8,9.18,0.0,0.0,0.000,N/A,0.500,0.500,AutoCalculate,SCHEDULE ACTIVITY 70 WATT,No,3.8200E-008,0,0
,42,2X$RF$7GLFZECF00IG4ZFJ,SCHEDULE PEOPLE WC AND SANITARY ROOMS IN NON-RESIDENTIAL BUILDINGS,2X$RF$7GLFZECF00IG4ZFJ,9.19,0.0,0.0,0.000,N/A,0.500,0.500,AutoCalculate,SCHEDULE ACTIVITY 70 WATT,No,3.8200E-008,0,0
,43,2Y6L$OYX55CULKWGZVG76X,SCHEDULE PEOPLE SINGLE OFFICE,2Y6L$OYX55CULKWGZVG76X,0.68,4.8E-002,4.8E-002,7.143E-002,14.000,0.500,0.500,AutoCalculate,SCHEDULE ACTIVITY 70 WATT,No,3.8200E-008,0,4E-002
,44,2YUBHDOS5EZHT591INO2JZ,SCHEDULE PEOPLE GROUP OFFICE (BETWEEN 2 AND 6 EMPLOYEES),2YUBHDOS5EZHT591INO2JZ,37.48,2.7,2.7,7.143E-002,14.000,0.500,0.500,AutoCalculate,SCHEDULE ACTIVITY 70 WATT,No,3.8200E-008,0,2
,45,2_MZMMWYJ2X8L5ZTTWFZQ9,SCHEDULE PEOPLE SINGLE OFFICE,2_MZMMWYJ2X8L5ZTTWFZQ9,0.68,4.8E-002,4.8E-002,7.143E-002,14.000,0.500,0.500,AutoCalculate,SCHEDULE ACTIVITY 70 WATT,No,3.8200E-008,0,4E-002
,46,2K9O3QILF0AQFA6KKU5HXP,SCHEDULE PEOPLE MEETING CONFERENCE SEMINAR,2K9O3QILF0AQFA6KKU5HXP,21.87,7.3,7.3,0.333,3.000,0.500,0.500,AutoCalculate,SCHEDULE ACTIVITY 70 WATT,No,3.8200E-008,0,6
,47,2SQQMDRC5FSAM7Q4HEYPCN,SCHEDULE PEOPLE MEETING CONFERENCE SEMINAR,2SQQMDRC5FSAM7Q4HEYPCN,21.31,7.1,7.1,0.333,3.000,0.500,0.500,AutoCalculate,SCHEDULE ACTIVITY 70 WATT,No,3.8200E-008,0,6
,48,2UN5ECZKNBEXTUKMCA5OFF,SCHEDULE PEOPLE WC AND SANITARY ROOMS IN NON-RESIDENTIAL BUILDINGS,2UN5ECZKNBEXTUKMCA5OFF,13.02,0.0,0.0,0.000,N/A,0.500,0.500,AutoCalculate,SCHEDULE ACTIVITY 70 WATT,No,3.8200E-008,0,0
,49,2V9V9EITTC7UB9LUIJAJSI,SCHEDULE PEOPLE GROUP OFFICE (BETWEEN 2 AND 6 EMPLOYEES),2V9V9EITTC7UB9LUIJAJSI,37.17,2.7,2.7,7.143E-002,14.000,0.500,0.500,AutoCalculate,SCHEDULE ACTIVITY 70 WATT,No,3.8200E-008,0,2
,50,303QW7ZF996EKWJLTQOLOB,SCHEDULE PEOPLE WC AND SANITARY ROOMS IN NON-RESIDENTIAL BUILDINGS,303QW7ZF996EKWJLTQOLOB,12.95,0.0,0.0,0.000,N/A,0.500,0.500,AutoCalculate,SCHEDULE ACTIVITY 70 WATT,No,3.8200E-008,0,0
,51,38IMUKOGP559RZQPTQORMP,SCHEDULE PEOPLE STOCK TECHNICAL EQUIPMENT ARCHIVES,38IMUKOGP559RZQPTQORMP,26.49,0.7,0.7,2.500E-002,40.000,0.500,0.500,AutoCalculate,SCHEDULE ACTIVITY 90 WATT,No,3.8200E-008,0,1
,52,3M_8BSRUT9JPFPUQGPEDOA,SCHEDULE PEOPLE TRAFFIC AREA,3M_8BSRUT9JPFPUQGPEDOA,36.71,0.0,0.0,0.000,N/A,0.500,0.500,AutoCalculate,SCHEDULE ACTIVITY 70 WATT,No,3.8200E-008,0,0
,53,3TJLMIJ$97RELEO_9TS0SD,SCHEDULE PEOPLE WC AND SANITARY ROOMS IN NON-RESIDENTIAL BUILDINGS,3TJLMIJ$97RELEO_9TS0SD,9.18,0.0,0.0,0.000,N/A,0.500,0.500,AutoCalculate,SCHEDULE ACTIVITY 70 WATT,No,3.8200E-008,0,0
,54,3W$07STZF4SGATGZXH6RH7,SCHEDULE PEOPLE GROUP OFFICE (BETWEEN 2 AND 6 EMPLOYEES),3W$07STZF4SGATGZXH6RH7,36.90,2.6,2.6,7.143E-002,14.000,0.500,0.500,AutoCalculate,SCHEDULE ACTIVITY 70 WATT,No,3.8200E-008,0,2
,55,3WTGYEGFV57XESUBLIN6UZ,SCHEDULE PEOPLE GROUP OFFICE (BETWEEN 2 AND 6 EMPLOYEES),3WTGYEGFV57XESUBLIN6UZ,36.99,2.6,2.6,7.143E-002,14.000,0.500,0.500,AutoCalculate,SCHEDULE ACTIVITY 70 WATT,No,3.8200E-008,0,2
,56,3XETEHPLX2FBMDLVKG9RNX,SCHEDULE PEOPLE GROUP OFFICE (BETWEEN 2 AND 6 EMPLOYEES),3XETEHPLX2FBMDLVKG9RNX,36.90,2.6,2.6,7.143E-002,14.000,0.500,0.500,AutoCalculate,SCHEDULE ACTIVITY 70 WATT,No,3.8200E-008,0,2
,57,3DYLJPHWXB1VOWY5LPQ8_2,SCHEDULE PEOPLE MEETING CONFERENCE SEMINAR,3DYLJPHWXB1VOWY5LPQ8_2,37.70,12.6,12.6,0.333,3.000,0.500,0.500,AutoCalculate,SCHEDULE ACTIVITY 70 WATT,No,3.8200E-008,0,10
,58,3G0CEO8QRFGPRRO9HYEX7V,SCHEDULE PEOPLE SINGLE OFFICE,3G0CEO8QRFGPRRO9HYEX7V,36.11,2.6,2.6,7.143E-002,14.000,0.500,0.500,AutoCalculate,SCHEDULE ACTIVITY 70 WATT,No,3.8200E-008,0,2
,59,3LJWLADQX638QBR_BXHA$C,SCHEDULE PEOPLE MEETING CONFERENCE SEMINAR,3LJWLADQX638QBR_BXHA$C,76.49,25.5,25.5,0.333,3.000,0.500,0.500,AutoCalculate,SCHEDULE ACTIVITY 70 WATT,No,3.8200E-008,0,20


Lights Internal Gains Nominal

,,Name,Schedule Name,Zone Name,Zone Floor Area {m2},# Zone Occupants,Lighting Level {W},Lights/Floor Area {W/m2},Lights per person {W/person},Fraction Return Air,Fraction Radiant,Fraction Short Wave,Fraction Convected,Fraction Replaceable,End-Use Category,Nominal Minimum Lighting Level {W},Nominal Maximum Lighting Level {W}
,1,00MLRNOVNCEHFFCBB9J$NK,SCHEDULE LIGHTING SINGLE OFFICE,00MLRNOVNCEHFFCBB9J$NK,26.49,1.9,88.313,3.333,46.667,0.000,0.420,0.180,0.400,1.000,General,0.000,88.313
,2,0ELTW7UM9DRURZ_FYFNE9W,SCHEDULE LIGHTING GROUP OFFICE (BETWEEN 2 AND 6 EMPLOYEES),0ELTW7UM9DRURZ_FYFNE9W,37.64,2.7,125.450,3.333,46.667,0.000,0.420,0.180,0.400,1.000,General,0.000,125.450
,3,0W6NU5BRTFIQXXYMM6ILGS,SCHEDULE LIGHTING SINGLE OFFICE,0W6NU5BRTFIQXXYMM6ILGS,10.34,0.7,34.450,3.333,46.667,0.000,0.420,0.180,0.400,1.000,General,0.000,34.450
,4,0DIFK5T49139$QBDUCK5A9,SCHEDULE LIGHTING STOCK TECHNICAL EQUIPMENT ARCHIVES,0DIFK5T49139$QBDUCK5A9,26.49,0.7,17.663,0.667,26.667,0.000,0.420,0.180,0.400,1.000,General,0.000,17.663
,5,0U2ZPLRHTCUWK3$YRPCZEO,SCHEDULE LIGHTING GROUP OFFICE (BETWEEN 2 AND 6 EMPLOYEES),0U2ZPLRHTCUWK3$YRPCZEO,37.17,2.7,123.917,3.333,46.667,0.000,0.420,0.180,0.400,1.000,General,0.000,123.917
,6,0WLDSRXY1FH9RF4WA6QEKV,SCHEDULE LIGHTING TRAFFIC AREA,0WLDSRXY1FH9RF4WA6QEKV,36.71,0.0,24.472,0.667,N/A,0.000,0.420,0.180,0.400,1.000,General,0.000,24.472
,7,0ZWU9FOWRDWURARHO69T83,SCHEDULE LIGHTING STOCK TECHNICAL EQUIPMENT ARCHIVES,0ZWU9FOWRDWURARHO69T83,26.49,0.7,17.663,0.667,26.667,0.000,0.420,0.180,0.400,1.000,General,0.000,17.663
,8,11GHF5W0N9AGOUOXD7SXZM,SCHEDULE LIGHTING GROUP OFFICE (BETWEEN 2 AND 6 EMPLOYEES),11GHF5W0N9AGOUOXD7SXZM,37.17,2.7,123.917,3.333,46.667,0.000,0.420,0.180,0.400,1.000,General,0.000,123.917
,9,17KSY6ZZ5APQ0YJPQBAX_U,SCHEDULE LIGHTING LABORATORY,17KSY6ZZ5APQ0YJPQBAX_U,74.08,4.9,246.938,3.333,50.000,0.000,0.420,0.180,0.400,1.000,General,0.000,246.938
,10,18PU3GE41D_BHP0U$GRITO,SCHEDULE LIGHTING TRAFFIC AREA,18PU3GE41D_BHP0U$GRITO,7.93,0.0,5.288,0.667,N/A,0.000,0.420,0.180,0.400,1.000,General,0.000,5.288
,11,1BNZZOW0D8K8AGXDQ4F75V,SCHEDULE LIGHTING TRAFFIC AREA,1BNZZOW0D8K8AGXDQ4F75V,105.04,0.0,70.027,0.667,N/A,0.000,0.420,0.180,0.400,1.000,General,0.000,70.027
,12,1CXQ0W4HL71FQ21BMWHLFZ,SCHEDULE LIGHTING WC AND SANITARY ROOMS IN NON-RESIDENTIAL BUILDINGS,1CXQ0W4HL71FQ21BMWHLFZ,9.17,0.0,12.229,1.333,N/A,0.000,0.420,0.180,0.400,1.000,General,0.000,12.229
,13,1DR$EUE41E8ECWOYLIJLIT,SCHEDULE LIGHTING STOREHOUSE LOGISTICS BUILDING,1DR$EUE41E8ECWOYLIJLIT,5.15,0.1,5.150,1.000,40.000,0.000,0.420,0.180,0.400,1.000,General,0.000,5.150
,14,1EYECQGPZ09F9SE6JGR55M,SCHEDULE LIGHTING GROUP OFFICE (BETWEEN 2 AND 6 EMPLOYEES),1EYECQGPZ09F9SE6JGR55M,37.70,2.7,125.652,3.333,46.667,0.000,0.420,0.180,0.400,1.000,General,0.000,125.652
,15,1GOZB5TBH738163NLUZBQX,SCHEDULE LIGHTING MEETING CONFERENCE SEMINAR,1GOZB5TBH738163NLUZBQX,76.22,25.4,254.055,3.333,10.000,0.000,0.420,0.180,0.400,1.000,General,0.000,254.055
,16,1HQZA3HET1GRLTQSI138OL,SCHEDULE LIGHTING WC AND SANITARY ROOMS IN NON-RESIDENTIAL BUILDINGS,1HQZA3HET1GRLTQSI138OL,13.36,0.0,17.819,1.333,N/A,0.000,0.420,0.180,0.400,1.000,General,0.000,17.819
,17,1KWP7HSZR8YOJWZQWUXCGM,SCHEDULE LIGHTING WC AND SANITARY ROOMS IN NON-RESIDENTIAL BUILDINGS,1KWP7HSZR8YOJWZQWUXCGM,13.30,0.0,17.729,1.333,N/A,0.000,0.420,0.180,0.400,1.000,General,0.000,17.729
,18,1PWTN7AMJ3OEWPOHZO42NJ,SCHEDULE LIGHTING GROUP OFFICE (BETWEEN 2 AND 6 EMPLOYEES),1PWTN7AMJ3OEWPOHZO42NJ,36.72,2.6,122.400,3.333,46.667,0.000,0.420,0.180,0.400,1.000,General,0.000,122.400
,19,1Y2RJHKTHCLXJ0TUUV9K_Z,SCHEDULE LIGHTING KITCHEN IN NON-RESIDENTIAL BUILDINGS,1Y2RJHKTHCLXJ0TUUV9K_Z,35.92,18.0,119.745,3.333,6.667,0.000,0.420,0.180,0.400,1.000,General,0.000,119.745
,20,1_FGE0TIZCTRJEYZDX5WYJ,SCHEDULE LIGHTING MAIN HALL RECEPTION,1_FGE0TIZCTRJEYZDX5WYJ,672.68,56.1,1345.362,2.000,24.000,0.000,0.420,0.180,0.400,1.000,General,0.000,1345.362
,21,1ADVKLHC9ALU8GQYFXFWE4,SCHEDULE LIGHTING STOCK TECHNICAL EQUIPMENT ARCHIVES,1ADVKLHC9ALU8GQYFXFWE4,53.97,1.3,35.979,0.667,26.667,0.000,0.420,0.180,0.400,1.000,General,0.000,35.979
,22,1IAFH_A0X4BU_FFXOZPTRL,SCHEDULE LIGHTING GROUP OFFICE (BETWEEN 2 AND 6 EMPLOYEES),1IAFH_A0X4BU_FFXOZPTRL,36.72,2.6,122.400,3.333,46.667,0.000,0.420,0.180,0.400,1.000,General,0.000,122.400
,23,1JORQKBDN4ZXPNFOKGQGP_,SCHEDULE LIGHTING STOCK TECHNICAL EQUIPMENT ARCHIVES,1JORQKBDN4ZXPNFOKGQGP_,10.34,0.3,6.890,0.667,26.667,0.000,0.420,0.180,0.400,1.000,General,0.000,6.890
,24,1LXCTPB4NESE3Q6XK6HAD5,SCHEDULE LIGHTING GROUP OFFICE (BETWEEN 2 AND 6 EMPLOYEES),1LXCTPB4NESE3Q6XK6HAD5,36.99,2.6,123.300,3.333,46.667,0.000,0.420,0.180,0.400,1.000,General,0.000,123.300
,25,1NYUQ381R1JGTXA1VKFRZV,SCHEDULE LIGHTING GROUP OFFICE (BETWEEN 2 AND 6 EMPLOYEES),1NYUQ381R1JGTXA1VKFRZV,37.17,2.7,123.917,3.333,46.667,0.000,0.420,0.180,0.400,1.000,General,0.000,123.917
,26,1RW1JYHZV1QBSFHPLSLVZZ,SCHEDULE LIGHTING CANTEEN,1RW1JYHZV1QBSFHPLSLVZZ,114.46,57.2,152.617,1.333,2.667,0.000,0.420,0.180,0.400,1.000,General,0.000,152.617
,27,1SIISADAJ75P2K126BOPWI,SCHEDULE LIGHTING TRAFFIC AREA,1SIISADAJ75P2K126BOPWI,7.93,0.0,5.288,0.667,N/A,0.000,0.420,0.180,0.400,1.000,General,0.000,5.288
,28,1TFYORFFD5ZX4NAJ0W62KG,SCHEDULE LIGHTING GROUP OFFICE (BETWEEN 2 AND 6 EMPLOYEES),1TFYORFFD5ZX4NAJ0W62KG,37.42,2.7,124.735,3.333,46.667,0.000,0.420,0.180,0.400,1.000,General,0.000,124.735
,29,1WCNWD8FVEXXE6Q3YNDNHJ,SCHEDULE LIGHTING STOCK TECHNICAL EQUIPMENT ARCHIVES,1WCNWD8FVEXXE6Q3YNDNHJ,26.49,0.7,17.663,0.667,26.667,0.000,0.420,0.180,0.400,1.000,General,0.000,17.663
,30,1Y_DAPZEF9MXUPESN29HKY,SCHEDULE LIGHTING OPEN-PLAN OFFICE (7 OR MORE EMPLOYEES),1Y_DAPZEF9MXUPESN29HKY,112.59,11.3,375.300,3.333,33.333,0.000,0.420,0.180,0.400,1.000,General,0.000,375.300
,31,24CJFLTRXBVFTECKJLT5IU,SCHEDULE LIGHTING SINGLE OFFICE,24CJFLTRXBVFTECKJLT5IU,36.11,2.6,120.375,3.333,46.667,0.000,0.420,0.180,0.400,1.000,General,0.000,120.375
,32,2CXRC190XAZUMHRLJ12ZWO,SCHEDULE LIGHTING STOCK TECHNICAL EQUIPMENT ARCHIVES,2CXRC190XAZUMHRLJ12ZWO,206.37,5.2,137.581,0.667,26.667,0.000,0.420,0.180,0.400,1.000,General,0.000,137.581
,33,2CBLUG4K90AFS0ULISW57$,SCHEDULE LIGHTING MEETING CONFERENCE SEMINAR,2CBLUG4K90AFS0ULISW57$,21.31,7.1,71.046,3.333,10.000,0.000,0.420,0.180,0.400,1.000,General,0.000,71.046
,34,2DDCZNH4P35P17ZZP0MC27,SCHEDULE LIGHTING OPEN-PLAN OFFICE (7 OR MORE EMPLOYEES),2DDCZNH4P35P17ZZP0MC27,113.15,11.3,377.177,3.333,33.333,0.000,0.420,0.180,0.400,1.000,General,0.000,377.177
,35,2DZYGNKTN3YUE2CQZ7IH3G,SCHEDULE LIGHTING SINGLE OFFICE,2DZYGNKTN3YUE2CQZ7IH3G,1.03,7.3E-002,3.417,3.333,46.667,0.000,0.420,0.180,0.400,1.000,General,0.000,3.417
,36,2JPUAUJGVCL8GZFYDEN0QZ,SCHEDULE LIGHTING GROUP OFFICE (BETWEEN 2 AND 6 EMPLOYEES),2JPUAUJGVCL8GZFYDEN0QZ,36.99,2.6,123.300,3.333,46.667,0.000,0.420,0.180,0.400,1.000,General,0.000,123.300
,37,2KFJ4GAD59TRGS$KUMPVKX,SCHEDULE LIGHTING SINGLE OFFICE,2KFJ4GAD59TRGS$KUMPVKX,1.03,7.3E-002,3.417,3.333,46.667,0.000,0.420,0.180,0.400,1.000,General,0.000,3.417
,38,2KRQOVE1T90WWGJURUVFGY,SCHEDULE LIGHTING MEETING CONFERENCE SEMINAR,2KRQOVE1T90WWGJURUVFGY,21.87,7.3,72.900,3.333,10.000,0.000,0.420,0.180,0.400,1.000,General,0.000,72.900
,39,2N5PAWURB9UXWMW6VZHKG2,SCHEDULE LIGHTING GROUP OFFICE (BETWEEN 2 AND 6 EMPLOYEES),2N5PAWURB9UXWMW6VZHKG2,37.70,2.7,125.652,3.333,46.667,0.000,0.420,0.180,0.400,1.000,General,0.000,125.652
,40,2U0_9NBFJ5W9HBM3YSNCGZ,SCHEDULE LIGHTING STOREHOUSE LOGISTICS BUILDING,2U0_9NBFJ5W9HBM3YSNCGZ,5.15,0.1,5.150,1.000,40.000,0.000,0.420,0.180,0.400,1.000,General,0.000,5.150
,41,2WTW_5TS12BQVVPNZ4RTZ8,SCHEDULE LIGHTING WC AND SANITARY ROOMS IN NON-RESIDENTIAL BUILDINGS,2WTW_5TS12BQVVPNZ4RTZ8,9.18,0.0,12.240,1.333,N/A,0.000,0.420,0.180,0.400,1.000,General,0.000,12.240
,42,2X$RF$7GLFZECF00IG4ZFJ,SCHEDULE LIGHTING WC AND SANITARY ROOMS IN NON-RESIDENTIAL BUILDINGS,2X$RF$7GLFZECF00IG4ZFJ,9.19,0.0,12.252,1.333,N/A,0.000,0.420,0.180,0.400,1.000,General,0.000,12.252
,43,2Y6L$OYX55CULKWGZVG76X,SCHEDULE LIGHTING SINGLE OFFICE,2Y6L$OYX55CULKWGZVG76X,0.68,4.8E-002,2.250,3.333,46.667,0.000,0.420,0.180,0.400,1.000,General,0.000,2.250
,44,2YUBHDOS5EZHT591INO2JZ,SCHEDULE LIGHTING GROUP OFFICE (BETWEEN 2 AND 6 EMPLOYEES),2YUBHDOS5EZHT591INO2JZ,37.48,2.7,124.936,3.333,46.667,0.000,0.420,0.180,0.400,1.000,General,0.000,124.936
,45,2_MZMMWYJ2X8L5ZTTWFZQ9,SCHEDULE LIGHTING SINGLE OFFICE,2_MZMMWYJ2X8L5ZTTWFZQ9,0.68,4.8E-002,2.250,3.333,46.667,0.000,0.420,0.180,0.400,1.000,General,0.000,2.250
,46,2K9O3QILF0AQFA6KKU5HXP,SCHEDULE LIGHTING MEETING CONFERENCE SEMINAR,2K9O3QILF0AQFA6KKU5HXP,21.87,7.3,72.900,3.333,10.000,0.000,0.420,0.180,0.400,1.000,General,0.000,72.900
,47,2SQQMDRC5FSAM7Q4HEYPCN,SCHEDULE LIGHTING MEETING CONFERENCE SEMINAR,2SQQMDRC5FSAM7Q4HEYPCN,21.31,7.1,71.046,3.333,10.000,0.000,0.420,0.180,0.400,1.000,General,0.000,71.046
,48,2UN5ECZKNBEXTUKMCA5OFF,SCHEDULE LIGHTING WC AND SANITARY ROOMS IN NON-RESIDENTIAL BUILDINGS,2UN5ECZKNBEXTUKMCA5OFF,13.02,0.0,17.353,1.333,N/A,0.000,0.420,0.180,0.400,1.000,General,0.000,17.353
,49,2V9V9EITTC7UB9LUIJAJSI,SCHEDULE LIGHTING GROUP OFFICE (BETWEEN 2 AND 6 EMPLOYEES),2V9V9EITTC7UB9LUIJAJSI,37.17,2.7,123.917,3.333,46.667,0.000,0.420,0.180,0.400,1.000,General,0.000,123.917
,50,303QW7ZF996EKWJLTQOLOB,SCHEDULE LIGHTING WC AND SANITARY ROOMS IN NON-RESIDENTIAL BUILDINGS,303QW7ZF996EKWJLTQOLOB,12.95,0.0,17.272,1.333,N/A,0.000,0.420,0.180,0.400,1.000,General,0.000,17.272
,51,38IMUKOGP559RZQPTQORMP,SCHEDULE LIGHTING STOCK TECHNICAL EQUIPMENT ARCHIVES,38IMUKOGP559RZQPTQORMP,26.49,0.7,17.663,0.667,26.667,0.000,0.420,0.180,0.400,1.000,General,0.000,17.663
,52,3M_8BSRUT9JPFPUQGPEDOA,SCHEDULE LIGHTING TRAFFIC AREA,3M_8BSRUT9JPFPUQGPEDOA,36.71,0.0,24.470,0.667,N/A,0.000,0.420,0.180,0.400,1.000,General,0.000,24.470
,53,3TJLMIJ$97RELEO_9TS0SD,SCHEDULE LIGHTING WC AND SANITARY ROOMS IN NON-RESIDENTIAL BUILDINGS,3TJLMIJ$97RELEO_9TS0SD,9.18,0.0,12.240,1.333,N/A,0.000,0.420,0.180,0.400,1.000,General,0.000,12.240
,54,3W$07STZF4SGATGZXH6RH7,SCHEDULE LIGHTING GROUP OFFICE (BETWEEN 2 AND 6 EMPLOYEES),3W$07STZF4SGATGZXH6RH7,36.90,2.6,123.012,3.333,46.667,0.000,0.420,0.180,0.400,1.000,General,0.000,123.012
,55,3WTGYEGFV57XESUBLIN6UZ,SCHEDULE LIGHTING GROUP OFFICE (BETWEEN 2 AND 6 EMPLOYEES),3WTGYEGFV57XESUBLIN6UZ,36.99,2.6,123.300,3.333,46.667,0.000,0.420,0.180,0.400,1.000,General,0.000,123.300
,56,3XETEHPLX2FBMDLVKG9RNX,SCHEDULE LIGHTING GROUP OFFICE (BETWEEN 2 AND 6 EMPLOYEES),3XETEHPLX2FBMDLVKG9RNX,36.90,2.6,123.012,3.333,46.667,0.000,0.420,0.180,0.400,1.000,General,0.000,123.012
,57,3DYLJPHWXB1VOWY5LPQ8_2,SCHEDULE LIGHTING MEETING CONFERENCE SEMINAR,3DYLJPHWXB1VOWY5LPQ8_2,37.70,12.6,125.652,3.333,10.000,0.000,0.420,0.180,0.400,1.000,General,0.000,125.652
,58,3G0CEO8QRFGPRRO9HYEX7V,SCHEDULE LIGHTING SINGLE OFFICE,3G0CEO8QRFGPRRO9HYEX7V,36.11,2.6,120.375,3.333,46.667,0.000,0.420,0.180,0.400,1.000,General,0.000,120.375
,59,3LJWLADQX638QBR_BXHA$C,SCHEDULE LIGHTING MEETING CONFERENCE SEMINAR,3LJWLADQX638QBR_BXHA$C,76.49,25.5,254.972,3.333,10.000,0.000,0.420,0.180,0.400,1.000,General,0.000,254.972


ElectricEquipment Internal Gains Nominal

,,Name,Schedule Name,Zone Name,Zone Floor Area {m2},# Zone Occupants,Equipment Level {W},Equipment/Floor Area {W/m2},Equipment per person {W/person},Fraction Latent,Fraction Radiant,Fraction Lost,Fraction Convected,End-Use SubCategory,Nominal Minimum Equipment Level {W},Nominal Maximum Equipment Level {W}
,1,00MLRNOVNCEHFFCBB9J$NK,SCHEDULE EQUIPMENT SINGLE OFFICE,00MLRNOVNCEHFFCBB9J$NK,26.49,1.9,185.456,7.000,98.000,0.000,0.000,0.000,1.000,General,18.546,148.365
,2,0ELTW7UM9DRURZ_FYFNE9W,SCHEDULE EQUIPMENT GROUP OFFICE (BETWEEN 2 AND 6 EMPLOYEES),0ELTW7UM9DRURZ_FYFNE9W,37.64,2.7,263.445,7.000,98.000,0.000,0.000,0.000,1.000,General,26.345,210.756
,3,0W6NU5BRTFIQXXYMM6ILGS,SCHEDULE EQUIPMENT SINGLE OFFICE,0W6NU5BRTFIQXXYMM6ILGS,10.34,0.7,72.345,7.000,98.000,0.000,0.000,0.000,1.000,General,7.235,57.876
,4,0DIFK5T49139$QBDUCK5A9,SCHEDULE EQUIPMENT STOCK TECHNICAL EQUIPMENT ARCHIVES,0DIFK5T49139$QBDUCK5A9,26.49,0.7,0.000,0.000,0.000,0.000,0.000,0.000,1.000,General,0.000,0.000
,5,0U2ZPLRHTCUWK3$YRPCZEO,SCHEDULE EQUIPMENT GROUP OFFICE (BETWEEN 2 AND 6 EMPLOYEES),0U2ZPLRHTCUWK3$YRPCZEO,37.17,2.7,260.225,7.000,98.000,0.000,0.000,0.000,1.000,General,26.022,208.180
,6,0WLDSRXY1FH9RF4WA6QEKV,SCHEDULE EQUIPMENT TRAFFIC AREA,0WLDSRXY1FH9RF4WA6QEKV,36.71,0.0,0.000,0.000,N/A,0.000,0.000,0.000,1.000,General,0.000,0.000
,7,0ZWU9FOWRDWURARHO69T83,SCHEDULE EQUIPMENT STOCK TECHNICAL EQUIPMENT ARCHIVES,0ZWU9FOWRDWURARHO69T83,26.49,0.7,0.000,0.000,0.000,0.000,0.000,0.000,1.000,General,0.000,0.000
,8,11GHF5W0N9AGOUOXD7SXZM,SCHEDULE EQUIPMENT GROUP OFFICE (BETWEEN 2 AND 6 EMPLOYEES),11GHF5W0N9AGOUOXD7SXZM,37.17,2.7,260.225,7.000,98.000,0.000,0.000,0.000,1.000,General,26.022,208.180
,9,17KSY6ZZ5APQ0YJPQBAX_U,SCHEDULE EQUIPMENT LABORATORY,17KSY6ZZ5APQ0YJPQBAX_U,74.08,4.9,1333.463,18.000,270.000,0.000,0.000,0.000,1.000,General,133.346,1333.463
,10,18PU3GE41D_BHP0U$GRITO,SCHEDULE EQUIPMENT TRAFFIC AREA,18PU3GE41D_BHP0U$GRITO,7.93,0.0,0.000,0.000,N/A,0.000,0.000,0.000,1.000,General,0.000,0.000
,11,1BNZZOW0D8K8AGXDQ4F75V,SCHEDULE EQUIPMENT TRAFFIC AREA,1BNZZOW0D8K8AGXDQ4F75V,105.04,0.0,0.000,0.000,N/A,0.000,0.000,0.000,1.000,General,0.000,0.000
,12,1CXQ0W4HL71FQ21BMWHLFZ,SCHEDULE EQUIPMENT WC AND SANITARY ROOMS IN NON-RESIDENTIAL BUILDINGS,1CXQ0W4HL71FQ21BMWHLFZ,9.17,0.0,0.000,0.000,N/A,0.000,0.000,0.000,1.000,General,0.000,0.000
,13,1DR$EUE41E8ECWOYLIJLIT,SCHEDULE EQUIPMENT STOREHOUSE LOGISTICS BUILDING,1DR$EUE41E8ECWOYLIJLIT,5.15,0.1,0.000,0.000,0.000,0.000,0.000,0.000,1.000,General,0.000,0.000
,14,1EYECQGPZ09F9SE6JGR55M,SCHEDULE EQUIPMENT GROUP OFFICE (BETWEEN 2 AND 6 EMPLOYEES),1EYECQGPZ09F9SE6JGR55M,37.70,2.7,263.869,7.000,98.000,0.000,0.000,0.000,1.000,General,26.387,211.095
,15,1GOZB5TBH738163NLUZBQX,SCHEDULE EQUIPMENT MEETING CONFERENCE SEMINAR,1GOZB5TBH738163NLUZBQX,76.22,25.4,152.433,2.000,6.000,0.000,0.000,0.000,1.000,General,15.243,152.433
,16,1HQZA3HET1GRLTQSI138OL,SCHEDULE EQUIPMENT WC AND SANITARY ROOMS IN NON-RESIDENTIAL BUILDINGS,1HQZA3HET1GRLTQSI138OL,13.36,0.0,0.000,0.000,N/A,0.000,0.000,0.000,1.000,General,0.000,0.000
,17,1KWP7HSZR8YOJWZQWUXCGM,SCHEDULE EQUIPMENT WC AND SANITARY ROOMS IN NON-RESIDENTIAL BUILDINGS,1KWP7HSZR8YOJWZQWUXCGM,13.30,0.0,0.000,0.000,N/A,0.000,0.000,0.000,1.000,General,0.000,0.000
,18,1PWTN7AMJ3OEWPOHZO42NJ,SCHEDULE EQUIPMENT GROUP OFFICE (BETWEEN 2 AND 6 EMPLOYEES),1PWTN7AMJ3OEWPOHZO42NJ,36.72,2.6,257.040,7.000,98.000,0.000,0.000,0.000,1.000,General,25.704,205.632
,19,1Y2RJHKTHCLXJ0TUUV9K_Z,SCHEDULE EQUIPMENT KITCHEN IN NON-RESIDENTIAL BUILDINGS,1Y2RJHKTHCLXJ0TUUV9K_Z,35.92,18.0,10777.050,300.000,600.000,0.000,0.000,0.000,1.000,General,1077.705,10777.050
,20,1_FGE0TIZCTRJEYZDX5WYJ,SCHEDULE EQUIPMENT MAIN HALL RECEPTION,1_FGE0TIZCTRJEYZDX5WYJ,672.68,56.1,2690.723,4.000,48.000,0.000,0.000,0.000,1.000,General,269.072,2152.579
,21,1ADVKLHC9ALU8GQYFXFWE4,SCHEDULE EQUIPMENT STOCK TECHNICAL EQUIPMENT ARCHIVES,1ADVKLHC9ALU8GQYFXFWE4,53.97,1.3,0.000,0.000,0.000,0.000,0.000,0.000,1.000,General,0.000,0.000
,22,1IAFH_A0X4BU_FFXOZPTRL,SCHEDULE EQUIPMENT GROUP OFFICE (BETWEEN 2 AND 6 EMPLOYEES),1IAFH_A0X4BU_FFXOZPTRL,36.72,2.6,257.040,7.000,98.000,0.000,0.000,0.000,1.000,General,25.704,205.632
,23,1JORQKBDN4ZXPNFOKGQGP_,SCHEDULE EQUIPMENT STOCK TECHNICAL EQUIPMENT ARCHIVES,1JORQKBDN4ZXPNFOKGQGP_,10.34,0.3,0.000,0.000,0.000,0.000,0.000,0.000,1.000,General,0.000,0.000
,24,1LXCTPB4NESE3Q6XK6HAD5,SCHEDULE EQUIPMENT GROUP OFFICE (BETWEEN 2 AND 6 EMPLOYEES),1LXCTPB4NESE3Q6XK6HAD5,36.99,2.6,258.930,7.000,98.000,0.000,0.000,0.000,1.000,General,25.893,207.144
,25,1NYUQ381R1JGTXA1VKFRZV,SCHEDULE EQUIPMENT GROUP OFFICE (BETWEEN 2 AND 6 EMPLOYEES),1NYUQ381R1JGTXA1VKFRZV,37.17,2.7,260.225,7.000,98.000,0.000,0.000,0.000,1.000,General,26.022,208.180
,26,1RW1JYHZV1QBSFHPLSLVZZ,SCHEDULE EQUIPMENT CANTEEN,1RW1JYHZV1QBSFHPLSLVZZ,114.46,57.2,228.925,2.000,4.000,0.000,0.000,0.000,1.000,General,22.892,228.925
,27,1SIISADAJ75P2K126BOPWI,SCHEDULE EQUIPMENT TRAFFIC AREA,1SIISADAJ75P2K126BOPWI,7.93,0.0,0.000,0.000,N/A,0.000,0.000,0.000,1.000,General,0.000,0.000
,28,1TFYORFFD5ZX4NAJ0W62KG,SCHEDULE EQUIPMENT GROUP OFFICE (BETWEEN 2 AND 6 EMPLOYEES),1TFYORFFD5ZX4NAJ0W62KG,37.42,2.7,261.943,7.000,98.000,0.000,0.000,0.000,1.000,General,26.194,209.554
,29,1WCNWD8FVEXXE6Q3YNDNHJ,SCHEDULE EQUIPMENT STOCK TECHNICAL EQUIPMENT ARCHIVES,1WCNWD8FVEXXE6Q3YNDNHJ,26.49,0.7,0.000,0.000,0.000,0.000,0.000,0.000,1.000,General,0.000,0.000
,30,1Y_DAPZEF9MXUPESN29HKY,SCHEDULE EQUIPMENT OPEN-PLAN OFFICE (7 OR MORE EMPLOYEES),1Y_DAPZEF9MXUPESN29HKY,112.59,11.3,1125.900,10.000,100.000,0.000,0.000,0.000,1.000,General,112.590,900.720
,31,24CJFLTRXBVFTECKJLT5IU,SCHEDULE EQUIPMENT SINGLE OFFICE,24CJFLTRXBVFTECKJLT5IU,36.11,2.6,252.788,7.000,98.000,0.000,0.000,0.000,1.000,General,25.279,202.230
,32,2CXRC190XAZUMHRLJ12ZWO,SCHEDULE EQUIPMENT STOCK TECHNICAL EQUIPMENT ARCHIVES,2CXRC190XAZUMHRLJ12ZWO,206.37,5.2,0.000,0.000,0.000,0.000,0.000,0.000,1.000,General,0.000,0.000
,33,2CBLUG4K90AFS0ULISW57$,SCHEDULE EQUIPMENT MEETING CONFERENCE SEMINAR,2CBLUG4K90AFS0ULISW57$,21.31,7.1,42.628,2.000,6.000,0.000,0.000,0.000,1.000,General,4.263,42.628
,34,2DDCZNH4P35P17ZZP0MC27,SCHEDULE EQUIPMENT OPEN-PLAN OFFICE (7 OR MORE EMPLOYEES),2DDCZNH4P35P17ZZP0MC27,113.15,11.3,1131.530,10.000,100.000,0.000,0.000,0.000,1.000,General,113.153,905.224
,35,2DZYGNKTN3YUE2CQZ7IH3G,SCHEDULE EQUIPMENT SINGLE OFFICE,2DZYGNKTN3YUE2CQZ7IH3G,1.03,7.3E-002,7.175,7.000,98.000,0.000,0.000,0.000,1.000,General,0.718,5.740
,36,2JPUAUJGVCL8GZFYDEN0QZ,SCHEDULE EQUIPMENT GROUP OFFICE (BETWEEN 2 AND 6 EMPLOYEES),2JPUAUJGVCL8GZFYDEN0QZ,36.99,2.6,258.930,7.000,98.000,0.000,0.000,0.000,1.000,General,25.893,207.144
,37,2KFJ4GAD59TRGS$KUMPVKX,SCHEDULE EQUIPMENT SINGLE OFFICE,2KFJ4GAD59TRGS$KUMPVKX,1.03,7.3E-002,7.175,7.000,98.000,0.000,0.000,0.000,1.000,General,0.718,5.740
,38,2KRQOVE1T90WWGJURUVFGY,SCHEDULE EQUIPMENT MEETING CONFERENCE SEMINAR,2KRQOVE1T90WWGJURUVFGY,21.87,7.3,43.740,2.000,6.000,0.000,0.000,0.000,1.000,General,4.374,43.740
,39,2N5PAWURB9UXWMW6VZHKG2,SCHEDULE EQUIPMENT GROUP OFFICE (BETWEEN 2 AND 6 EMPLOYEES),2N5PAWURB9UXWMW6VZHKG2,37.70,2.7,263.869,7.000,98.000,0.000,0.000,0.000,1.000,General,26.387,211.095
,40,2U0_9NBFJ5W9HBM3YSNCGZ,SCHEDULE EQUIPMENT STOREHOUSE LOGISTICS BUILDING,2U0_9NBFJ5W9HBM3YSNCGZ,5.15,0.1,0.000,0.000,0.000,0.000,0.000,0.000,1.000,General,0.000,0.000
,41,2WTW_5TS12BQVVPNZ4RTZ8,SCHEDULE EQUIPMENT WC AND SANITARY ROOMS IN NON-RESIDENTIAL BUILDINGS,2WTW_5TS12BQVVPNZ4RTZ8,9.18,0.0,0.000,0.000,N/A,0.000,0.000,0.000,1.000,General,0.000,0.000
,42,2X$RF$7GLFZECF00IG4ZFJ,SCHEDULE EQUIPMENT WC AND SANITARY ROOMS IN NON-RESIDENTIAL BUILDINGS,2X$RF$7GLFZECF00IG4ZFJ,9.19,0.0,0.000,0.000,N/A,0.000,0.000,0.000,1.000,General,0.000,0.000
,43,2Y6L$OYX55CULKWGZVG76X,SCHEDULE EQUIPMENT SINGLE OFFICE,2Y6L$OYX55CULKWGZVG76X,0.68,4.8E-002,4.725,7.000,98.000,0.000,0.000,0.000,1.000,General,0.473,3.780
,44,2YUBHDOS5EZHT591INO2JZ,SCHEDULE EQUIPMENT GROUP OFFICE (BETWEEN 2 AND 6 EMPLOYEES),2YUBHDOS5EZHT591INO2JZ,37.48,2.7,262.367,7.000,98.000,0.000,0.000,0.000,1.000,General,26.237,209.893
,45,2_MZMMWYJ2X8L5ZTTWFZQ9,SCHEDULE EQUIPMENT SINGLE OFFICE,2_MZMMWYJ2X8L5ZTTWFZQ9,0.68,4.8E-002,4.725,7.000,98.000,0.000,0.000,0.000,1.000,General,0.473,3.780
,46,2K9O3QILF0AQFA6KKU5HXP,SCHEDULE EQUIPMENT MEETING CONFERENCE SEMINAR,2K9O3QILF0AQFA6KKU5HXP,21.87,7.3,43.740,2.000,6.000,0.000,0.000,0.000,1.000,General,4.374,43.740
,47,2SQQMDRC5FSAM7Q4HEYPCN,SCHEDULE EQUIPMENT MEETING CONFERENCE SEMINAR,2SQQMDRC5FSAM7Q4HEYPCN,21.31,7.1,42.628,2.000,6.000,0.000,0.000,0.000,1.000,General,4.263,42.628
,48,2UN5ECZKNBEXTUKMCA5OFF,SCHEDULE EQUIPMENT WC AND SANITARY ROOMS IN NON-RESIDENTIAL BUILDINGS,2UN5ECZKNBEXTUKMCA5OFF,13.02,0.0,0.000,0.000,N/A,0.000,0.000,0.000,1.000,General,0.000,0.000
,49,2V9V9EITTC7UB9LUIJAJSI,SCHEDULE EQUIPMENT GROUP OFFICE (BETWEEN 2 AND 6 EMPLOYEES),2V9V9EITTC7UB9LUIJAJSI,37.17,2.7,260.225,7.000,98.000,0.000,0.000,0.000,1.000,General,26.022,208.180
,50,303QW7ZF996EKWJLTQOLOB,SCHEDULE EQUIPMENT WC AND SANITARY ROOMS IN NON-RESIDENTIAL BUILDINGS,303QW7ZF996EKWJLTQOLOB,12.95,0.0,0.000,0.000,N/A,0.000,0.000,0.000,1.000,General,0.000,0.000
,51,38IMUKOGP559RZQPTQORMP,SCHEDULE EQUIPMENT STOCK TECHNICAL EQUIPMENT ARCHIVES,38IMUKOGP559RZQPTQORMP,26.49,0.7,0.000,0.000,0.000,0.000,0.000,0.000,1.000,General,0.000,0.000
,52,3M_8BSRUT9JPFPUQGPEDOA,SCHEDULE EQUIPMENT TRAFFIC AREA,3M_8BSRUT9JPFPUQGPEDOA,36.71,0.0,0.000,0.000,N/A,0.000,0.000,0.000,1.000,General,0.000,0.000
,53,3TJLMIJ$97RELEO_9TS0SD,SCHEDULE EQUIPMENT WC AND SANITARY ROOMS IN NON-RESIDENTIAL BUILDINGS,3TJLMIJ$97RELEO_9TS0SD,9.18,0.0,0.000,0.000,N/A,0.000,0.000,0.000,1.000,General,0.000,0.000
,54,3W$07STZF4SGATGZXH6RH7,SCHEDULE EQUIPMENT GROUP OFFICE (BETWEEN 2 AND 6 EMPLOYEES),3W$07STZF4SGATGZXH6RH7,36.90,2.6,258.325,7.000,98.000,0.000,0.000,0.000,1.000,General,25.833,206.660
,55,3WTGYEGFV57XESUBLIN6UZ,SCHEDULE EQUIPMENT GROUP OFFICE (BETWEEN 2 AND 6 EMPLOYEES),3WTGYEGFV57XESUBLIN6UZ,36.99,2.6,258.930,7.000,98.000,0.000,0.000,0.000,1.000,General,25.893,207.144
,56,3XETEHPLX2FBMDLVKG9RNX,SCHEDULE EQUIPMENT GROUP OFFICE (BETWEEN 2 AND 6 EMPLOYEES),3XETEHPLX2FBMDLVKG9RNX,36.90,2.6,258.325,7.000,98.000,0.000,0.000,0.000,1.000,General,25.833,206.660
,57,3DYLJPHWXB1VOWY5LPQ8_2,SCHEDULE EQUIPMENT MEETING CONFERENCE SEMINAR,3DYLJPHWXB1VOWY5LPQ8_2,37.70,12.6,75.391,2.000,6.000,0.000,0.000,0.000,1.000,General,7.539,75.391
,58,3G0CEO8QRFGPRRO9HYEX7V,SCHEDULE EQUIPMENT SINGLE OFFICE,3G0CEO8QRFGPRRO9HYEX7V,36.11,2.6,252.788,7.000,98.000,0.000,0.000,0.000,1.000,General,25.279,202.230
,59,3LJWLADQX638QBR_BXHA$C,SCHEDULE EQUIPMENT MEETING CONFERENCE SEMINAR,3LJWLADQX638QBR_BXHA$C,76.49,25.5,152.983,2.000,6.000,0.000,0.000,0.000,1.000,General,15.298,152.983


Solar View Factor Check Values

,,Zone/Enclosure Name,Original Check Value,Calculated Fixed Check Value,Final Check Value,Number of Iterations,Fixed RowSum Convergence,Used RowSum Convergence
,1,00MLRNOVNCEHFFCBB9J$NK,8.881784E-016,9.068192E-004,9.068192E-004,9,9.068192E-004,9.068192E-004
,2,0ELTW7UM9DRURZ_FYFNE9W,1.776357E-015,6.366055E-004,6.366055E-004,12,6.366055E-004,6.366055E-004
,3,0W6NU5BRTFIQXXYMM6ILGS,0.622778,6.578157E-004,6.578157E-004,11,11.000000,6.578157E-004
,4,0DIFK5T49139$QBDUCK5A9,0.000000,7.354262E-004,7.354262E-004,11,7.354262E-004,7.354262E-004
,5,0U2ZPLRHTCUWK3$YRPCZEO,0.301956,8.096641E-004,8.096641E-004,12,14.000000,8.096641E-004
,6,0WLDSRXY1FH9RF4WA6QEKV,0.331535,7.891700E-004,7.891700E-004,10,89.000000,7.891700E-004
,7,0ZWU9FOWRDWURARHO69T83,0.000000,8.827453E-004,8.827453E-004,11,8.827453E-004,8.827453E-004
,8,11GHF5W0N9AGOUOXD7SXZM,0.301956,7.386812E-004,7.386812E-004,12,13.000000,7.386812E-004
,9,17KSY6ZZ5APQ0YJPQBAX_U,1.495411,7.906984E-004,7.906984E-004,16,22.000000,7.906984E-004
,10,18PU3GE41D_BHP0U$GRITO,0.250172,9.290989E-004,9.290989E-004,14,12.000000,9.290989E-004
,11,1BNZZOW0D8K8AGXDQ4F75V,2.314125,6.965479E-004,6.965479E-004,15,41.000000,6.965479E-004
,12,1CXQ0W4HL71FQ21BMWHLFZ,0.239646,9.094609E-004,9.094609E-004,14,38.000000,9.094609E-004
,13,1DR$EUE41E8ECWOYLIJLIT,4.618528E-014,7.011921E-004,7.011921E-004,14,7.011921E-004,7.011921E-004
,14,1EYECQGPZ09F9SE6JGR55M,0.000000,6.381001E-004,6.381001E-004,12,6.381001E-004,6.381001E-004
,15,1GOZB5TBH738163NLUZBQX,5.329071E-015,8.471666E-004,8.471666E-004,14,8.471666E-004,8.471666E-004
,16,1HQZA3HET1GRLTQSI138OL,1.182241,6.164315E-004,6.164315E-004,14,57.000000,6.164315E-004
,17,1KWP7HSZR8YOJWZQWUXCGM,1.732620,7.003733E-004,7.003733E-004,14,61.000000,7.003733E-004
,18,1PWTN7AMJ3OEWPOHZO42NJ,1.776357E-015,8.167047E-004,8.167047E-004,12,8.167047E-004,8.167047E-004
,19,1Y2RJHKTHCLXJ0TUUV9K_Z,0.894899,9.657987E-004,9.657987E-004,12,21.000000,9.657987E-004
,20,1_FGE0TIZCTRJEYZDX5WYJ,2.286737,9.011919E-004,9.011919E-004,17,409.000000,9.011918E-004
,21,1ADVKLHC9ALU8GQYFXFWE4,1.776357E-015,9.384000E-004,9.384000E-004,10,9.384000E-004,9.384000E-004
,22,1IAFH_A0X4BU_FFXOZPTRL,1.776357E-015,8.167047E-004,8.167047E-004,12,8.167047E-004,8.167047E-004
,23,1JORQKBDN4ZXPNFOKGQGP_,0.622778,9.489650E-004,9.489650E-004,10,12.000000,9.489650E-004
,24,1LXCTPB4NESE3Q6XK6HAD5,0.000000,9.790331E-004,9.790331E-004,11,9.790331E-004,9.790331E-004
,25,1NYUQ381R1JGTXA1VKFRZV,0.301956,8.096641E-004,8.096641E-004,12,14.000000,8.096641E-004
,26,1RW1JYHZV1QBSFHPLSLVZZ,1.533406,7.783939E-004,7.783939E-004,17,24.000000,7.783939E-004
,27,1SIISADAJ75P2K126BOPWI,0.250172,7.599703E-004,7.599703E-004,15,16.000000,7.599703E-004
,28,1TFYORFFD5ZX4NAJ0W62KG,7.105427E-015,8.484340E-004,8.484340E-004,12,8.484340E-004,8.484340E-004
,29,1WCNWD8FVEXXE6Q3YNDNHJ,8.881784E-016,9.068192E-004,9.068192E-004,9,9.068192E-004,9.068192E-004
,30,1Y_DAPZEF9MXUPESN29HKY,7.105427E-015,8.399958E-004,8.399958E-004,15,8.399958E-004,8.399958E-004
,31,24CJFLTRXBVFTECKJLT5IU,0.000000,6.414739E-004,6.414739E-004,12,6.414739E-004,6.414739E-004
,32,2CXRC190XAZUMHRLJ12ZWO,7.953496,7.154833E-004,7.154833E-004,14,128.000000,7.154833E-004
,33,2CBLUG4K90AFS0ULISW57$,0.000000,6.779405E-004,6.779405E-004,10,6.779405E-004,6.779405E-004
,34,2DDCZNH4P35P17ZZP0MC27,0.380868,8.847059E-004,8.847059E-004,17,21.000000,8.847059E-004
,35,2DZYGNKTN3YUE2CQZ7IH3G,0.000000,9.735221E-004,9.735221E-004,12,9.735221E-004,9.735221E-004
,36,2JPUAUJGVCL8GZFYDEN0QZ,3.552714E-015,9.790331E-004,9.790331E-004,11,9.790331E-004,9.790331E-004
,37,2KFJ4GAD59TRGS$KUMPVKX,3.552714E-015,9.735746E-004,9.735746E-004,12,9.735746E-004,9.735746E-004
,38,2KRQOVE1T90WWGJURUVFGY,1.065814E-014,7.266021E-004,7.266021E-004,11,7.266021E-004,7.266021E-004
,39,2N5PAWURB9UXWMW6VZHKG2,0.000000,6.381001E-004,6.381001E-004,12,6.381001E-004,6.381001E-004
,40,2U0_9NBFJ5W9HBM3YSNCGZ,1.065814E-014,7.011921E-004,7.011921E-004,14,7.011921E-004,7.011921E-004
,41,2WTW_5TS12BQVVPNZ4RTZ8,0.244207,8.061850E-004,8.061850E-004,14,32.000000,8.061850E-004
,42,2X$RF$7GLFZECF00IG4ZFJ,0.241782,7.275798E-004,7.275798E-004,14,33.000000,7.275798E-004
,43,2Y6L$OYX55CULKWGZVG76X,5.329071E-015,8.947083E-004,8.947083E-004,12,8.947083E-004,8.947083E-004
,44,2YUBHDOS5EZHT591INO2JZ,1.776357E-014,8.957323E-004,8.957323E-004,12,8.957323E-004,8.957323E-004
,45,2_MZMMWYJ2X8L5ZTTWFZQ9,6.330598E-002,7.212970E-004,7.212970E-004,13,14.000000,7.212970E-004
,46,2K9O3QILF0AQFA6KKU5HXP,1.421085E-014,7.266021E-004,7.266021E-004,11,7.266021E-004,7.266021E-004
,47,2SQQMDRC5FSAM7Q4HEYPCN,0.000000,6.779405E-004,6.779405E-004,10,6.779405E-004,6.779405E-004
,48,2UN5ECZKNBEXTUKMCA5OFF,1.601050,5.736297E-004,5.736297E-004,12,38.000000,5.736297E-004
,49,2V9V9EITTC7UB9LUIJAJSI,1.598721E-014,6.694934E-004,6.694934E-004,12,6.694934E-004,6.694934E-004
,50,303QW7ZF996EKWJLTQOLOB,1.308764,8.741280E-004,8.741280E-004,11,36.000000,8.741280E-004
,51,38IMUKOGP559RZQPTQORMP,3.552714E-015,7.978424E-004,7.978424E-004,10,7.978424E-004,7.978424E-004
,52,3M_8BSRUT9JPFPUQGPEDOA,0.887170,9.498048E-004,9.498048E-004,11,84.000000,9.498048E-004
,53,3TJLMIJ$97RELEO_9TS0SD,0.244207,6.789842E-004,6.789842E-004,15,39.000000,6.789842E-004
,54,3W$07STZF4SGATGZXH6RH7,0.301272,7.024218E-004,7.024218E-004,12,13.000000,7.024218E-004
,55,3WTGYEGFV57XESUBLIN6UZ,3.552714E-015,9.790331E-004,9.790331E-004,11,9.790331E-004,9.790331E-004
,56,3XETEHPLX2FBMDLVKG9RNX,0.301272,7.024218E-004,7.024218E-004,12,13.000000,7.024218E-004
,57,3DYLJPHWXB1VOWY5LPQ8_2,3.552714E-015,6.381001E-004,6.381001E-004,12,6.381001E-004,6.381001E-004
,58,3G0CEO8QRFGPRRO9HYEX7V,8.881784E-016,6.414739E-004,6.414739E-004,12,6.414739E-004,6.414739E-004
,59,3LJWLADQX638QBR_BXHA$C,1.080835,7.664751E-004,7.664751E-004,15,18.000000,7.664751E-004


Shadowing/Sun Position Calculations Annual Simulations

,,Shading Calculation Method,Shading Calculation Update Frequency Method,Shading Calculation Update Frequency {days},Maximum Figures in Shadow Overlap Calculations {},Polygon Clipping Algorithm,Pixel Counting Resolution,Sky Diffuse Modeling Algorithm,Output External Shading Calculation Results,Disable Self-Shading Within Shading Zone Groups,Disable Self-Shading From Shading Zone Groups to Other Zones
,1,PolygonClipping,Periodic,20,15000,SutherlandHodgman,512,SimpleSkyDiffuseModeling,No,No,No


Surface View Factor Check Values

,,Zone/Enclosure Name,Original Check Value,Calculated Fixed Check Value,Final Check Value,Number of Iterations,Fixed RowSum Convergence,Used RowSum Convergence
,1,00MLRNOVNCEHFFCBB9J$NK,8.881784E-016,9.068192E-004,9.068192E-004,9,9.068192E-004,9.068192E-004
,2,0ELTW7UM9DRURZ_FYFNE9W,1.776357E-015,6.366055E-004,6.366055E-004,12,6.366055E-004,6.366055E-004
,3,0W6NU5BRTFIQXXYMM6ILGS,0.622778,6.578157E-004,6.578157E-004,11,11.000000,6.578157E-004
,4,0DIFK5T49139$QBDUCK5A9,0.000000,7.354262E-004,7.354262E-004,11,7.354262E-004,7.354262E-004
,5,0U2ZPLRHTCUWK3$YRPCZEO,0.301956,8.096641E-004,8.096641E-004,12,14.000000,8.096641E-004
,6,0WLDSRXY1FH9RF4WA6QEKV,0.331535,7.891700E-004,7.891700E-004,10,89.000000,7.891700E-004
,7,0ZWU9FOWRDWURARHO69T83,0.000000,8.827453E-004,8.827453E-004,11,8.827453E-004,8.827453E-004
,8,11GHF5W0N9AGOUOXD7SXZM,0.301956,7.386812E-004,7.386812E-004,12,13.000000,7.386812E-004
,9,17KSY6ZZ5APQ0YJPQBAX_U,1.495411,7.906984E-004,7.906984E-004,16,22.000000,7.906984E-004
,10,18PU3GE41D_BHP0U$GRITO,0.250172,9.290989E-004,9.290989E-004,14,12.000000,9.290989E-004
,11,1BNZZOW0D8K8AGXDQ4F75V,2.314125,6.965479E-004,6.965479E-004,15,41.000000,6.965479E-004
,12,1CXQ0W4HL71FQ21BMWHLFZ,0.239646,9.094609E-004,9.094609E-004,14,38.000000,9.094609E-004
,13,1DR$EUE41E8ECWOYLIJLIT,4.618528E-014,7.011921E-004,7.011921E-004,14,7.011921E-004,7.011921E-004
,14,1EYECQGPZ09F9SE6JGR55M,0.000000,6.381001E-004,6.381001E-004,12,6.381001E-004,6.381001E-004
,15,1GOZB5TBH738163NLUZBQX,5.329071E-015,8.471666E-004,8.471666E-004,14,8.471666E-004,8.471666E-004
,16,1HQZA3HET1GRLTQSI138OL,1.182241,6.164315E-004,6.164315E-004,14,57.000000,6.164315E-004
,17,1KWP7HSZR8YOJWZQWUXCGM,1.732620,7.003733E-004,7.003733E-004,14,61.000000,7.003733E-004
,18,1PWTN7AMJ3OEWPOHZO42NJ,1.776357E-015,8.167047E-004,8.167047E-004,12,8.167047E-004,8.167047E-004
,19,1Y2RJHKTHCLXJ0TUUV9K_Z,0.894899,9.657987E-004,9.657987E-004,12,21.000000,9.657987E-004
,20,1_FGE0TIZCTRJEYZDX5WYJ,2.286737,9.011919E-004,9.011919E-004,17,409.000000,9.011918E-004
,21,1ADVKLHC9ALU8GQYFXFWE4,1.776357E-015,9.384000E-004,9.384000E-004,10,9.384000E-004,9.384000E-004
,22,1IAFH_A0X4BU_FFXOZPTRL,1.776357E-015,8.167047E-004,8.167047E-004,12,8.167047E-004,8.167047E-004
,23,1JORQKBDN4ZXPNFOKGQGP_,0.622778,9.489650E-004,9.489650E-004,10,12.000000,9.489650E-004
,24,1LXCTPB4NESE3Q6XK6HAD5,0.000000,9.790331E-004,9.790331E-004,11,9.790331E-004,9.790331E-004
,25,1NYUQ381R1JGTXA1VKFRZV,0.301956,8.096641E-004,8.096641E-004,12,14.000000,8.096641E-004
,26,1RW1JYHZV1QBSFHPLSLVZZ,1.533406,7.783939E-004,7.783939E-004,17,24.000000,7.783939E-004
,27,1SIISADAJ75P2K126BOPWI,0.250172,7.599703E-004,7.599703E-004,15,16.000000,7.599703E-004
,28,1TFYORFFD5ZX4NAJ0W62KG,7.105427E-015,8.484340E-004,8.484340E-004,12,8.484340E-004,8.484340E-004
,29,1WCNWD8FVEXXE6Q3YNDNHJ,8.881784E-016,9.068192E-004,9.068192E-004,9,9.068192E-004,9.068192E-004
,30,1Y_DAPZEF9MXUPESN29HKY,7.105427E-015,8.399958E-004,8.399958E-004,15,8.399958E-004,8.399958E-004
,31,24CJFLTRXBVFTECKJLT5IU,0.000000,6.414739E-004,6.414739E-004,12,6.414739E-004,6.414739E-004
,32,2CXRC190XAZUMHRLJ12ZWO,7.953496,7.154833E-004,7.154833E-004,14,128.000000,7.154833E-004
,33,2CBLUG4K90AFS0ULISW57$,0.000000,6.779405E-004,6.779405E-004,10,6.779405E-004,6.779405E-004
,34,2DDCZNH4P35P17ZZP0MC27,0.380868,8.847059E-004,8.847059E-004,17,21.000000,8.847059E-004
,35,2DZYGNKTN3YUE2CQZ7IH3G,0.000000,9.735221E-004,9.735221E-004,12,9.735221E-004,9.735221E-004
,36,2JPUAUJGVCL8GZFYDEN0QZ,3.552714E-015,9.790331E-004,9.790331E-004,11,9.790331E-004,9.790331E-004
,37,2KFJ4GAD59TRGS$KUMPVKX,3.552714E-015,9.735746E-004,9.735746E-004,12,9.735746E-004,9.735746E-004
,38,2KRQOVE1T90WWGJURUVFGY,1.065814E-014,7.266021E-004,7.266021E-004,11,7.266021E-004,7.266021E-004
,39,2N5PAWURB9UXWMW6VZHKG2,0.000000,6.381001E-004,6.381001E-004,12,6.381001E-004,6.381001E-004
,40,2U0_9NBFJ5W9HBM3YSNCGZ,1.065814E-014,7.011921E-004,7.011921E-004,14,7.011921E-004,7.011921E-004
,41,2WTW_5TS12BQVVPNZ4RTZ8,0.244207,8.061850E-004,8.061850E-004,14,32.000000,8.061850E-004
,42,2X$RF$7GLFZECF00IG4ZFJ,0.241782,7.275798E-004,7.275798E-004,14,33.000000,7.275798E-004
,43,2Y6L$OYX55CULKWGZVG76X,5.329071E-015,8.947083E-004,8.947083E-004,12,8.947083E-004,8.947083E-004
,44,2YUBHDOS5EZHT591INO2JZ,1.776357E-014,8.957323E-004,8.957323E-004,12,8.957323E-004,8.957323E-004
,45,2_MZMMWYJ2X8L5ZTTWFZQ9,6.330598E-002,7.212970E-004,7.212970E-004,13,14.000000,7.212970E-004
,46,2K9O3QILF0AQFA6KKU5HXP,1.421085E-014,7.266021E-004,7.266021E-004,11,7.266021E-004,7.266021E-004
,47,2SQQMDRC5FSAM7Q4HEYPCN,0.000000,6.779405E-004,6.779405E-004,10,6.779405E-004,6.779405E-004
,48,2UN5ECZKNBEXTUKMCA5OFF,1.601050,5.736297E-004,5.736297E-004,12,38.000000,5.736297E-004
,49,2V9V9EITTC7UB9LUIJAJSI,1.598721E-014,6.694934E-004,6.694934E-004,12,6.694934E-004,6.694934E-004
,50,303QW7ZF996EKWJLTQOLOB,1.308764,8.741280E-004,8.741280E-004,11,36.000000,8.741280E-004
,51,38IMUKOGP559RZQPTQORMP,3.552714E-015,7.978424E-004,7.978424E-004,10,7.978424E-004,7.978424E-004
,52,3M_8BSRUT9JPFPUQGPEDOA,0.887170,9.498048E-004,9.498048E-004,11,84.000000,9.498048E-004
,53,3TJLMIJ$97RELEO_9TS0SD,0.244207,6.789842E-004,6.789842E-004,15,39.000000,6.789842E-004
,54,3W$07STZF4SGATGZXH6RH7,0.301272,7.024218E-004,7.024218E-004,12,13.000000,7.024218E-004
,55,3WTGYEGFV57XESUBLIN6UZ,3.552714E-015,9.790331E-004,9.790331E-004,11,9.790331E-004,9.790331E-004
,56,3XETEHPLX2FBMDLVKG9RNX,0.301272,7.024218E-004,7.024218E-004,12,13.000000,7.024218E-004
,57,3DYLJPHWXB1VOWY5LPQ8_2,3.552714E-015,6.381001E-004,6.381001E-004,12,6.381001E-004,6.381001E-004
,58,3G0CEO8QRFGPRRO9HYEX7V,8.881784E-016,6.414739E-004,6.414739E-004,12,6.414739E-004,6.414739E-004
,59,3LJWLADQX638QBR_BXHA$C,1.080835,7.664751E-004,7.664751E-004,15,18.000000,7.664751E-004


ZoneInfiltration Airflow Stats Nominal

,,Name,Schedule Name,Zone Name,Zone Floor Area {m2},# Zone Occupants,Design Volume Flow Rate {m3/s},Volume Flow Rate/Floor Area {m3/s-m2},Volume Flow Rate/Exterior Surface Area {m3/s-m2},ACH - Air Changes per Hour,Equation A - Constant Term Coefficient {},Equation B - Temperature Term Coefficient {1/C},Equation C - Velocity Term Coefficient {s/m},Equation D - Velocity Squared Term Coefficient {s2/m2}
,1,00MLRNOVNCEHFFCBB9J$NK,CONTINUOUS,00MLRNOVNCEHFFCBB9J$NK,26.49,1.9,4.416E-003,1.667E-004,2.181E-004,0.200,1.000,0.000,0.000,0.000
,2,0ELTW7UM9DRURZ_FYFNE9W,CONTINUOUS,0ELTW7UM9DRURZ_FYFNE9W,37.64,2.7,7.317E-003,1.944E-004,1.188E-004,0.200,1.000,0.000,0.000,0.000
,3,0W6NU5BRTFIQXXYMM6ILGS,CONTINUOUS,0W6NU5BRTFIQXXYMM6ILGS,10.34,0.7,1.723E-003,1.667E-004,2.366E-004,0.200,1.000,0.000,0.000,0.000
,4,0DIFK5T49139$QBDUCK5A9,CONTINUOUS,0DIFK5T49139$QBDUCK5A9,26.49,0.7,4.268E-003,1.611E-004,1.413E-004,0.200,1.000,0.000,0.000,0.000
,5,0U2ZPLRHTCUWK3$YRPCZEO,CONTINUOUS,0U2ZPLRHTCUWK3$YRPCZEO,37.17,2.7,7.229E-003,1.945E-004,3.015E-004,0.200,1.000,0.000,0.000,0.000
,6,0WLDSRXY1FH9RF4WA6QEKV,CONTINUOUS,0WLDSRXY1FH9RF4WA6QEKV,36.71,0.0,1.142E-002,3.110E-004,2.724E-004,0.200,1.000,0.000,0.000,0.000
,7,0ZWU9FOWRDWURARHO69T83,CONTINUOUS,0ZWU9FOWRDWURARHO69T83,26.49,0.7,4.416E-003,1.667E-004,1.412E-004,0.200,1.000,0.000,0.000,0.000
,8,11GHF5W0N9AGOUOXD7SXZM,CONTINUOUS,11GHF5W0N9AGOUOXD7SXZM,37.17,2.7,7.229E-003,1.945E-004,3.015E-004,0.200,1.000,0.000,0.000,0.000
,9,17KSY6ZZ5APQ0YJPQBAX_U,CONTINUOUS,17KSY6ZZ5APQ0YJPQBAX_U,74.08,4.9,1.440E-002,1.944E-004,2.322E-004,0.200,1.000,0.000,0.000,0.000
,10,18PU3GE41D_BHP0U$GRITO,CONTINUOUS,18PU3GE41D_BHP0U$GRITO,7.93,0.0,1.542E-003,1.944E-004,3.750E-004,0.200,1.000,0.000,0.000,0.000
,11,1BNZZOW0D8K8AGXDQ4F75V,CONTINUOUS,1BNZZOW0D8K8AGXDQ4F75V,105.04,0.0,1.751E-002,1.667E-004,N/A,0.200,1.000,0.000,0.000,0.000
,12,1CXQ0W4HL71FQ21BMWHLFZ,CONTINUOUS,1CXQ0W4HL71FQ21BMWHLFZ,9.17,0.0,1.783E-003,1.944E-004,1.913E-004,0.200,1.000,0.000,0.000,0.000
,13,1DR$EUE41E8ECWOYLIJLIT,CONTINUOUS,1DR$EUE41E8ECWOYLIJLIT,5.15,0.1,3.081E-003,5.983E-004,5.983E-004,0.200,1.000,0.000,0.000,0.000
,14,1EYECQGPZ09F9SE6JGR55M,CONTINUOUS,1EYECQGPZ09F9SE6JGR55M,37.70,2.7,7.329E-003,1.944E-004,1.188E-004,0.200,1.000,0.000,0.000,0.000
,15,1GOZB5TBH738163NLUZBQX,CONTINUOUS,1GOZB5TBH738163NLUZBQX,76.22,25.4,1.482E-002,1.944E-004,1.188E-004,0.200,1.000,0.000,0.000,0.000
,16,1HQZA3HET1GRLTQSI138OL,CONTINUOUS,1HQZA3HET1GRLTQSI138OL,13.36,0.0,2.597E-003,1.943E-004,N/A,0.200,1.000,0.000,0.000,0.000
,17,1KWP7HSZR8YOJWZQWUXCGM,CONTINUOUS,1KWP7HSZR8YOJWZQWUXCGM,13.30,0.0,2.590E-003,1.948E-004,N/A,0.200,1.000,0.000,0.000,0.000
,18,1PWTN7AMJ3OEWPOHZO42NJ,CONTINUOUS,1PWTN7AMJ3OEWPOHZO42NJ,36.72,2.6,7.140E-003,1.944E-004,8.990E-005,0.200,1.000,0.000,0.000,0.000
,19,1Y2RJHKTHCLXJ0TUUV9K_Z,CONTINUOUS,1Y2RJHKTHCLXJ0TUUV9K_Z,35.92,18.0,6.986E-003,1.945E-004,3.750E-004,0.200,1.000,0.000,0.000,0.000
,20,1_FGE0TIZCTRJEYZDX5WYJ,CONTINUOUS,1_FGE0TIZCTRJEYZDX5WYJ,672.68,56.1,0.147,2.188E-004,3.605E-004,0.200,1.000,0.000,0.000,0.000
,21,1ADVKLHC9ALU8GQYFXFWE4,CONTINUOUS,1ADVKLHC9ALU8GQYFXFWE4,53.97,1.3,8.995E-003,1.667E-004,2.181E-004,0.200,1.000,0.000,0.000,0.000
,22,1IAFH_A0X4BU_FFXOZPTRL,CONTINUOUS,1IAFH_A0X4BU_FFXOZPTRL,36.72,2.6,7.140E-003,1.944E-004,8.990E-005,0.200,1.000,0.000,0.000,0.000
,23,1JORQKBDN4ZXPNFOKGQGP_,CONTINUOUS,1JORQKBDN4ZXPNFOKGQGP_,10.34,0.3,1.723E-003,1.667E-004,2.366E-004,0.200,1.000,0.000,0.000,0.000
,24,1LXCTPB4NESE3Q6XK6HAD5,CONTINUOUS,1LXCTPB4NESE3Q6XK6HAD5,36.99,2.6,7.192E-003,1.944E-004,1.180E-004,0.200,1.000,0.000,0.000,0.000
,25,1NYUQ381R1JGTXA1VKFRZV,CONTINUOUS,1NYUQ381R1JGTXA1VKFRZV,37.17,2.7,7.229E-003,1.945E-004,3.015E-004,0.200,1.000,0.000,0.000,0.000
,26,1RW1JYHZV1QBSFHPLSLVZZ,CONTINUOUS,1RW1JYHZV1QBSFHPLSLVZZ,114.46,57.2,2.225E-002,1.944E-004,2.417E-004,0.200,1.000,0.000,0.000,0.000
,27,1SIISADAJ75P2K126BOPWI,CONTINUOUS,1SIISADAJ75P2K126BOPWI,7.93,0.0,1.542E-003,1.944E-004,3.750E-004,0.200,1.000,0.000,0.000,0.000
,28,1TFYORFFD5ZX4NAJ0W62KG,CONTINUOUS,1TFYORFFD5ZX4NAJ0W62KG,37.42,2.7,7.276E-003,1.944E-004,9.040E-005,0.200,1.000,0.000,0.000,0.000
,29,1WCNWD8FVEXXE6Q3YNDNHJ,CONTINUOUS,1WCNWD8FVEXXE6Q3YNDNHJ,26.49,0.7,4.416E-003,1.667E-004,2.181E-004,0.200,1.000,0.000,0.000,0.000
,30,1Y_DAPZEF9MXUPESN29HKY,CONTINUOUS,1Y_DAPZEF9MXUPESN29HKY,112.59,11.3,2.189E-002,1.944E-004,1.180E-004,0.200,1.000,0.000,0.000,0.000
,31,24CJFLTRXBVFTECKJLT5IU,CONTINUOUS,24CJFLTRXBVFTECKJLT5IU,36.11,2.6,3.611E-004,1.000E-005,8.924E-006,0.200,1.000,0.000,0.000,0.000
,32,2CXRC190XAZUMHRLJ12ZWO,CONTINUOUS,2CXRC190XAZUMHRLJ12ZWO,206.37,5.2,4.173E-002,2.022E-004,3.053E-004,0.200,1.000,0.000,0.000,0.000
,33,2CBLUG4K90AFS0ULISW57$,CONTINUOUS,2CBLUG4K90AFS0ULISW57$,21.31,7.1,4.145E-003,1.945E-004,1.180E-004,0.200,1.000,0.000,0.000,0.000
,34,2DDCZNH4P35P17ZZP0MC27,CONTINUOUS,2DDCZNH4P35P17ZZP0MC27,113.15,11.3,2.200E-002,1.945E-004,3.015E-004,0.200,1.000,0.000,0.000,0.000
,35,2DZYGNKTN3YUE2CQZ7IH3G,CONTINUOUS,2DZYGNKTN3YUE2CQZ7IH3G,1.03,7.3E-002,1.993E-004,1.944E-004,1.944E-004,0.200,1.000,0.000,0.000,0.000
,36,2JPUAUJGVCL8GZFYDEN0QZ,CONTINUOUS,2JPUAUJGVCL8GZFYDEN0QZ,36.99,2.6,7.192E-003,1.944E-004,1.180E-004,0.200,1.000,0.000,0.000,0.000
,37,2KFJ4GAD59TRGS$KUMPVKX,CONTINUOUS,2KFJ4GAD59TRGS$KUMPVKX,1.03,7.3E-002,1.993E-004,1.944E-004,1.944E-004,0.200,1.000,0.000,0.000,0.000
,38,2KRQOVE1T90WWGJURUVFGY,CONTINUOUS,2KRQOVE1T90WWGJURUVFGY,21.87,7.3,4.253E-003,1.944E-004,1.180E-004,0.200,1.000,0.000,0.000,0.000
,39,2N5PAWURB9UXWMW6VZHKG2,CONTINUOUS,2N5PAWURB9UXWMW6VZHKG2,37.70,2.7,7.329E-003,1.944E-004,1.188E-004,0.200,1.000,0.000,0.000,0.000
,40,2U0_9NBFJ5W9HBM3YSNCGZ,CONTINUOUS,2U0_9NBFJ5W9HBM3YSNCGZ,5.15,0.1,3.081E-003,5.983E-004,5.983E-004,0.200,1.000,0.000,0.000,0.000
,41,2WTW_5TS12BQVVPNZ4RTZ8,CONTINUOUS,2WTW_5TS12BQVVPNZ4RTZ8,9.18,0.0,1.785E-003,1.945E-004,1.898E-004,0.200,1.000,0.000,0.000,0.000
,42,2X$RF$7GLFZECF00IG4ZFJ,CONTINUOUS,2X$RF$7GLFZECF00IG4ZFJ,9.19,0.0,1.785E-003,1.942E-004,1.913E-004,0.200,1.000,0.000,0.000,0.000
,43,2Y6L$OYX55CULKWGZVG76X,CONTINUOUS,2Y6L$OYX55CULKWGZVG76X,0.68,4.8E-002,1.313E-004,1.944E-004,N/A,0.200,1.000,0.000,0.000,0.000
,44,2YUBHDOS5EZHT591INO2JZ,CONTINUOUS,2YUBHDOS5EZHT591INO2JZ,37.48,2.7,7.288E-003,1.944E-004,9.044E-005,0.200,1.000,0.000,0.000,0.000
,45,2_MZMMWYJ2X8L5ZTTWFZQ9,CONTINUOUS,2_MZMMWYJ2X8L5ZTTWFZQ9,0.68,4.8E-002,1.313E-004,1.944E-004,N/A,0.200,1.000,0.000,0.000,0.000
,46,2K9O3QILF0AQFA6KKU5HXP,CONTINUOUS,2K9O3QILF0AQFA6KKU5HXP,21.87,7.3,4.253E-003,1.944E-004,1.180E-004,0.200,1.000,0.000,0.000,0.000
,47,2SQQMDRC5FSAM7Q4HEYPCN,CONTINUOUS,2SQQMDRC5FSAM7Q4HEYPCN,21.31,7.1,4.145E-003,1.945E-004,1.180E-004,0.200,1.000,0.000,0.000,0.000
,48,2UN5ECZKNBEXTUKMCA5OFF,CONTINUOUS,2UN5ECZKNBEXTUKMCA5OFF,13.02,0.0,2.531E-003,1.945E-004,N/A,0.200,1.000,0.000,0.000,0.000
,49,2V9V9EITTC7UB9LUIJAJSI,CONTINUOUS,2V9V9EITTC7UB9LUIJAJSI,37.17,2.7,7.229E-003,1.945E-004,3.015E-004,0.200,1.000,0.000,0.000,0.000
,50,303QW7ZF996EKWJLTQOLOB,CONTINUOUS,303QW7ZF996EKWJLTQOLOB,12.95,0.0,2.520E-003,1.945E-004,N/A,0.200,1.000,0.000,0.000,0.000
,51,38IMUKOGP559RZQPTQORMP,CONTINUOUS,38IMUKOGP559RZQPTQORMP,26.49,0.7,4.416E-003,1.667E-004,2.181E-004,0.200,1.000,0.000,0.000,0.000
,52,3M_8BSRUT9JPFPUQGPEDOA,CONTINUOUS,3M_8BSRUT9JPFPUQGPEDOA,36.71,0.0,1.142E-002,3.110E-004,2.685E-004,0.200,1.000,0.000,0.000,0.000
,53,3TJLMIJ$97RELEO_9TS0SD,CONTINUOUS,3TJLMIJ$97RELEO_9TS0SD,9.18,0.0,1.785E-003,1.945E-004,1.898E-004,0.200,1.000,0.000,0.000,0.000
,54,3W$07STZF4SGATGZXH6RH7,CONTINUOUS,3W$07STZF4SGATGZXH6RH7,36.90,2.6,7.176E-003,1.945E-004,1.677E-004,0.200,1.000,0.000,0.000,0.000
,55,3WTGYEGFV57XESUBLIN6UZ,CONTINUOUS,3WTGYEGFV57XESUBLIN6UZ,36.99,2.6,7.193E-003,1.944E-004,1.180E-004,0.200,1.000,0.000,0.000,0.000
,56,3XETEHPLX2FBMDLVKG9RNX,CONTINUOUS,3XETEHPLX2FBMDLVKG9RNX,36.90,2.6,7.176E-003,1.945E-004,1.677E-004,0.200,1.000,0.000,0.000,0.000
,57,3DYLJPHWXB1VOWY5LPQ8_2,CONTINUOUS,3DYLJPHWXB1VOWY5LPQ8_2,37.70,12.6,7.329E-003,1.944E-004,1.188E-004,0.200,1.000,0.000,0.000,0.000
,58,3G0CEO8QRFGPRRO9HYEX7V,CONTINUOUS,3G0CEO8QRFGPRRO9HYEX7V,36.11,2.6,3.611E-004,1.000E-005,8.924E-006,0.200,1.000,0.000,0.000,0.000
,59,3LJWLADQX638QBR_BXHA$C,CONTINUOUS,3LJWLADQX638QBR_BXHA$C,76.49,25.5,1.487E-002,1.944E-004,3.057E-004,0.200,1.000,0.000,0.000,0.000


ZoneVentilation Airflow Stats Nominal

,,Name,Schedule Name,Zone Name,Zone Floor Area {m2},# Zone Occupants,Design Volume Flow Rate {m3/s},Volume Flow Rate/Floor Area {m3/s-m2},Volume Flow Rate/person Area {m3/s-person},ACH - Air Changes per Hour,Fan Type {Exhaust;Intake;Natural},Fan Pressure Rise {Pa},Fan Efficiency {},Equation A - Constant Term Coefficient {},Equation B - Temperature Term Coefficient {1/C},Equation C - Velocity Term Coefficient {s/m},Equation D - Velocity Squared Term Coefficient {s2/m2},Minimum Indoor Temperature{C}/Schedule,Maximum Indoor Temperature{C}/Schedule,Delta Temperature{C}/Schedule,Minimum Outdoor Temperature{C}/Schedule,Maximum Outdoor Temperature{C}/Schedule,Maximum WindSpeed{m/s}
,1,00MLRNOVNCEHFFCBB9J$NK_WINTER,CONTINUOUS,00MLRNOVNCEHFFCBB9J$NK,26.49,1.9,4.416E-003,1.667E-004,2.333E-003,0.200,Natural,0.000,1.0,1.000,0.000,0.000,0.000,-100.00,100.00,-100.00,0.00,10.00,40.00
,2,00MLRNOVNCEHFFCBB9J$NK_SUMMER,CONTINUOUS,00MLRNOVNCEHFFCBB9J$NK,26.49,1.9,2.208E-002,8.333E-004,1.167E-002,1.000,Natural,0.000,1.0,1.000,0.000,0.000,0.000,-100.00,100.00,-100.00,10.00,17.00,40.00
,3,00MLRNOVNCEHFFCBB9J$NK_OVERHEATING,CONTINUOUS,00MLRNOVNCEHFFCBB9J$NK,26.49,1.9,6.623E-002,2.500E-003,3.500E-002,3.000,Natural,0.000,1.0,1.000,0.000,0.000,0.000,-100.00,100.00,-100.00,17.00,100.00,40.00
,4,0ELTW7UM9DRURZ_FYFNE9W_WINTER,CONTINUOUS,0ELTW7UM9DRURZ_FYFNE9W,37.64,2.7,7.317E-003,1.944E-004,2.722E-003,0.200,Natural,0.000,1.0,1.000,0.000,0.000,0.000,-100.00,100.00,-100.00,0.00,10.00,40.00
,5,0ELTW7UM9DRURZ_FYFNE9W_SUMMER,CONTINUOUS,0ELTW7UM9DRURZ_FYFNE9W,37.64,2.7,3.658E-002,9.721E-004,1.361E-002,1.000,Natural,0.000,1.0,1.000,0.000,0.000,0.000,-100.00,100.00,-100.00,10.00,17.00,40.00
,6,0ELTW7UM9DRURZ_FYFNE9W_OVERHEATING,CONTINUOUS,0ELTW7UM9DRURZ_FYFNE9W,37.64,2.7,0.110,2.916E-003,4.083E-002,3.000,Natural,0.000,1.0,1.000,0.000,0.000,0.000,-100.00,100.00,-100.00,17.00,100.00,40.00
,7,0W6NU5BRTFIQXXYMM6ILGS_WINTER,CONTINUOUS,0W6NU5BRTFIQXXYMM6ILGS,10.34,0.7,1.723E-003,1.667E-004,2.333E-003,0.200,Natural,0.000,1.0,1.000,0.000,0.000,0.000,-100.00,100.00,-100.00,0.00,10.00,40.00
,8,0W6NU5BRTFIQXXYMM6ILGS_SUMMER,CONTINUOUS,0W6NU5BRTFIQXXYMM6ILGS,10.34,0.7,8.613E-003,8.333E-004,1.167E-002,1.000,Natural,0.000,1.0,1.000,0.000,0.000,0.000,-100.00,100.00,-100.00,10.00,17.00,40.00
,9,0W6NU5BRTFIQXXYMM6ILGS_OVERHEATING,CONTINUOUS,0W6NU5BRTFIQXXYMM6ILGS,10.34,0.7,2.584E-002,2.500E-003,3.500E-002,3.000,Natural,0.000,1.0,1.000,0.000,0.000,0.000,-100.00,100.00,-100.00,17.00,100.00,40.00
,10,0DIFK5T49139$QBDUCK5A9_WINTER,CONTINUOUS,0DIFK5T49139$QBDUCK5A9,26.49,0.7,4.268E-003,1.611E-004,6.444E-003,0.200,Natural,0.000,1.0,1.000,0.000,0.000,0.000,-100.00,100.00,-100.00,0.00,10.00,40.00
,11,0DIFK5T49139$QBDUCK5A9_SUMMER,CONTINUOUS,0DIFK5T49139$QBDUCK5A9,26.49,0.7,2.134E-002,8.056E-004,3.222E-002,1.000,Natural,0.000,1.0,1.000,0.000,0.000,0.000,-100.00,100.00,-100.00,10.00,17.00,40.00
,12,0DIFK5T49139$QBDUCK5A9_OVERHEATING,CONTINUOUS,0DIFK5T49139$QBDUCK5A9,26.49,0.7,6.403E-002,2.417E-003,9.667E-002,3.000,Natural,0.000,1.0,1.000,0.000,0.000,0.000,-100.00,100.00,-100.00,17.00,100.00,40.00
,13,0U2ZPLRHTCUWK3$YRPCZEO_WINTER,CONTINUOUS,0U2ZPLRHTCUWK3$YRPCZEO,37.17,2.7,7.229E-003,1.945E-004,2.722E-003,0.200,Natural,0.000,1.0,1.000,0.000,0.000,0.000,-100.00,100.00,-100.00,0.00,10.00,40.00
,14,0U2ZPLRHTCUWK3$YRPCZEO_SUMMER,CONTINUOUS,0U2ZPLRHTCUWK3$YRPCZEO,37.17,2.7,3.615E-002,9.723E-004,1.361E-002,1.000,Natural,0.000,1.0,1.000,0.000,0.000,0.000,-100.00,100.00,-100.00,10.00,17.00,40.00
,15,0U2ZPLRHTCUWK3$YRPCZEO_OVERHEATING,CONTINUOUS,0U2ZPLRHTCUWK3$YRPCZEO,37.17,2.7,0.108,2.917E-003,4.084E-002,3.000,Natural,0.000,1.0,1.000,0.000,0.000,0.000,-100.00,100.00,-100.00,17.00,100.00,40.00
,16,0WLDSRXY1FH9RF4WA6QEKV_WINTER,CONTINUOUS,0WLDSRXY1FH9RF4WA6QEKV,36.71,0.0,1.142E-002,3.110E-004,N/A,0.200,Natural,0.000,1.0,1.000,0.000,0.000,0.000,-100.00,100.00,-100.00,0.00,10.00,40.00
,17,0WLDSRXY1FH9RF4WA6QEKV_SUMMER,CONTINUOUS,0WLDSRXY1FH9RF4WA6QEKV,36.71,0.0,5.708E-002,1.555E-003,N/A,1.000,Natural,0.000,1.0,1.000,0.000,0.000,0.000,-100.00,100.00,-100.00,10.00,17.00,40.00
,18,0WLDSRXY1FH9RF4WA6QEKV_OVERHEATING,CONTINUOUS,0WLDSRXY1FH9RF4WA6QEKV,36.71,0.0,0.171,4.664E-003,N/A,3.000,Natural,0.000,1.0,1.000,0.000,0.000,0.000,-100.00,100.00,-100.00,17.00,100.00,40.00
,19,0ZWU9FOWRDWURARHO69T83_WINTER,CONTINUOUS,0ZWU9FOWRDWURARHO69T83,26.49,0.7,4.416E-003,1.667E-004,6.667E-003,0.200,Natural,0.000,1.0,1.000,0.000,0.000,0.000,-100.00,100.00,-100.00,0.00,10.00,40.00
,20,0ZWU9FOWRDWURARHO69T83_SUMMER,CONTINUOUS,0ZWU9FOWRDWURARHO69T83,26.49,0.7,2.208E-002,8.333E-004,3.333E-002,1.000,Natural,0.000,1.0,1.000,0.000,0.000,0.000,-100.00,100.00,-100.00,10.00,17.00,40.00
,21,0ZWU9FOWRDWURARHO69T83_OVERHEATING,CONTINUOUS,0ZWU9FOWRDWURARHO69T83,26.49,0.7,6.623E-002,2.500E-003,1.000E-001,3.000,Natural,0.000,1.0,1.000,0.000,0.000,0.000,-100.00,100.00,-100.00,17.00,100.00,40.00
,22,11GHF5W0N9AGOUOXD7SXZM_WINTER,CONTINUOUS,11GHF5W0N9AGOUOXD7SXZM,37.17,2.7,7.229E-003,1.945E-004,2.722E-003,0.200,Natural,0.000,1.0,1.000,0.000,0.000,0.000,-100.00,100.00,-100.00,0.00,10.00,40.00
,23,11GHF5W0N9AGOUOXD7SXZM_SUMMER,CONTINUOUS,11GHF5W0N9AGOUOXD7SXZM,37.17,2.7,3.615E-002,9.723E-004,1.361E-002,1.000,Natural,0.000,1.0,1.000,0.000,0.000,0.000,-100.00,100.00,-100.00,10.00,17.00,40.00
,24,11GHF5W0N9AGOUOXD7SXZM_OVERHEATING,CONTINUOUS,11GHF5W0N9AGOUOXD7SXZM,37.17,2.7,0.108,2.917E-003,4.084E-002,3.000,Natural,0.000,1.0,1.000,0.000,0.000,0.000,-100.00,100.00,-100.00,17.00,100.00,40.00
,25,17KSY6ZZ5APQ0YJPQBAX_U_WINTER,CONTINUOUS,17KSY6ZZ5APQ0YJPQBAX_U,74.08,4.9,1.440E-002,1.944E-004,2.917E-003,0.200,Natural,0.000,1.0,1.000,0.000,0.000,0.000,-100.00,100.00,-100.00,0.00,10.00,40.00
,26,17KSY6ZZ5APQ0YJPQBAX_U_SUMMER,CONTINUOUS,17KSY6ZZ5APQ0YJPQBAX_U,74.08,4.9,7.202E-002,9.722E-004,1.458E-002,1.000,Natural,0.000,1.0,1.000,0.000,0.000,0.000,-100.00,100.00,-100.00,10.00,17.00,40.00
,27,17KSY6ZZ5APQ0YJPQBAX_U_OVERHEATING,CONTINUOUS,17KSY6ZZ5APQ0YJPQBAX_U,74.08,4.9,0.216,2.917E-003,4.375E-002,3.000,Natural,0.000,1.0,1.000,0.000,0.000,0.000,-100.00,100.00,-100.00,17.00,100.00,40.00
,28,18PU3GE41D_BHP0U$GRITO_WINTER,CONTINUOUS,18PU3GE41D_BHP0U$GRITO,7.93,0.0,1.542E-003,1.944E-004,N/A,0.200,Natural,0.000,1.0,1.000,0.000,0.000,0.000,-100.00,100.00,-100.00,0.00,10.00,40.00
,29,18PU3GE41D_BHP0U$GRITO_SUMMER,CONTINUOUS,18PU3GE41D_BHP0U$GRITO,7.93,0.0,7.711E-003,9.722E-004,N/A,1.000,Natural,0.000,1.0,1.000,0.000,0.000,0.000,-100.00,100.00,-100.00,10.00,17.00,40.00
,30,18PU3GE41D_BHP0U$GRITO_OVERHEATING,CONTINUOUS,18PU3GE41D_BHP0U$GRITO,7.93,0.0,2.313E-002,2.917E-003,N/A,3.000,Natural,0.000,1.0,1.000,0.000,0.000,0.000,-100.00,100.00,-100.00,17.00,100.00,40.00
,31,1BNZZOW0D8K8AGXDQ4F75V_WINTER,CONTINUOUS,1BNZZOW0D8K8AGXDQ4F75V,105.04,0.0,1.751E-002,1.667E-004,N/A,0.200,Natural,0.000,1.0,1.000,0.000,0.000,0.000,-100.00,100.00,-100.00,0.00,10.00,40.00
,32,1BNZZOW0D8K8AGXDQ4F75V_SUMMER,CONTINUOUS,1BNZZOW0D8K8AGXDQ4F75V,105.04,0.0,8.753E-002,8.333E-004,N/A,1.000,Natural,0.000,1.0,1.000,0.000,0.000,0.000,-100.00,100.00,-100.00,10.00,17.00,40.00
,33,1BNZZOW0D8K8AGXDQ4F75V_OVERHEATING,CONTINUOUS,1BNZZOW0D8K8AGXDQ4F75V,105.04,0.0,0.263,2.500E-003,N/A,3.000,Natural,0.000,1.0,1.000,0.000,0.000,0.000,-100.00,100.00,-100.00,17.00,100.00,40.00
,34,1CXQ0W4HL71FQ21BMWHLFZ_WINTER,CONTINUOUS,1CXQ0W4HL71FQ21BMWHLFZ,9.17,0.0,1.783E-003,1.944E-004,N/A,0.200,Natural,0.000,1.0,1.000,0.000,0.000,0.000,-100.00,100.00,-100.00,0.00,10.00,40.00
,35,1CXQ0W4HL71FQ21BMWHLFZ_SUMMER,CONTINUOUS,1CXQ0W4HL71FQ21BMWHLFZ,9.17,0.0,8.915E-003,9.720E-004,N/A,1.000,Natural,0.000,1.0,1.000,0.000,0.000,0.000,-100.00,100.00,-100.00,10.00,17.00,40.00
,36,1CXQ0W4HL71FQ21BMWHLFZ_OVERHEATING,CONTINUOUS,1CXQ0W4HL71FQ21BMWHLFZ,9.17,0.0,2.675E-002,2.916E-003,N/A,3.000,Natural,0.000,1.0,1.000,0.000,0.000,0.000,-100.00,100.00,-100.00,17.00,100.00,40.00
,37,1DR$EUE41E8ECWOYLIJLIT_WINTER,CONTINUOUS,1DR$EUE41E8ECWOYLIJLIT,5.15,0.1,3.081E-003,5.983E-004,2.393E-002,0.200,Natural,0.000,1.0,1.000,0.000,0.000,0.000,-100.00,100.00,-100.00,0.00,10.00,40.00
,38,1DR$EUE41E8ECWOYLIJLIT_SUMMER,CONTINUOUS,1DR$EUE41E8ECWOYLIJLIT,5.15,0.1,1.541E-002,2.992E-003,0.120,1.000,Natural,0.000,1.0,1.000,0.000,0.000,0.000,-100.00,100.00,-100.00,10.00,17.00,40.00
,39,1DR$EUE41E8ECWOYLIJLIT_OVERHEATING,CONTINUOUS,1DR$EUE41E8ECWOYLIJLIT,5.15,0.1,4.622E-002,8.975E-003,0.359,3.000,Natural,0.000,1.0,1.000,0.000,0.000,0.000,-100.00,100.00,-100.00,17.00,100.00,40.00
,40,1EYECQGPZ09F9SE6JGR55M_WINTER,CONTINUOUS,1EYECQGPZ09F9SE6JGR55M,37.70,2.7,7.329E-003,1.944E-004,2.722E-003,0.200,Natural,0.000,1.0,1.000,0.000,0.000,0.000,-100.00,100.00,-100.00,0.00,10.00,40.00
,41,1EYECQGPZ09F9SE6JGR55M_SUMMER,CONTINUOUS,1EYECQGPZ09F9SE6JGR55M,37.70,2.7,3.665E-002,9.721E-004,1.361E-002,1.000,Natural,0.000,1.0,1.000,0.000,0.000,0.000,-100.00,100.00,-100.00,10.00,17.00,40.00
,42,1EYECQGPZ09F9SE6JGR55M_OVERHEATING,CONTINUOUS,1EYECQGPZ09F9SE6JGR55M,37.70,2.7,0.110,2.916E-003,4.083E-002,3.000,Natural,0.000,1.0,1.000,0.000,0.000,0.000,-100.00,100.00,-100.00,17.00,100.00,40.00
,43,1GOZB5TBH738163NLUZBQX_WINTER,CONTINUOUS,1GOZB5TBH738163NLUZBQX,76.22,25.4,1.482E-002,1.944E-004,5.833E-004,0.200,Natural,0.000,1.0,1.000,0.000,0.000,0.000,-100.00,100.00,-100.00,0.00,10.00,40.00
,44,1GOZB5TBH738163NLUZBQX_SUMMER,CONTINUOUS,1GOZB5TBH738163NLUZBQX,76.22,25.4,7.409E-002,9.721E-004,2.916E-003,1.000,Natural,0.000,1.0,1.000,0.000,0.000,0.000,-100.00,100.00,-100.00,10.00,17.00,40.00
,45,1GOZB5TBH738163NLUZBQX_OVERHEATING,CONTINUOUS,1GOZB5TBH738163NLUZBQX,76.22,25.4,0.222,2.916E-003,8.749E-003,3.000,Natural,0.000,1.0,1.000,0.000,0.000,0.000,-100.00,100.00,-100.00,17.00,100.00,40.00
,46,1HQZA3HET1GRLTQSI138OL_WINTER,CONTINUOUS,1HQZA3HET1GRLTQSI138OL,13.36,0.0,2.597E-003,1.943E-004,N/A,0.200,Natural,0.000,1.0,1.000,0.000,0.000,0.000,-100.00,100.00,-100.00,0.00,10.00,40.00
,47,1HQZA3HET1GRLTQSI138OL_SUMMER,CONTINUOUS,1HQZA3HET1GRLTQSI138OL,13.36,0.0,1.299E-002,9.717E-004,N/A,1.000,Natural,0.000,1.0,1.000,0.000,0.000,0.000,-100.00,100.00,-100.00,10.00,17.00,40.00
,48,1HQZA3HET1GRLTQSI138OL_OVERHEATING,CONTINUOUS,1HQZA3HET1GRLTQSI138OL,13.36,0.0,3.896E-002,2.915E-003,N/A,3.000,Natural,0.000,1.0,1.000,0.000,0.000,0.000,-100.00,100.00,-100.00,17.00,100.00,40.00
,49,1KWP7HSZR8YOJWZQWUXCGM_WINTER,CONTINUOUS,1KWP7HSZR8YOJWZQWUXCGM,13.30,0.0,2.590E-003,1.948E-004,N/A,0.200,Natural,0.000,1.0,1.000,0.000,0.000,0.000,-100.00,100.00,-100.00,0.00,10.00,40.00
,50,1KWP7HSZR8YOJWZQWUXCGM_SUMMER,CONTINUOUS,1KWP7HSZR8YOJWZQWUXCGM,13.30,0.0,1.295E-002,9.738E-004,N/A,1.000,Natural,0.000,1.0,1.000,0.000,0.000,0.000,-100.00,100.00,-100.00,10.00,17.00,40.00
,51,1KWP7HSZR8YOJWZQWUXCGM_OVERHEATING,CONTINUOUS,1KWP7HSZR8YOJWZQWUXCGM,13.30,0.0,3.884E-002,2.921E-003,N/A,3.000,Natural,0.000,1.0,1.000,0.000,0.000,0.000,-100.00,100.00,-100.00,17.00,100.00,40.00
,52,1PWTN7AMJ3OEWPOHZO42NJ_WINTER,CONTINUOUS,1PWTN7AMJ3OEWPOHZO42NJ,36.72,2.6,7.140E-003,1.944E-004,2.722E-003,0.200,Natural,0.000,1.0,1.000,0.000,0.000,0.000,-100.00,100.00,-100.00,0.00,10.00,40.00
,53,1PWTN7AMJ3OEWPOHZO42NJ_SUMMER,CONTINUOUS,1PWTN7AMJ3OEWPOHZO42NJ,36.72,2.6,3.570E-002,9.722E-004,1.361E-002,1.000,Natural,0.000,1.0,1.000,0.000,0.000,0.000,-100.00,100.00,-100.00,10.00,17.00,40.00
,54,1PWTN7AMJ3OEWPOHZO42NJ_OVERHEATING,CONTINUOUS,1PWTN7AMJ3OEWPOHZO42NJ,36.72,2.6,0.107,2.917E-003,4.083E-002,3.000,Natural,0.000,1.0,1.000,0.000,0.000,0.000,-100.00,100.00,-100.00,17.00,100.00,40.00
,55,1Y2RJHKTHCLXJ0TUUV9K_Z_WINTER,CONTINUOUS,1Y2RJHKTHCLXJ0TUUV9K_Z,35.92,18.0,6.986E-003,1.945E-004,3.889E-004,0.200,Natural,0.000,1.0,1.000,0.000,0.000,0.000,-100.00,100.00,-100.00,0.00,10.00,40.00
,56,1Y2RJHKTHCLXJ0TUUV9K_Z_SUMMER,CONTINUOUS,1Y2RJHKTHCLXJ0TUUV9K_Z,35.92,18.0,3.493E-002,9.723E-004,1.945E-003,1.000,Natural,0.000,1.0,1.000,0.000,0.000,0.000,-100.00,100.00,-100.00,10.00,17.00,40.00
,57,1Y2RJHKTHCLXJ0TUUV9K_Z_OVERHEATING,CONTINUOUS,1Y2RJHKTHCLXJ0TUUV9K_Z,35.92,18.0,0.105,2.917E-003,5.834E-003,3.000,Natural,0.000,1.0,1.000,0.000,0.000,0.000,-100.00,100.00,-100.00,17.00,100.00,40.00
,58,1_FGE0TIZCTRJEYZDX5WYJ_WINTER,CONTINUOUS,1_FGE0TIZCTRJEYZDX5WYJ,672.68,56.1,0.147,2.188E-004,2.625E-003,0.200,Natural,0.000,1.0,1.000,0.000,0.000,0.000,-100.00,100.00,-100.00,0.00,10.00,40.00
,59,1_FGE0TIZCTRJEYZDX5WYJ_SUMMER,CONTINUOUS,1_FGE0TIZCTRJEYZDX5WYJ,672.68,56.1,0.736,1.094E-003,1.313E-002,1.000,Natural,0.000,1.0,1.000,0.000,0.000,0.000,-100.00,100.00,-100.00,10.00,17.00,40.00
,60,1_FGE0TIZCTRJEYZDX5WYJ_OVERHEATING,CONTINUOUS,1_FGE0TIZCTRJEYZDX5WYJ,672.68,56.1,2.207,3.281E-003,3.938E-002,3.000,Natural,0.000,1.0,1.000,0.000,0.000,0.000,-100.00,100.00,-100.00,17.00,100.00,40.00
,61,1ADVKLHC9ALU8GQYFXFWE4_WINTER,CONTINUOUS,1ADVKLHC9ALU8GQYFXFWE4,53.97,1.3,8.995E-003,1.667E-004,6.667E-003,0.200,Natural,0.000,1.0,1.000,0.000,0.000,0.000,-100.00,100.00,-100.00,0.00,10.00,40.00
,62,1ADVKLHC9ALU8GQYFXFWE4_SUMMER,CONTINUOUS,1ADVKLHC9ALU8GQYFXFWE4,53.97,1.3,4.497E-002,8.333E-004,3.333E-002,1.000,Natural,0.000,1.0,1.000,0.000,0.000,0.000,-100.00,100.00,-100.00,10.00,17.00,40.00
,63,1ADVKLHC9ALU8GQYFXFWE4_OVERHEATING,CONTINUOUS,1ADVKLHC9ALU8GQYFXFWE4,53.97,1.3,0.135,2.500E-003,1.000E-001,3.000,Natural,0.000,1.0,1.000,0.000,0.000,0.000,-100.00,100.00,-100.00,17.00,100.00,40.00
,64,1IAFH_A0X4BU_FFXOZPTRL_WINTER,CONTINUOUS,1IAFH_A0X4BU_FFXOZPTRL,36.72,2.6,7.140E-003,1.944E-004,2.722E-003,0.200,Natural,0.000,1.0,1.000,0.000,0.000,0.000,-100.00,100.00,-100.00,0.00,10.00,40.00
,65,1IAFH_A0X4BU_FFXOZPTRL_SUMMER,CONTINUOUS,1IAFH_A0X4BU_FFXOZPTRL,36.72,2.6,3.570E-002,9.722E-004,1.361E-002,1.000,Natural,0.000,1.0,1.000,0.000,0.000,0.000,-100.00,100.00,-100.00,10.00,17.00,40.00
,66,1IAFH_A0X4BU_FFXOZPTRL_OVERHEATING,CONTINUOUS,1IAFH_A0X4BU_FFXOZPTRL,36.72,2.6,0.107,2.917E-003,4.083E-002,3.000,Natural,0.000,1.0,1.000,0.000,0.000,0.000,-100.00,100.00,-100.00,17.00,100.00,40.00
,67,1JORQKBDN4ZXPNFOKGQGP__WINTER,CONTINUOUS,1JORQKBDN4ZXPNFOKGQGP_,10.34,0.3,1.723E-003,1.667E-004,6.667E-003,0.200,Natural,0.000,1.0,1.000,0.000,0.000,0.000,-100.00,100.00,-100.00,0.00,10.00,40.00
,68,1JORQKBDN4ZXPNFOKGQGP__SUMMER,CONTINUOUS,1JORQKBDN4ZXPNFOKGQGP_,10.34,0.3,8.613E-003,8.333E-004,3.333E-002,1.000,Natural,0.000,1.0,1.000,0.000,0.000,0.000,-100.00,100.00,-100.00,10.00,17.00,40.00
,69,1JORQKBDN4ZXPNFOKGQGP__OVERHEATING,CONTINUOUS,1JORQKBDN4ZXPNFOKGQGP_,10.34,0.3,2.584E-002,2.500E-003,1.000E-001,3.000,Natural,0.000,1.0,1.000,0.000,0.000,0.000,-100.00,100.00,-100.00,17.00,100.00,40.00
,70,1LXCTPB4NESE3Q6XK6HAD5_WINTER,CONTINUOUS,1LXCTPB4NESE3Q6XK6HAD5,36.99,2.6,7.192E-003,1.944E-004,2.722E-003,0.200,Natural,0.000,1.0,1.000,0.000,0.000,0.000,-100.00,100.00,-100.00,0.00,10.00,40.00
,71,1LXCTPB4NESE3Q6XK6HAD5_SUMMER,CONTINUOUS,1LXCTPB4NESE3Q6XK6HAD5,36.99,2.6,3.596E-002,9.722E-004,1.361E-002,1.000,Natural,0.000,1.0,1.000,0.000,0.000,0.000,-100.00,100.00,-100.00,10.00,17.00,40.00
,72,1LXCTPB4NESE3Q6XK6HAD5_OVERHEATING,CONTINUOUS,1LXCTPB4NESE3Q6XK6HAD5,36.99,2.6,0.108,2.917E-003,4.083E-002,3.000,Natural,0.000,1.0,1.000,0.000,0.000,0.000,-100.00,100.00,-100.00,17.00,100.00,40.00
,73,1NYUQ381R1JGTXA1VKFRZV_WINTER,CONTINUOUS,1NYUQ381R1JGTXA1VKFRZV,37.17,2.7,7.229E-003,1.945E-004,2.722E-003,0.200,Natural,0.000,1.0,1.000,0.000,0.000,0.000,-100.00,100.00,-100.00,0.00,10.00,40.00
,74,1NYUQ381R1JGTXA1VKFRZV_SUMMER,CONTINUOUS,1NYUQ381R1JGTXA1VKFRZV,37.17,2.7,3.615E-002,9.723E-004,1.361E-002,1.000,Natural,0.000,1.0,1.000,0.000,0.000,0.000,-100.00,100.00,-100.00,10.00,17.00,40.00
,75,1NYUQ381R1JGTXA1VKFRZV_OVERHEATING,CONTINUOUS,1NYUQ381R1JGTXA1VKFRZV,37.17,2.7,0.108,2.917E-003,4.084E-002,3.000,Natural,0.000,1.0,1.000,0.000,0.000,0.000,-100.00,100.00,-100.00,17.00,100.00,40.00
,76,1RW1JYHZV1QBSFHPLSLVZZ_WINTER,CONTINUOUS,1RW1JYHZV1QBSFHPLSLVZZ,114.46,57.2,2.225E-002,1.944E-004,3.889E-004,0.200,Natural,0.000,1.0,1.000,0.000,0.000,0.000,-100.00,100.00,-100.00,0.00,10.00,40.00
,77,1RW1JYHZV1QBSFHPLSLVZZ_SUMMER,CONTINUOUS,1RW1JYHZV1QBSFHPLSLVZZ,114.46,57.2,0.111,9.721E-004,1.944E-003,1.000,Natural,0.000,1.0,1.000,0.000,0.000,0.000,-100.00,100.00,-100.00,10.00,17.00,40.00
,78,1RW1JYHZV1QBSFHPLSLVZZ_OVERHEATING,CONTINUOUS,1RW1JYHZV1QBSFHPLSLVZZ,114.46,57.2,0.334,2.916E-003,5.833E-003,3.000,Natural,0.000,1.0,1.000,0.000,0.000,0.000,-100.00,100.00,-100.00,17.00,100.00,40.00
,79,1SIISADAJ75P2K126BOPWI_WINTER,CONTINUOUS,1SIISADAJ75P2K126BOPWI,7.93,0.0,1.542E-003,1.944E-004,N/A,0.200,Natural,0.000,1.0,1.000,0.000,0.000,0.000,-100.00,100.00,-100.00,0.00,10.00,40.00
,80,1SIISADAJ75P2K126BOPWI_SUMMER,CONTINUOUS,1SIISADAJ75P2K126BOPWI,7.93,0.0,7.711E-003,9.722E-004,N/A,1.000,Natural,0.000,1.0,1.000,0.000,0.000,0.000,-100.00,100.00,-100.00,10.00,17.00,40.00
,81,1SIISADAJ75P2K126BOPWI_OVERHEATING,CONTINUOUS,1SIISADAJ75P2K126BOPWI,7.93,0.0,2.313E-002,2.917E-003,N/A,3.000,Natural,0.000,1.0,1.000,0.000,0.000,0.000,-100.00,100.00,-100.00,17.00,100.00,40.00
,82,1TFYORFFD5ZX4NAJ0W62KG_WINTER,CONTINUOUS,1TFYORFFD5ZX4NAJ0W62KG,37.42,2.7,7.276E-003,1.944E-004,2.722E-003,0.200,Natural,0.000,1.0,1.000,0.000,0.000,0.000,-100.00,100.00,-100.00,0.00,10.00,40.00
,83,1TFYORFFD5ZX4NAJ0W62KG_SUMMER,CONTINUOUS,1TFYORFFD5ZX4NAJ0W62KG,37.42,2.7,3.638E-002,9.721E-004,1.361E-002,1.000,Natural,0.000,1.0,1.000,0.000,0.000,0.000,-100.00,100.00,-100.00,10.00,17.00,40.00
,84,1TFYORFFD5ZX4NAJ0W62KG_OVERHEATING,CONTINUOUS,1TFYORFFD5ZX4NAJ0W62KG,37.42,2.7,0.109,2.916E-003,4.083E-002,3.000,Natural,0.000,1.0,1.000,0.000,0.000,0.000,-100.00,100.00,-100.00,17.00,100.00,40.00
,85,1WCNWD8FVEXXE6Q3YNDNHJ_WINTER,CONTINUOUS,1WCNWD8FVEXXE6Q3YNDNHJ,26.49,0.7,4.416E-003,1.667E-004,6.667E-003,0.200,Natural,0.000,1.0,1.000,0.000,0.000,0.000,-100.00,100.00,-100.00,0.00,10.00,40.00
,86,1WCNWD8FVEXXE6Q3YNDNHJ_SUMMER,CONTINUOUS,1WCNWD8FVEXXE6Q3YNDNHJ,26.49,0.7,2.208E-002,8.333E-004,3.333E-002,1.000,Natural,0.000,1.0,1.000,0.000,0.000,0.000,-100.00,100.00,-100.00,10.00,17.00,40.00
,87,1WCNWD8FVEXXE6Q3YNDNHJ_OVERHEATING,CONTINUOUS,1WCNWD8FVEXXE6Q3YNDNHJ,26.49,0.7,6.623E-002,2.500E-003,1.000E-001,3.000,Natural,0.000,1.0,1.000,0.000,0.000,0.000,-100.00,100.00,-100.00,17.00,100.00,40.00
,88,1Y_DAPZEF9MXUPESN29HKY_WINTER,CONTINUOUS,1Y_DAPZEF9MXUPESN29HKY,112.59,11.3,2.189E-002,1.944E-004,1.944E-003,0.200,Natural,0.000,1.0,1.000,0.000,0.000,0.000,-100.00,100.00,-100.00,0.00,10.00,40.00
,89,1Y_DAPZEF9MXUPESN29HKY_SUMMER,CONTINUOUS,1Y_DAPZEF9MXUPESN29HKY,112.59,11.3,0.109,9.722E-004,9.722E-003,1.000,Natural,0.000,1.0,1.000,0.000,0.000,0.000,-100.00,100.00,-100.00,10.00,17.00,40.00
,90,1Y_DAPZEF9MXUPESN29HKY_OVERHEATING,CONTINUOUS,1Y_DAPZEF9MXUPESN29HKY,112.59,11.3,0.328,2.917E-003,2.917E-002,3.000,Natural,0.000,1.0,1.000,0.000,0.000,0.000,-100.00,100.00,-100.00,17.00,100.00,40.00
,91,24CJFLTRXBVFTECKJLT5IU_WINTER,CONTINUOUS,24CJFLTRXBVFTECKJLT5IU,36.11,2.6,3.611E-004,1.000E-005,1.400E-004,0.200,Natural,0.000,1.0,1.000,0.000,0.000,0.000,-100.00,100.00,-100.00,0.00,10.00,40.00
,92,24CJFLTRXBVFTECKJLT5IU_SUMMER,CONTINUOUS,24CJFLTRXBVFTECKJLT5IU,36.11,2.6,1.806E-003,5.000E-005,7.000E-004,1.000,Natural,0.000,1.0,1.000,0.000,0.000,0.000,-100.00,100.00,-100.00,10.00,17.00,40.00
,93,24CJFLTRXBVFTECKJLT5IU_OVERHEATING,CONTINUOUS,24CJFLTRXBVFTECKJLT5IU,36.11,2.6,5.417E-003,1.500E-004,2.100E-003,3.000,Natural,0.000,1.0,1.000,0.000,0.000,0.000,-100.00,100.00,-100.00,17.00,100.00,40.00
,94,2CXRC190XAZUMHRLJ12ZWO_WINTER,CONTINUOUS,2CXRC190XAZUMHRLJ12ZWO,206.37,5.2,4.173E-002,2.022E-004,8.089E-003,0.200,Natural,0.000,1.0,1.000,0.000,0.000,0.000,-100.00,100.00,-100.00,0.00,10.00,40.00
,95,2CXRC190XAZUMHRLJ12ZWO_SUMMER,CONTINUOUS,2CXRC190XAZUMHRLJ12ZWO,206.37,5.2,0.209,1.011E-003,4.045E-002,1.000,Natural,0.000,1.0,1.000,0.000,0.000,0.000,-100.00,100.00,-100.00,10.00,17.00,40.00
,96,2CXRC190XAZUMHRLJ12ZWO_OVERHEATING,CONTINUOUS,2CXRC190XAZUMHRLJ12ZWO,206.37,5.2,0.626,3.033E-003,0.121,3.000,Natural,0.000,1.0,1.000,0.000,0.000,0.000,-100.00,100.00,-100.00,17.00,100.00,40.00
,97,2CBLUG4K90AFS0ULISW57$_WINTER,CONTINUOUS,2CBLUG4K90AFS0ULISW57$,21.31,7.1,4.145E-003,1.945E-004,5.834E-004,0.200,Natural,0.000,1.0,1.000,0.000,0.000,0.000,-100.00,100.00,-100.00,0.00,10.00,40.00
,98,2CBLUG4K90AFS0ULISW57$_SUMMER,CONTINUOUS,2CBLUG4K90AFS0ULISW57$,21.31,7.1,2.072E-002,9.723E-004,2.917E-003,1.000,Natural,0.000,1.0,1.000,0.000,0.000,0.000,-100.00,100.00,-100.00,10.00,17.00,40.00
,99,2CBLUG4K90AFS0ULISW57$_OVERHEATING,CONTINUOUS,2CBLUG4K90AFS0ULISW57$,21.31,7.1,6.217E-002,2.917E-003,8.751E-003,3.000,Natural,0.000,1.0,1.000,0.000,0.000,0.000,-100.00,100.00,-100.00,17.00,100.00,40.00
,100,2DDCZNH4P35P17ZZP0MC27_WINTER,CONTINUOUS,2DDCZNH4P35P17ZZP0MC27,113.15,11.3,2.200E-002,1.945E-004,1.945E-003,0.200,Natural,0.000,1.0,1.000,0.000,0.000,0.000,-100.00,100.00,-100.00,0.00,10.00,40.00
,101,2DDCZNH4P35P17ZZP0MC27_SUMMER,CONTINUOUS,2DDCZNH4P35P17ZZP0MC27,113.15,11.3,0.110,9.723E-004,9.723E-003,1.000,Natural,0.000,1.0,1.000,0.000,0.000,0.000,-100.00,100.00,-100.00,10.00,17.00,40.00
,102,2DDCZNH4P35P17ZZP0MC27_OVERHEATING,CONTINUOUS,2DDCZNH4P35P17ZZP0MC27,113.15,11.3,0.330,2.917E-003,2.917E-002,3.000,Natural,0.000,1.0,1.000,0.000,0.000,0.000,-100.00,100.00,-100.00,17.00,100.00,40.00
,103,2DZYGNKTN3YUE2CQZ7IH3G_WINTER,CONTINUOUS,2DZYGNKTN3YUE2CQZ7IH3G,1.03,7.3E-002,1.993E-004,1.944E-004,2.722E-003,0.200,Natural,0.000,1.0,1.000,0.000,0.000,0.000,-100.00,100.00,-100.00,0.00,10.00,40.00
,104,2DZYGNKTN3YUE2CQZ7IH3G_SUMMER,CONTINUOUS,2DZYGNKTN3YUE2CQZ7IH3G,1.03,7.3E-002,9.965E-004,9.722E-004,1.361E-002,1.000,Natural,0.000,1.0,1.000,0.000,0.000,0.000,-100.00,100.00,-100.00,10.00,17.00,40.00
,105,2DZYGNKTN3YUE2CQZ7IH3G_OVERHEATING,CONTINUOUS,2DZYGNKTN3YUE2CQZ7IH3G,1.03,7.3E-002,2.990E-003,2.917E-003,4.083E-002,3.000,Natural,0.000,1.0,1.000,0.000,0.000,0.000,-100.00,100.00,-100.00,17.00,100.00,40.00
,106,2JPUAUJGVCL8GZFYDEN0QZ_WINTER,CONTINUOUS,2JPUAUJGVCL8GZFYDEN0QZ,36.99,2.6,7.192E-003,1.944E-004,2.722E-003,0.200,Natural,0.000,1.0,1.000,0.000,0.000,0.000,-100.00,100.00,-100.00,0.00,10.00,40.00
,107,2JPUAUJGVCL8GZFYDEN0QZ_SUMMER,CONTINUOUS,2JPUAUJGVCL8GZFYDEN0QZ,36.99,2.6,3.596E-002,9.722E-004,1.361E-002,1.000,Natural,0.000,1.0,1.000,0.000,0.000,0.000,-100.00,100.00,-100.00,10.00,17.00,40.00
,108,2JPUAUJGVCL8GZFYDEN0QZ_OVERHEATING,CONTINUOUS,2JPUAUJGVCL8GZFYDEN0QZ,36.99,2.6,0.108,2.917E-003,4.083E-002,3.000,Natural,0.000,1.0,1.000,0.000,0.000,0.000,-100.00,100.00,-100.00,17.00,100.00,40.00
,109,2KFJ4GAD59TRGS$KUMPVKX_WINTER,CONTINUOUS,2KFJ4GAD59TRGS$KUMPVKX,1.03,7.3E-002,1.993E-004,1.944E-004,2.722E-003,0.200,Natural,0.000,1.0,1.000,0.000,0.000,0.000,-100.00,100.00,-100.00,0.00,10.00,40.00
,110,2KFJ4GAD59TRGS$KUMPVKX_SUMMER,CONTINUOUS,2KFJ4GAD59TRGS$KUMPVKX,1.03,7.3E-002,9.965E-004,9.722E-004,1.361E-002,1.000,Natural,0.000,1.0,1.000,0.000,0.000,0.000,-100.00,100.00,-100.00,10.00,17.00,40.00
,111,2KFJ4GAD59TRGS$KUMPVKX_OVERHEATING,CONTINUOUS,2KFJ4GAD59TRGS$KUMPVKX,1.03,7.3E-002,2.990E-003,2.917E-003,4.083E-002,3.000,Natural,0.000,1.0,1.000,0.000,0.000,0.000,-100.00,100.00,-100.00,17.00,100.00,40.00
,112,2KRQOVE1T90WWGJURUVFGY_WINTER,CONTINUOUS,2KRQOVE1T90WWGJURUVFGY,21.87,7.3,4.253E-003,1.944E-004,5.833E-004,0.200,Natural,0.000,1.0,1.000,0.000,0.000,0.000,-100.00,100.00,-100.00,0.00,10.00,40.00
,113,2KRQOVE1T90WWGJURUVFGY_SUMMER,CONTINUOUS,2KRQOVE1T90WWGJURUVFGY,21.87,7.3,2.126E-002,9.722E-004,2.917E-003,1.000,Natural,0.000,1.0,1.000,0.000,0.000,0.000,-100.00,100.00,-100.00,10.00,17.00,40.00
,114,2KRQOVE1T90WWGJURUVFGY_OVERHEATING,CONTINUOUS,2KRQOVE1T90WWGJURUVFGY,21.87,7.3,6.379E-002,2.917E-003,8.750E-003,3.000,Natural,0.000,1.0,1.000,0.000,0.000,0.000,-100.00,100.00,-100.00,17.00,100.00,40.00
,115,2N5PAWURB9UXWMW6VZHKG2_WINTER,CONTINUOUS,2N5PAWURB9UXWMW6VZHKG2,37.70,2.7,7.329E-003,1.944E-004,2.722E-003,0.200,Natural,0.000,1.0,1.000,0.000,0.000,0.000,-100.00,100.00,-100.00,0.00,10.00,40.00
,116,2N5PAWURB9UXWMW6VZHKG2_SUMMER,CONTINUOUS,2N5PAWURB9UXWMW6VZHKG2,37.70,2.7,3.665E-002,9.721E-004,1.361E-002,1.000,Natural,0.000,1.0,1.000,0.000,0.000,0.000,-100.00,100.00,-100.00,10.00,17.00,40.00
,117,2N5PAWURB9UXWMW6VZHKG2_OVERHEATING,CONTINUOUS,2N5PAWURB9UXWMW6VZHKG2,37.70,2.7,0.110,2.916E-003,4.083E-002,3.000,Natural,0.000,1.0,1.000,0.000,0.000,0.000,-100.00,100.00,-100.00,17.00,100.00,40.00
,118,2U0_9NBFJ5W9HBM3YSNCGZ_WINTER,CONTINUOUS,2U0_9NBFJ5W9HBM3YSNCGZ,5.15,0.1,3.081E-003,5.983E-004,2.393E-002,0.200,Natural,0.000,1.0,1.000,0.000,0.000,0.000,-100.00,100.00,-100.00,0.00,10.00,40.00
,119,2U0_9NBFJ5W9HBM3YSNCGZ_SUMMER,CONTINUOUS,2U0_9NBFJ5W9HBM3YSNCGZ,5.15,0.1,1.541E-002,2.992E-003,0.120,1.000,Natural,0.000,1.0,1.000,0.000,0.000,0.000,-100.00,100.00,-100.00,10.00,17.00,40.00
,120,2U0_9NBFJ5W9HBM3YSNCGZ_OVERHEATING,CONTINUOUS,2U0_9NBFJ5W9HBM3YSNCGZ,5.15,0.1,4.622E-002,8.975E-003,0.359,3.000,Natural,0.000,1.0,1.000,0.000,0.000,0.000,-100.00,100.00,-100.00,17.00,100.00,40.00
,121,2WTW_5TS12BQVVPNZ4RTZ8_WINTER,CONTINUOUS,2WTW_5TS12BQVVPNZ4RTZ8,9.18,0.0,1.785E-003,1.945E-004,N/A,0.200,Natural,0.000,1.0,1.000,0.000,0.000,0.000,-100.00,100.00,-100.00,0.00,10.00,40.00
,122,2WTW_5TS12BQVVPNZ4RTZ8_SUMMER,CONTINUOUS,2WTW_5TS12BQVVPNZ4RTZ8,9.18,0.0,8.927E-003,9.725E-004,N/A,1.000,Natural,0.000,1.0,1.000,0.000,0.000,0.000,-100.00,100.00,-100.00,10.00,17.00,40.00
,123,2WTW_5TS12BQVVPNZ4RTZ8_OVERHEATING,CONTINUOUS,2WTW_5TS12BQVVPNZ4RTZ8,9.18,0.0,2.678E-002,2.917E-003,N/A,3.000,Natural,0.000,1.0,1.000,0.000,0.000,0.000,-100.00,100.00,-100.00,17.00,100.00,40.00
,124,2X$RF$7GLFZECF00IG4ZFJ_WINTER,CONTINUOUS,2X$RF$7GLFZECF00IG4ZFJ,9.19,0.0,1.785E-003,1.942E-004,N/A,0.200,Natural,0.000,1.0,1.000,0.000,0.000,0.000,-100.00,100.00,-100.00,0.00,10.00,40.00
,125,2X$RF$7GLFZECF00IG4ZFJ_SUMMER,CONTINUOUS,2X$RF$7GLFZECF00IG4ZFJ,9.19,0.0,8.924E-003,9.712E-004,N/A,1.000,Natural,0.000,1.0,1.000,0.000,0.000,0.000,-100.00,100.00,-100.00,10.00,17.00,40.00
,126,2X$RF$7GLFZECF00IG4ZFJ_OVERHEATING,CONTINUOUS,2X$RF$7GLFZECF00IG4ZFJ,9.19,0.0,2.677E-002,2.914E-003,N/A,3.000,Natural,0.000,1.0,1.000,0.000,0.000,0.000,-100.00,100.00,-100.00,17.00,100.00,40.00
,127,2Y6L$OYX55CULKWGZVG76X_WINTER,CONTINUOUS,2Y6L$OYX55CULKWGZVG76X,0.68,4.8E-002,1.313E-004,1.944E-004,2.722E-003,0.200,Natural,0.000,1.0,1.000,0.000,0.000,0.000,-100.00,100.00,-100.00,0.00,10.00,40.00
,128,2Y6L$OYX55CULKWGZVG76X_SUMMER,CONTINUOUS,2Y6L$OYX55CULKWGZVG76X,0.68,4.8E-002,6.563E-004,9.722E-004,1.361E-002,1.000,Natural,0.000,1.0,1.000,0.000,0.000,0.000,-100.00,100.00,-100.00,10.00,17.00,40.00
,129,2Y6L$OYX55CULKWGZVG76X_OVERHEATING,CONTINUOUS,2Y6L$OYX55CULKWGZVG76X,0.68,4.8E-002,1.969E-003,2.917E-003,4.083E-002,3.000,Natural,0.000,1.0,1.000,0.000,0.000,0.000,-100.00,100.00,-100.00,17.00,100.00,40.00
,130,2YUBHDOS5EZHT591INO2JZ_WINTER,CONTINUOUS,2YUBHDOS5EZHT591INO2JZ,37.48,2.7,7.288E-003,1.944E-004,2.722E-003,0.200,Natural,0.000,1.0,1.000,0.000,0.000,0.000,-100.00,100.00,-100.00,0.00,10.00,40.00
,131,2YUBHDOS5EZHT591INO2JZ_SUMMER,CONTINUOUS,2YUBHDOS5EZHT591INO2JZ,37.48,2.7,3.644E-002,9.722E-004,1.361E-002,1.000,Natural,0.000,1.0,1.000,0.000,0.000,0.000,-100.00,100.00,-100.00,10.00,17.00,40.00
,132,2YUBHDOS5EZHT591INO2JZ_OVERHEATING,CONTINUOUS,2YUBHDOS5EZHT591INO2JZ,37.48,2.7,0.109,2.917E-003,4.083E-002,3.000,Natural,0.000,1.0,1.000,0.000,0.000,0.000,-100.00,100.00,-100.00,17.00,100.00,40.00
,133,2_MZMMWYJ2X8L5ZTTWFZQ9_WINTER,CONTINUOUS,2_MZMMWYJ2X8L5ZTTWFZQ9,0.68,4.8E-002,1.313E-004,1.944E-004,2.722E-003,0.200,Natural,0.000,1.0,1.000,0.000,0.000,0.000,-100.00,100.00,-100.00,0.00,10.00,40.00
,134,2_MZMMWYJ2X8L5ZTTWFZQ9_SUMMER,CONTINUOUS,2_MZMMWYJ2X8L5ZTTWFZQ9,0.68,4.8E-002,6.563E-004,9.722E-004,1.361E-002,1.000,Natural,0.000,1.0,1.000,0.000,0.000,0.000,-100.00,100.00,-100.00,10.00,17.00,40.00
,135,2_MZMMWYJ2X8L5ZTTWFZQ9_OVERHEATING,CONTINUOUS,2_MZMMWYJ2X8L5ZTTWFZQ9,0.68,4.8E-002,1.969E-003,2.917E-003,4.083E-002,3.000,Natural,0.000,1.0,1.000,0.000,0.000,0.000,-100.00,100.00,-100.00,17.00,100.00,40.00
,136,2K9O3QILF0AQFA6KKU5HXP_WINTER,CONTINUOUS,2K9O3QILF0AQFA6KKU5HXP,21.87,7.3,4.253E-003,1.944E-004,5.833E-004,0.200,Natural,0.000,1.0,1.000,0.000,0.000,0.000,-100.00,100.00,-100.00,0.00,10.00,40.00
,137,2K9O3QILF0AQFA6KKU5HXP_SUMMER,CONTINUOUS,2K9O3QILF0AQFA6KKU5HXP,21.87,7.3,2.126E-002,9.722E-004,2.917E-003,1.000,Natural,0.000,1.0,1.000,0.000,0.000,0.000,-100.00,100.00,-100.00,10.00,17.00,40.00
,138,2K9O3QILF0AQFA6KKU5HXP_OVERHEATING,CONTINUOUS,2K9O3QILF0AQFA6KKU5HXP,21.87,7.3,6.379E-002,2.917E-003,8.750E-003,3.000,Natural,0.000,1.0,1.000,0.000,0.000,0.000,-100.00,100.00,-100.00,17.00,100.00,40.00
,139,2SQQMDRC5FSAM7Q4HEYPCN_WINTER,CONTINUOUS,2SQQMDRC5FSAM7Q4HEYPCN,21.31,7.1,4.145E-003,1.945E-004,5.834E-004,0.200,Natural,0.000,1.0,1.000,0.000,0.000,0.000,-100.00,100.00,-100.00,0.00,10.00,40.00
,140,2SQQMDRC5FSAM7Q4HEYPCN_SUMMER,CONTINUOUS,2SQQMDRC5FSAM7Q4HEYPCN,21.31,7.1,2.072E-002,9.723E-004,2.917E-003,1.000,Natural,0.000,1.0,1.000,0.000,0.000,0.000,-100.00,100.00,-100.00,10.00,17.00,40.00
,141,2SQQMDRC5FSAM7Q4HEYPCN_OVERHEATING,CONTINUOUS,2SQQMDRC5FSAM7Q4HEYPCN,21.31,7.1,6.217E-002,2.917E-003,8.751E-003,3.000,Natural,0.000,1.0,1.000,0.000,0.000,0.000,-100.00,100.00,-100.00,17.00,100.00,40.00
,142,2UN5ECZKNBEXTUKMCA5OFF_WINTER,CONTINUOUS,2UN5ECZKNBEXTUKMCA5OFF,13.02,0.0,2.531E-003,1.945E-004,N/A,0.200,Natural,0.000,1.0,1.000,0.000,0.000,0.000,-100.00,100.00,-100.00,0.00,10.00,40.00
,143,2UN5ECZKNBEXTUKMCA5OFF_SUMMER,CONTINUOUS,2UN5ECZKNBEXTUKMCA5OFF,13.02,0.0,1.266E-002,9.725E-004,N/A,1.000,Natural,0.000,1.0,1.000,0.000,0.000,0.000,-100.00,100.00,-100.00,10.00,17.00,40.00
,144,2UN5ECZKNBEXTUKMCA5OFF_OVERHEATING,CONTINUOUS,2UN5ECZKNBEXTUKMCA5OFF,13.02,0.0,3.797E-002,2.918E-003,N/A,3.000,Natural,0.000,1.0,1.000,0.000,0.000,0.000,-100.00,100.00,-100.00,17.00,100.00,40.00
,145,2V9V9EITTC7UB9LUIJAJSI_WINTER,CONTINUOUS,2V9V9EITTC7UB9LUIJAJSI,37.17,2.7,7.229E-003,1.945E-004,2.722E-003,0.200,Natural,0.000,1.0,1.000,0.000,0.000,0.000,-100.00,100.00,-100.00,0.00,10.00,40.00
,146,2V9V9EITTC7UB9LUIJAJSI_SUMMER,CONTINUOUS,2V9V9EITTC7UB9LUIJAJSI,37.17,2.7,3.615E-002,9.723E-004,1.361E-002,1.000,Natural,0.000,1.0,1.000,0.000,0.000,0.000,-100.00,100.00,-100.00,10.00,17.00,40.00
,147,2V9V9EITTC7UB9LUIJAJSI_OVERHEATING,CONTINUOUS,2V9V9EITTC7UB9LUIJAJSI,37.17,2.7,0.108,2.917E-003,4.084E-002,3.000,Natural,0.000,1.0,1.000,0.000,0.000,0.000,-100.00,100.00,-100.00,17.00,100.00,40.00
,148,303QW7ZF996EKWJLTQOLOB_WINTER,CONTINUOUS,303QW7ZF996EKWJLTQOLOB,12.95,0.0,2.520E-003,1.945E-004,N/A,0.200,Natural,0.000,1.0,1.000,0.000,0.000,0.000,-100.00,100.00,-100.00,0.00,10.00,40.00
,149,303QW7ZF996EKWJLTQOLOB_SUMMER,CONTINUOUS,303QW7ZF996EKWJLTQOLOB,12.95,0.0,1.260E-002,9.725E-004,N/A,1.000,Natural,0.000,1.0,1.000,0.000,0.000,0.000,-100.00,100.00,-100.00,10.00,17.00,40.00
,150,303QW7ZF996EKWJLTQOLOB_OVERHEATING,CONTINUOUS,303QW7ZF996EKWJLTQOLOB,12.95,0.0,3.779E-002,2.918E-003,N/A,3.000,Natural,0.000,1.0,1.000,0.000,0.000,0.000,-100.00,100.00,-100.00,17.00,100.00,40.00
,151,38IMUKOGP559RZQPTQORMP_WINTER,CONTINUOUS,38IMUKOGP559RZQPTQORMP,26.49,0.7,4.416E-003,1.667E-004,6.667E-003,0.200,Natural,0.000,1.0,1.000,0.000,0.000,0.000,-100.00,100.00,-100.00,0.00,10.00,40.00
,152,38IMUKOGP559RZQPTQORMP_SUMMER,CONTINUOUS,38IMUKOGP559RZQPTQORMP,26.49,0.7,2.208E-002,8.333E-004,3.333E-002,1.000,Natural,0.000,1.0,1.000,0.000,0.000,0.000,-100.00,100.00,-100.00,10.00,17.00,40.00
,153,38IMUKOGP559RZQPTQORMP_OVERHEATING,CONTINUOUS,38IMUKOGP559RZQPTQORMP,26.49,0.7,6.623E-002,2.500E-003,1.000E-001,3.000,Natural,0.000,1.0,1.000,0.000,0.000,0.000,-100.00,100.00,-100.00,17.00,100.00,40.00
,154,3M_8BSRUT9JPFPUQGPEDOA_WINTER,CONTINUOUS,3M_8BSRUT9JPFPUQGPEDOA,36.71,0.0,1.142E-002,3.110E-004,N/A,0.200,Natural,0.000,1.0,1.000,0.000,0.000,0.000,-100.00,100.00,-100.00,0.00,10.00,40.00
,155,3M_8BSRUT9JPFPUQGPEDOA_SUMMER,CONTINUOUS,3M_8BSRUT9JPFPUQGPEDOA,36.71,0.0,5.708E-002,1.555E-003,N/A,1.000,Natural,0.000,1.0,1.000,0.000,0.000,0.000,-100.00,100.00,-100.00,10.00,17.00,40.00
,156,3M_8BSRUT9JPFPUQGPEDOA_OVERHEATING,CONTINUOUS,3M_8BSRUT9JPFPUQGPEDOA,36.71,0.0,0.171,4.665E-003,N/A,3.000,Natural,0.000,1.0,1.000,0.000,0.000,0.000,-100.00,100.00,-100.00,17.00,100.00,40.00
,157,3TJLMIJ$97RELEO_9TS0SD_WINTER,CONTINUOUS,3TJLMIJ$97RELEO_9TS0SD,9.18,0.0,1.785E-003,1.945E-004,N/A,0.200,Natural,0.000,1.0,1.000,0.000,0.000,0.000,-100.00,100.00,-100.00,0.00,10.00,40.00
,158,3TJLMIJ$97RELEO_9TS0SD_SUMMER,CONTINUOUS,3TJLMIJ$97RELEO_9TS0SD,9.18,0.0,8.927E-003,9.725E-004,N/A,1.000,Natural,0.000,1.0,1.000,0.000,0.000,0.000,-100.00,100.00,-100.00,10.00,17.00,40.00
,159,3TJLMIJ$97RELEO_9TS0SD_OVERHEATING,CONTINUOUS,3TJLMIJ$97RELEO_9TS0SD,9.18,0.0,2.678E-002,2.917E-003,N/A,3.000,Natural,0.000,1.0,1.000,0.000,0.000,0.000,-100.00,100.00,-100.00,17.00,100.00,40.00
,160,3W$07STZF4SGATGZXH6RH7_WINTER,CONTINUOUS,3W$07STZF4SGATGZXH6RH7,36.90,2.6,7.176E-003,1.945E-004,2.722E-003,0.200,Natural,0.000,1.0,1.000,0.000,0.000,0.000,-100.00,100.00,-100.00,0.00,10.00,40.00
,161,3W$07STZF4SGATGZXH6RH7_SUMMER,CONTINUOUS,3W$07STZF4SGATGZXH6RH7,36.90,2.6,3.588E-002,9.723E-004,1.361E-002,1.000,Natural,0.000,1.0,1.000,0.000,0.000,0.000,-100.00,100.00,-100.00,10.00,17.00,40.00
,162,3W$07STZF4SGATGZXH6RH7_OVERHEATING,CONTINUOUS,3W$07STZF4SGATGZXH6RH7,36.90,2.6,0.108,2.917E-003,4.084E-002,3.000,Natural,0.000,1.0,1.000,0.000,0.000,0.000,-100.00,100.00,-100.00,17.00,100.00,40.00
,163,3WTGYEGFV57XESUBLIN6UZ_WINTER,CONTINUOUS,3WTGYEGFV57XESUBLIN6UZ,36.99,2.6,7.193E-003,1.944E-004,2.722E-003,0.200,Natural,0.000,1.0,1.000,0.000,0.000,0.000,-100.00,100.00,-100.00,0.00,10.00,40.00
,164,3WTGYEGFV57XESUBLIN6UZ_SUMMER,CONTINUOUS,3WTGYEGFV57XESUBLIN6UZ,36.99,2.6,3.596E-002,9.722E-004,1.361E-002,1.000,Natural,0.000,1.0,1.000,0.000,0.000,0.000,-100.00,100.00,-100.00,10.00,17.00,40.00
,165,3WTGYEGFV57XESUBLIN6UZ_OVERHEATING,CONTINUOUS,3WTGYEGFV57XESUBLIN6UZ,36.99,2.6,0.108,2.917E-003,4.083E-002,3.000,Natural,0.000,1.0,1.000,0.000,0.000,0.000,-100.00,100.00,-100.00,17.00,100.00,40.00
,166,3XETEHPLX2FBMDLVKG9RNX_WINTER,CONTINUOUS,3XETEHPLX2FBMDLVKG9RNX,36.90,2.6,7.176E-003,1.945E-004,2.722E-003,0.200,Natural,0.000,1.0,1.000,0.000,0.000,0.000,-100.00,100.00,-100.00,0.00,10.00,40.00
,167,3XETEHPLX2FBMDLVKG9RNX_SUMMER,CONTINUOUS,3XETEHPLX2FBMDLVKG9RNX,36.90,2.6,3.588E-002,9.723E-004,1.361E-002,1.000,Natural,0.000,1.0,1.000,0.000,0.000,0.000,-100.00,100.00,-100.00,10.00,17.00,40.00
,168,3XETEHPLX2FBMDLVKG9RNX_OVERHEATING,CONTINUOUS,3XETEHPLX2FBMDLVKG9RNX,36.90,2.6,0.108,2.917E-003,4.084E-002,3.000,Natural,0.000,1.0,1.000,0.000,0.000,0.000,-100.00,100.00,-100.00,17.00,100.00,40.00
,169,3DYLJPHWXB1VOWY5LPQ8_2_WINTER,CONTINUOUS,3DYLJPHWXB1VOWY5LPQ8_2,37.70,12.6,7.329E-003,1.944E-004,5.833E-004,0.200,Natural,0.000,1.0,1.000,0.000,0.000,0.000,-100.00,100.00,-100.00,0.00,10.00,40.00
,170,3DYLJPHWXB1VOWY5LPQ8_2_SUMMER,CONTINUOUS,3DYLJPHWXB1VOWY5LPQ8_2,37.70,12.6,3.665E-002,9.721E-004,2.916E-003,1.000,Natural,0.000,1.0,1.000,0.000,0.000,0.000,-100.00,100.00,-100.00,10.00,17.00,40.00
,171,3DYLJPHWXB1VOWY5LPQ8_2_OVERHEATING,CONTINUOUS,3DYLJPHWXB1VOWY5LPQ8_2,37.70,12.6,0.110,2.916E-003,8.749E-003,3.000,Natural,0.000,1.0,1.000,0.000,0.000,0.000,-100.00,100.00,-100.00,17.00,100.00,40.00
,172,3G0CEO8QRFGPRRO9HYEX7V_WINTER,CONTINUOUS,3G0CEO8QRFGPRRO9HYEX7V,36.11,2.6,3.611E-004,1.000E-005,1.400E-004,0.200,Natural,0.000,1.0,1.000,0.000,0.000,0.000,-100.00,100.00,-100.00,0.00,10.00,40.00
,173,3G0CEO8QRFGPRRO9HYEX7V_SUMMER,CONTINUOUS,3G0CEO8QRFGPRRO9HYEX7V,36.11,2.6,1.806E-003,5.000E-005,7.000E-004,1.000,Natural,0.000,1.0,1.000,0.000,0.000,0.000,-100.00,100.00,-100.00,10.00,17.00,40.00
,174,3G0CEO8QRFGPRRO9HYEX7V_OVERHEATING,CONTINUOUS,3G0CEO8QRFGPRRO9HYEX7V,36.11,2.6,5.417E-003,1.500E-004,2.100E-003,3.000,Natural,0.000,1.0,1.000,0.000,0.000,0.000,-100.00,100.00,-100.00,17.00,100.00,40.00
,175,3LJWLADQX638QBR_BXHA$C_WINTER,CONTINUOUS,3LJWLADQX638QBR_BXHA$C,76.49,25.5,1.487E-002,1.944E-004,5.833E-004,0.200,Natural,0.000,1.0,1.000,0.000,0.000,0.000,-100.00,100.00,-100.00,0.00,10.00,40.00
,176,3LJWLADQX638QBR_BXHA$C_SUMMER,CONTINUOUS,3LJWLADQX638QBR_BXHA$C,76.49,25.5,7.436E-002,9.721E-004,2.916E-003,1.000,Natural,0.000,1.0,1.000,0.000,0.000,0.000,-100.00,100.00,-100.00,10.00,17.00,40.00
,177,3LJWLADQX638QBR_BXHA$C_OVERHEATING,CONTINUOUS,3LJWLADQX638QBR_BXHA$C,76.49,25.5,0.223,2.916E-003,8.749E-003,3.000,Natural,0.000,1.0,1.000,0.000,0.000,0.000,-100.00,100.00,-100.00,17.00,100.00,40.00


AirFlow Model

,,Simple
,1,Simple


RoomAir Model

,,Zone Name,Mixing/Mundt/UCSDDV/UCSDCV/UCSDUFI/UCSDUFE/User Defined
,1,00MLRNOVNCEHFFCBB9J$NK,Mixing/Well-Stirred
,2,0ELTW7UM9DRURZ_FYFNE9W,Mixing/Well-Stirred
,3,0W6NU5BRTFIQXXYMM6ILGS,Mixing/Well-Stirred
,4,0DIFK5T49139$QBDUCK5A9,Mixing/Well-Stirred
,5,0U2ZPLRHTCUWK3$YRPCZEO,Mixing/Well-Stirred
,6,0WLDSRXY1FH9RF4WA6QEKV,Mixing/Well-Stirred
,7,0ZWU9FOWRDWURARHO69T83,Mixing/Well-Stirred
,8,11GHF5W0N9AGOUOXD7SXZM,Mixing/Well-Stirred
,9,17KSY6ZZ5APQ0YJPQBAX_U,Mixing/Well-Stirred
,10,18PU3GE41D_BHP0U$GRITO,Mixing/Well-Stirred
,11,1BNZZOW0D8K8AGXDQ4F75V,Mixing/Well-Stirred
,12,1CXQ0W4HL71FQ21BMWHLFZ,Mixing/Well-Stirred
,13,1DR$EUE41E8ECWOYLIJLIT,Mixing/Well-Stirred
,14,1EYECQGPZ09F9SE6JGR55M,Mixing/Well-Stirred
,15,1GOZB5TBH738163NLUZBQX,Mixing/Well-Stirred
,16,1HQZA3HET1GRLTQSI138OL,Mixing/Well-Stirred
,17,1KWP7HSZR8YOJWZQWUXCGM,Mixing/Well-Stirred
,18,1PWTN7AMJ3OEWPOHZO42NJ,Mixing/Well-Stirred
,19,1Y2RJHKTHCLXJ0TUUV9K_Z,Mixing/Well-Stirred
,20,1_FGE0TIZCTRJEYZDX5WYJ,Mixing/Well-Stirred
,21,1ADVKLHC9ALU8GQYFXFWE4,Mixing/Well-Stirred
,22,1IAFH_A0X4BU_FFXOZPTRL,Mixing/Well-Stirred
,23,1JORQKBDN4ZXPNFOKGQGP_,Mixing/Well-Stirred
,24,1LXCTPB4NESE3Q6XK6HAD5,Mixing/Well-Stirred
,25,1NYUQ381R1JGTXA1VKFRZV,Mixing/Well-Stirred
,26,1RW1JYHZV1QBSFHPLSLVZZ,Mixing/Well-Stirred
,27,1SIISADAJ75P2K126BOPWI,Mixing/Well-Stirred
,28,1TFYORFFD5ZX4NAJ0W62KG,Mixing/Well-Stirred
,29,1WCNWD8FVEXXE6Q3YNDNHJ,Mixing/Well-Stirred
,30,1Y_DAPZEF9MXUPESN29HKY,Mixing/Well-Stirred
,31,24CJFLTRXBVFTECKJLT5IU,Mixing/Well-Stirred
,32,2CXRC190XAZUMHRLJ12ZWO,Mixing/Well-Stirred
,33,2CBLUG4K90AFS0ULISW57$,Mixing/Well-Stirred
,34,2DDCZNH4P35P17ZZP0MC27,Mixing/Well-Stirred
,35,2DZYGNKTN3YUE2CQZ7IH3G,Mixing/Well-Stirred
,36,2JPUAUJGVCL8GZFYDEN0QZ,Mixing/Well-Stirred
,37,2KFJ4GAD59TRGS$KUMPVKX,Mixing/Well-Stirred
,38,2KRQOVE1T90WWGJURUVFGY,Mixing/Well-Stirred
,39,2N5PAWURB9UXWMW6VZHKG2,Mixing/Well-Stirred
,40,2U0_9NBFJ5W9HBM3YSNCGZ,Mixing/Well-Stirred
,41,2WTW_5TS12BQVVPNZ4RTZ8,Mixing/Well-Stirred
,42,2X$RF$7GLFZECF00IG4ZFJ,Mixing/Well-Stirred
,43,2Y6L$OYX55CULKWGZVG76X,Mixing/Well-Stirred
,44,2YUBHDOS5EZHT591INO2JZ,Mixing/Well-Stirred
,45,2_MZMMWYJ2X8L5ZTTWFZQ9,Mixing/Well-Stirred
,46,2K9O3QILF0AQFA6KKU5HXP,Mixing/Well-Stirred
,47,2SQQMDRC5FSAM7Q4HEYPCN,Mixing/Well-Stirred
,48,2UN5ECZKNBEXTUKMCA5OFF,Mixing/Well-Stirred
,49,2V9V9EITTC7UB9LUIJAJSI,Mixing/Well-Stirred
,50,303QW7ZF996EKWJLTQOLOB,Mixing/Well-Stirred
,51,38IMUKOGP559RZQPTQORMP,Mixing/Well-Stirred
,52,3M_8BSRUT9JPFPUQGPEDOA,Mixing/Well-Stirred
,53,3TJLMIJ$97RELEO_9TS0SD,Mixing/Well-Stirred
,54,3W$07STZF4SGATGZXH6RH7,Mixing/Well-Stirred
,55,3WTGYEGFV57XESUBLIN6UZ,Mixing/Well-Stirred
,56,3XETEHPLX2FBMDLVKG9RNX,Mixing/Well-Stirred
,57,3DYLJPHWXB1VOWY5LPQ8_2,Mixing/Well-Stirred
,58,3G0CEO8QRFGPRRO9HYEX7V,Mixing/Well-Stirred
,59,3LJWLADQX638QBR_BXHA$C,Mixing/Well-Stirred


AirflowNetwork Model:Control

,,No Multizone or Distribution/Multizone with Distribution/Multizone without Distribution/Multizone with Distribution only during Fan Operation
,1,NoMultizoneOrDistribution


Zone Volume Capacitance Multiplier

,,Sensible Heat Capacity Multiplier,Moisture Capacity Multiplier,Carbon Dioxide Capacity Multiplier,Generic Contaminant Capacity Multiplier
,1,1.000,1.000,1.000,1.000


Load Timesteps in Zone Design Calculation Averaging Window

,,Value
,1,4


Heating Sizing Factor Information

,,Sizing Factor ID,Value
,1,Global,1.0000


Cooling Sizing Factor Information

,,Sizing Factor ID,Value
,1,Global,1.0000


Zone Sizing Information

,,Zone Name,Load Type,Calc Des Load {W},User Des Load {W},Calc Des Air Flow Rate {m3/s},User Des Air Flow Rate {m3/s},Design Day Name,Date/Time of Peak,Temperature at Peak {C},Humidity Ratio at Peak {kgWater/kgDryAir},Floor Area {m2},# Occupants,Calc Outdoor Air Flow Rate {m3/s},Calc DOAS Heat Addition Rate {W}
,1,00MLRNOVNCEHFFCBB9J$NK,Cooling,563.30337,563.30337,5.89679E-002,5.89679E-002,SUMMER DESIGN DAY FROM WEATHER FILE,7/29 16:00:00,25.30000,7.58977E-003,26.49375,1.89241,0.00000,0.00000
,2,00MLRNOVNCEHFFCBB9J$NK,Heating,496.23639,496.23639,1.41236E-002,1.41236E-002,WINTER DESIGN DAY FROM WEATHER FILE,2/28 21:15:00,10.30000,6.40554E-003,26.49375,1.89241,0.00000,0.00000
,3,0ELTW7UM9DRURZ_FYFNE9W,Cooling,2594.38619,2594.38619,0.27159,0.27159,SUMMER DESIGN DAY FROM WEATHER FILE,7/29 15:00:00,25.00000,7.04084E-003,37.63502,2.68822,0.00000,0.00000
,4,0ELTW7UM9DRURZ_FYFNE9W,Heating,538.40041,538.40041,1.53237E-002,1.53237E-002,WINTER DESIGN DAY FROM WEATHER FILE,3/2 06:00:00,1.00000,3.66822E-003,37.63502,2.68822,0.00000,0.00000
,5,0W6NU5BRTFIQXXYMM6ILGS,Cooling,235.43250,235.43250,2.46457E-002,2.46457E-002,SUMMER DESIGN DAY FROM WEATHER FILE,7/29 16:00:00,25.30000,7.58977E-003,10.33500,0.73821,0.00000,0.00000
,6,0W6NU5BRTFIQXXYMM6ILGS,Heating,191.97725,191.97725,5.46405E-003,5.46405E-003,WINTER DESIGN DAY FROM WEATHER FILE,2/28 21:15:00,10.30000,6.40554E-003,10.33500,0.73821,0.00000,0.00000
,7,0DIFK5T49139$QBDUCK5A9,Cooling,353.85422,353.85422,3.70438E-002,3.70438E-002,SUMMER DESIGN DAY FROM WEATHER FILE,7/29 16:15:00,25.20000,7.49435E-003,26.49375,0.66234,0.00000,0.00000
,8,0DIFK5T49139$QBDUCK5A9,Heating,598.77779,598.77779,1.70433E-002,1.70433E-002,WINTER DESIGN DAY FROM WEATHER FILE,2/28 09:15:00,10.57500,6.27777E-003,26.49375,0.66234,0.00000,0.00000
,9,0U2ZPLRHTCUWK3$YRPCZEO,Cooling,1406.10849,1406.10849,0.14719,0.14719,SUMMER DESIGN DAY FROM WEATHER FILE,7/29 16:00:00,25.30000,7.58977E-003,37.17495,2.65535,0.00000,0.00000
,10,0U2ZPLRHTCUWK3$YRPCZEO,Heating,545.95452,545.95452,1.55389E-002,1.55389E-002,WINTER DESIGN DAY FROM WEATHER FILE,2/28 21:15:00,10.30000,6.40554E-003,37.17495,2.65535,0.00000,0.00000
,11,0WLDSRXY1FH9RF4WA6QEKV,Cooling,858.38793,858.38793,8.98617E-002,8.98617E-002,SUMMER DESIGN DAY FROM WEATHER FILE,7/29 16:15:00,25.20000,7.49435E-003,36.70858,0.00000,0.00000,0.00000
,12,0WLDSRXY1FH9RF4WA6QEKV,Heating,1409.11456,1409.11456,4.01096E-002,4.01096E-002,WINTER DESIGN DAY FROM WEATHER FILE,2/28 09:30:00,10.75000,6.26820E-003,36.70858,0.00000,0.00000,0.00000
,13,0ZWU9FOWRDWURARHO69T83,Cooling,374.69864,374.69864,3.92258E-002,3.92258E-002,SUMMER DESIGN DAY FROM WEATHER FILE,7/29 16:15:00,25.20000,7.49435E-003,26.49375,0.66234,0.00000,0.00000
,14,0ZWU9FOWRDWURARHO69T83,Heating,616.45778,616.45778,1.75465E-002,1.75465E-002,WINTER DESIGN DAY FROM WEATHER FILE,2/28 09:15:00,10.57500,6.27777E-003,26.49375,0.66234,0.00000,0.00000
,15,11GHF5W0N9AGOUOXD7SXZM,Cooling,1390.40942,1390.40942,0.14555,0.14555,SUMMER DESIGN DAY FROM WEATHER FILE,7/29 16:00:00,25.30000,7.58977E-003,37.17495,2.65535,0.00000,0.00000
,16,11GHF5W0N9AGOUOXD7SXZM,Heating,543.13157,543.13157,1.54586E-002,1.54586E-002,WINTER DESIGN DAY FROM WEATHER FILE,2/28 21:15:00,10.30000,6.40554E-003,37.17495,2.65535,0.00000,0.00000
,17,17KSY6ZZ5APQ0YJPQBAX_U,Cooling,4323.71919,4323.71919,0.40233,0.40233,SUMMER DESIGN DAY FROM WEATHER FILE,7/29 14:45:00,25.02500,7.15228E-003,74.08125,4.93875,0.00000,0.00000
,18,17KSY6ZZ5APQ0YJPQBAX_U,Heating,1202.03726,1202.03726,3.54328E-002,3.54328E-002,WINTER DESIGN DAY FROM WEATHER FILE,3/2 06:00:00,1.00000,3.66822E-003,74.08125,4.93875,0.00000,0.00000
,19,18PU3GE41D_BHP0U$GRITO,Cooling,182.57085,182.57085,1.91127E-002,1.91127E-002,SUMMER DESIGN DAY FROM WEATHER FILE,7/29 16:15:00,25.20000,7.49435E-003,7.93125,0.00000,0.00000,0.00000
,20,18PU3GE41D_BHP0U$GRITO,Heating,176.97835,176.97835,5.03768E-003,5.03768E-003,WINTER DESIGN DAY FROM WEATHER FILE,2/28 09:30:00,10.75000,6.26820E-003,7.93125,0.00000,0.00000,0.00000
,21,1BNZZOW0D8K8AGXDQ4F75V,Cooling,1130.63162,1130.63162,0.11836,0.11836,SUMMER DESIGN DAY FROM WEATHER FILE,7/29 16:15:00,25.20000,7.49435E-003,105.04000,0.00000,0.00000,0.00000
,22,1BNZZOW0D8K8AGXDQ4F75V,Heating,1832.73222,1832.73222,5.21647E-002,5.21647E-002,WINTER DESIGN DAY FROM WEATHER FILE,3/4 15:15:00,10.10000,3.56644E-003,105.04000,0.00000,0.00000,0.00000
,23,1CXQ0W4HL71FQ21BMWHLFZ,Cooling,189.63632,189.63632,1.98527E-002,1.98527E-002,SUMMER DESIGN DAY FROM WEATHER FILE,7/29 16:30:00,25.10000,7.39976E-003,9.17180,0.00000,0.00000,0.00000
,24,1CXQ0W4HL71FQ21BMWHLFZ,Heating,200.25895,200.25895,5.70039E-003,5.70039E-003,WINTER DESIGN DAY FROM WEATHER FILE,2/28 09:30:00,10.75000,6.26820E-003,9.17180,0.00000,0.00000,0.00000
,25,1DR$EUE41E8ECWOYLIJLIT,Cooling,1696.56817,1696.56817,12530.97688,12530.97688,SUMMER DESIGN DAY FROM WEATHER FILE,8/2 14:30:00,23.40000,8.15191E-003,5.15000,0.12875,0.00000,0.00000
,26,1EYECQGPZ09F9SE6JGR55M,Cooling,2615.27381,2615.27381,0.27378,0.27378,SUMMER DESIGN DAY FROM WEATHER FILE,7/29 15:00:00,25.00000,7.04084E-003,37.69555,2.69254,0.00000,0.00000
,27,1EYECQGPZ09F9SE6JGR55M,Heating,531.34909,531.34909,1.51230E-002,1.51230E-002,WINTER DESIGN DAY FROM WEATHER FILE,3/2 06:00:00,1.00000,3.66822E-003,37.69555,2.69254,0.00000,0.00000
,28,1GOZB5TBH738163NLUZBQX,Cooling,5567.43309,5567.43309,0.58280,0.58280,SUMMER DESIGN DAY FROM WEATHER FILE,7/29 15:30:00,25.15000,7.31298E-003,76.21655,25.40552,0.00000,0.00000
,29,1GOZB5TBH738163NLUZBQX,Heating,1053.42762,1053.42762,2.99818E-002,2.99818E-002,WINTER DESIGN DAY FROM WEATHER FILE,3/2 06:00:00,1.00000,3.66822E-003,76.21655,25.40552,0.00000,0.00000
,30,1HQZA3HET1GRLTQSI138OL,Cooling,233.74984,233.74984,2.44705E-002,2.44705E-002,SUMMER DESIGN DAY FROM WEATHER FILE,7/29 16:15:00,25.20000,7.49435E-003,13.36450,0.00000,0.00000,0.00000
,31,1HQZA3HET1GRLTQSI138OL,Heating,201.25531,201.25531,5.72876E-003,5.72876E-003,WINTER DESIGN DAY FROM WEATHER FILE,2/28 09:30:00,10.75000,6.26820E-003,13.36450,0.00000,0.00000,0.00000
,32,1KWP7HSZR8YOJWZQWUXCGM,Cooling,231.27289,231.27289,2.42112E-002,2.42112E-002,SUMMER DESIGN DAY FROM WEATHER FILE,7/29 16:15:00,25.20000,7.49435E-003,13.29700,0.00000,0.00000,0.00000
,33,1KWP7HSZR8YOJWZQWUXCGM,Heating,201.44271,201.44271,5.73410E-003,5.73410E-003,WINTER DESIGN DAY FROM WEATHER FILE,2/28 09:30:00,10.75000,6.26820E-003,13.29700,0.00000,0.00000,0.00000
,34,1PWTN7AMJ3OEWPOHZO42NJ,Cooling,2260.92955,2260.92955,0.23669,0.23669,SUMMER DESIGN DAY FROM WEATHER FILE,7/29 16:45:00,25.00000,7.30601E-003,36.72000,2.62286,0.00000,0.00000
,35,1PWTN7AMJ3OEWPOHZO42NJ,Heating,788.65285,788.65285,2.24456E-002,2.24456E-002,WINTER DESIGN DAY FROM WEATHER FILE,3/2 06:00:00,1.00000,3.66822E-003,36.72000,2.62286,0.00000,0.00000
,36,1Y2RJHKTHCLXJ0TUUV9K_Z,Cooling,11993.60110,11993.60110,1.25556,1.25556,SUMMER DESIGN DAY FROM WEATHER FILE,7/29 12:00:00,24.30000,7.71052E-003,35.92350,17.96175,0.00000,0.00000
,37,1_FGE0TIZCTRJEYZDX5WYJ,Cooling,22407.80990,22407.80990,2.34571,2.34571,SUMMER DESIGN DAY FROM WEATHER FILE,7/29 16:00:00,25.30000,7.58977E-003,672.68080,56.05673,0.00000,0.00000
,38,1_FGE0TIZCTRJEYZDX5WYJ,Heating,11558.57175,11558.57175,0.32898,0.32898,WINTER DESIGN DAY FROM WEATHER FILE,2/28 21:15:00,10.30000,6.40554E-003,672.68080,56.05673,0.00000,0.00000
,39,1ADVKLHC9ALU8GQYFXFWE4,Cooling,688.39178,688.39178,7.20656E-002,7.20656E-002,SUMMER DESIGN DAY FROM WEATHER FILE,7/29 16:15:00,25.20000,7.49435E-003,53.96875,1.34922,0.00000,0.00000
,40,1ADVKLHC9ALU8GQYFXFWE4,Heating,1105.79052,1105.79052,3.14747E-002,3.14747E-002,WINTER DESIGN DAY FROM WEATHER FILE,2/28 09:15:00,10.57500,6.27777E-003,53.96875,1.34922,0.00000,0.00000
,41,1IAFH_A0X4BU_FFXOZPTRL,Cooling,2076.53590,2076.53590,0.21739,0.21739,SUMMER DESIGN DAY FROM WEATHER FILE,7/29 12:00:00,24.30000,7.71052E-003,36.72000,2.62286,0.00000,0.00000
,42,1IAFH_A0X4BU_FFXOZPTRL,Heating,809.47585,809.47585,2.30382E-002,2.30382E-002,WINTER DESIGN DAY FROM WEATHER FILE,3/2 06:00:00,1.00000,3.66822E-003,36.72000,2.62286,0.00000,0.00000
,43,1JORQKBDN4ZXPNFOKGQGP_,Cooling,141.87478,141.87478,1.48524E-002,1.48524E-002,SUMMER DESIGN DAY FROM WEATHER FILE,7/29 16:15:00,25.20000,7.49435E-003,10.33500,0.25838,0.00000,0.00000
,44,1JORQKBDN4ZXPNFOKGQGP_,Heating,211.86552,211.86552,6.03056E-003,6.03056E-003,WINTER DESIGN DAY FROM WEATHER FILE,2/28 09:15:00,10.57500,6.27777E-003,10.33500,0.25838,0.00000,0.00000
,45,1LXCTPB4NESE3Q6XK6HAD5,Cooling,1494.46291,1494.46291,0.15644,0.15644,SUMMER DESIGN DAY FROM WEATHER FILE,7/29 16:00:00,25.30000,7.58977E-003,36.99000,2.64214,0.00000,0.00000
,46,1LXCTPB4NESE3Q6XK6HAD5,Heating,729.97559,729.97559,2.07761E-002,2.07761E-002,WINTER DESIGN DAY FROM WEATHER FILE,2/28 21:15:00,10.30000,6.40554E-003,36.99000,2.64214,0.00000,0.00000
,47,1NYUQ381R1JGTXA1VKFRZV,Cooling,1400.96425,1400.96425,0.14666,0.14666,SUMMER DESIGN DAY FROM WEATHER FILE,7/29 16:00:00,25.30000,7.58977E-003,37.17495,2.65535,0.00000,0.00000
,48,1NYUQ381R1JGTXA1VKFRZV,Heating,545.85671,545.85671,1.55361E-002,1.55361E-002,WINTER DESIGN DAY FROM WEATHER FILE,2/28 21:15:00,10.30000,6.40554E-003,37.17495,2.65535,0.00000,0.00000
,49,1RW1JYHZV1QBSFHPLSLVZZ,Cooling,7756.44713,7756.44713,0.81197,0.81197,SUMMER DESIGN DAY FROM WEATHER FILE,7/29 15:00:00,25.00000,7.04084E-003,114.46240,57.23120,0.00000,0.00000
,50,1RW1JYHZV1QBSFHPLSLVZZ,Heating,1485.75010,1485.75010,4.22860E-002,4.22860E-002,WINTER DESIGN DAY FROM WEATHER FILE,3/2 06:00:00,1.00000,3.66822E-003,114.46240,57.23120,0.00000,0.00000
,51,1SIISADAJ75P2K126BOPWI,Cooling,158.32307,158.32307,1.65747E-002,1.65747E-002,SUMMER DESIGN DAY FROM WEATHER FILE,7/29 16:45:00,25.00000,7.30601E-003,7.93125,0.00000,0.00000,0.00000
,52,1SIISADAJ75P2K126BOPWI,Heating,192.10087,192.10087,5.46813E-003,5.46813E-003,WINTER DESIGN DAY FROM WEATHER FILE,2/28 09:30:00,10.75000,6.26820E-003,7.93125,0.00000,0.00000,0.00000
,53,1TFYORFFD5ZX4NAJ0W62KG,Cooling,3317.88980,3317.88980,0.34732,0.34732,SUMMER DESIGN DAY FROM WEATHER FILE,7/29 16:00:00,25.30000,7.58977E-003,37.42040,2.67289,0.00000,0.00000
,54,1TFYORFFD5ZX4NAJ0W62KG,Heating,598.66978,598.66978,1.70389E-002,1.70389E-002,WINTER DESIGN DAY FROM WEATHER FILE,3/2 06:00:00,1.00000,3.66822E-003,37.42040,2.67289,0.00000,0.00000
,55,1WCNWD8FVEXXE6Q3YNDNHJ,Cooling,336.61849,336.61849,3.52396E-002,3.52396E-002,SUMMER DESIGN DAY FROM WEATHER FILE,7/29 16:15:00,25.20000,7.49435E-003,26.49375,0.66234,0.00000,0.00000
,56,1WCNWD8FVEXXE6Q3YNDNHJ,Heating,548.72791,548.72791,1.56188E-002,1.56188E-002,WINTER DESIGN DAY FROM WEATHER FILE,2/28 09:15:00,10.57500,6.27777E-003,26.49375,0.66234,0.00000,0.00000
,57,1Y_DAPZEF9MXUPESN29HKY,Cooling,4801.25031,4801.25031,0.50260,0.50260,SUMMER DESIGN DAY FROM WEATHER FILE,7/29 16:00:00,25.30000,7.58977E-003,112.59000,11.25900,0.00000,0.00000
,58,1Y_DAPZEF9MXUPESN29HKY,Heating,2157.57389,2157.57389,6.14071E-002,6.14071E-002,WINTER DESIGN DAY FROM WEATHER FILE,2/28 21:15:00,10.30000,6.40554E-003,112.59000,11.25900,0.00000,0.00000
,59,24CJFLTRXBVFTECKJLT5IU,Cooling,534.17515,534.17515,5.59212E-002,5.59212E-002,SUMMER DESIGN DAY FROM WEATHER FILE,7/29 16:00:00,25.30000,7.58977E-003,36.11250,2.57946,0.00000,0.00000
,60,24CJFLTRXBVFTECKJLT5IU,Heating,269.78568,269.78568,7.68022E-003,7.68022E-003,WINTER DESIGN DAY FROM WEATHER FILE,2/26 06:00:00,-2.60000,2.84147E-003,36.11250,2.57946,0.00000,0.00000
,61,2CXRC190XAZUMHRLJ12ZWO,Cooling,3230.78572,3230.78572,0.33822,0.33822,SUMMER DESIGN DAY FROM WEATHER FILE,7/29 16:15:00,25.20000,7.49435E-003,206.37125,5.15928,0.00000,0.00000
,62,2CXRC190XAZUMHRLJ12ZWO,Heating,4742.13048,4742.13048,0.13498,0.13498,WINTER DESIGN DAY FROM WEATHER FILE,2/28 09:15:00,10.57500,6.27777E-003,206.37125,5.15928,0.00000,0.00000
,63,2CBLUG4K90AFS0ULISW57$,Cooling,1139.16521,1139.16521,0.11925,0.11925,SUMMER DESIGN DAY FROM WEATHER FILE,7/29 16:00:00,25.30000,7.58977E-003,21.31380,7.10460,0.00000,0.00000
,64,2CBLUG4K90AFS0ULISW57$,Heating,383.37104,383.37104,1.09113E-002,1.09113E-002,WINTER DESIGN DAY FROM WEATHER FILE,3/2 06:00:00,1.00000,3.66822E-003,21.31380,7.10460,0.00000,0.00000
,65,2DDCZNH4P35P17ZZP0MC27,Cooling,4558.68469,4558.68469,0.47721,0.47721,SUMMER DESIGN DAY FROM WEATHER FILE,7/29 16:00:00,25.30000,7.58977E-003,113.15295,11.31530,0.00000,0.00000
,66,2DDCZNH4P35P17ZZP0MC27,Heating,1606.89990,1606.89990,4.57358E-002,4.57358E-002,WINTER DESIGN DAY FROM WEATHER FILE,2/28 21:15:00,10.30000,6.40554E-003,113.15295,11.31530,0.00000,0.00000
,67,2DZYGNKTN3YUE2CQZ7IH3G,Cooling,30.26934,30.26934,3.16880E-003,3.16880E-003,SUMMER DESIGN DAY FROM WEATHER FILE,7/29 16:00:00,25.30000,7.58977E-003,1.02500,7.32143E-002,0.00000,0.00000
,68,2DZYGNKTN3YUE2CQZ7IH3G,Heating,26.63655,26.63655,7.58212E-004,7.58212E-004,WINTER DESIGN DAY FROM WEATHER FILE,2/28 21:15:00,10.30000,6.40554E-003,1.02500,7.32143E-002,0.00000,0.00000
,69,2JPUAUJGVCL8GZFYDEN0QZ,Cooling,1480.93904,1480.93904,0.15503,0.15503,SUMMER DESIGN DAY FROM WEATHER FILE,7/29 16:00:00,25.30000,7.58977E-003,36.99000,2.64214,0.00000,0.00000
,70,2JPUAUJGVCL8GZFYDEN0QZ,Heating,732.28183,732.28183,2.08417E-002,2.08417E-002,WINTER DESIGN DAY FROM WEATHER FILE,2/28 21:15:00,10.30000,6.40554E-003,36.99000,2.64214,0.00000,0.00000
,71,2KFJ4GAD59TRGS$KUMPVKX,Cooling,29.70724,29.70724,3.10996E-003,3.10996E-003,SUMMER DESIGN DAY FROM WEATHER FILE,7/29 16:00:00,25.30000,7.58977E-003,1.02500,7.32143E-002,0.00000,0.00000
,72,2KFJ4GAD59TRGS$KUMPVKX,Heating,26.81247,26.81247,7.63220E-004,7.63220E-004,WINTER DESIGN DAY FROM WEATHER FILE,2/28 21:15:00,10.30000,6.40554E-003,1.02500,7.32143E-002,0.00000,0.00000
,73,2KRQOVE1T90WWGJURUVFGY,Cooling,1209.46726,1209.46726,0.12661,0.12661,SUMMER DESIGN DAY FROM WEATHER FILE,7/29 16:00:00,25.30000,7.58977E-003,21.87000,7.29000,0.00000,0.00000
,74,2KRQOVE1T90WWGJURUVFGY,Heating,405.35891,405.35891,1.15371E-002,1.15371E-002,WINTER DESIGN DAY FROM WEATHER FILE,3/2 06:00:00,1.00000,3.66822E-003,21.87000,7.29000,0.00000,0.00000
,75,2N5PAWURB9UXWMW6VZHKG2,Cooling,2621.51786,2621.51786,0.27443,0.27443,SUMMER DESIGN DAY FROM WEATHER FILE,7/29 15:00:00,25.00000,7.04084E-003,37.69555,2.69254,0.00000,0.00000
,76,2N5PAWURB9UXWMW6VZHKG2,Heating,533.89730,533.89730,1.51955E-002,1.51955E-002,WINTER DESIGN DAY FROM WEATHER FILE,3/2 06:00:00,1.00000,3.66822E-003,37.69555,2.69254,0.00000,0.00000
,77,2U0_9NBFJ5W9HBM3YSNCGZ,Cooling,1925.68321,1925.68321,53211.58220,53211.58220,SUMMER DESIGN DAY FROM WEATHER FILE,7/29 16:15:00,25.20000,7.49435E-003,5.15000,0.12875,0.00000,0.00000
,78,2WTW_5TS12BQVVPNZ4RTZ8,Cooling,189.91252,189.91252,1.98816E-002,1.98816E-002,SUMMER DESIGN DAY FROM WEATHER FILE,7/29 16:30:00,25.10000,7.39976E-003,9.17975,0.00000,0.00000,0.00000
,79,2WTW_5TS12BQVVPNZ4RTZ8,Heating,200.51689,200.51689,5.70773E-003,5.70773E-003,WINTER DESIGN DAY FROM WEATHER FILE,2/28 09:30:00,10.75000,6.26820E-003,9.17975,0.00000,0.00000,0.00000
,80,2X$RF$7GLFZECF00IG4ZFJ,Cooling,190.05707,190.05707,1.98967E-002,1.98967E-002,SUMMER DESIGN DAY FROM WEATHER FILE,7/29 16:30:00,25.10000,7.39976E-003,9.18875,0.00000,0.00000,0.00000
,81,2X$RF$7GLFZECF00IG4ZFJ,Heating,199.93187,199.93187,5.69107E-003,5.69107E-003,WINTER DESIGN DAY FROM WEATHER FILE,2/28 09:30:00,10.75000,6.26820E-003,9.18875,0.00000,0.00000,0.00000
,82,2Y6L$OYX55CULKWGZVG76X,Cooling,17.63806,17.63806,1.84647E-003,1.84647E-003,SUMMER DESIGN DAY FROM WEATHER FILE,7/29 16:00:00,25.30000,7.58977E-003,0.67500,4.82143E-002,0.00000,0.00000
,83,2Y6L$OYX55CULKWGZVG76X,Heating,12.65818,12.65818,3.60322E-004,3.60322E-004,WINTER DESIGN DAY FROM WEATHER FILE,2/28 21:15:00,10.30000,6.40554E-003,0.67500,4.82143E-002,0.00000,0.00000
,84,2YUBHDOS5EZHT591INO2JZ,Cooling,3174.37778,3174.37778,0.33230,0.33230,SUMMER DESIGN DAY FROM WEATHER FILE,7/29 15:00:00,25.00000,7.04084E-003,37.48093,2.67721,0.00000,0.00000
,85,2YUBHDOS5EZHT591INO2JZ,Heating,620.57356,620.57356,1.76622E-002,1.76622E-002,WINTER DESIGN DAY FROM WEATHER FILE,3/2 06:00:00,1.00000,3.66822E-003,37.48093,2.67721,0.00000,0.00000
,86,2_MZMMWYJ2X8L5ZTTWFZQ9,Cooling,17.68600,17.68600,1.85149E-003,1.85149E-003,SUMMER DESIGN DAY FROM WEATHER FILE,7/29 16:00:00,25.30000,7.58977E-003,0.67500,4.82143E-002,0.00000,0.00000
,87,2_MZMMWYJ2X8L5ZTTWFZQ9,Heating,12.61901,12.61901,3.59207E-004,3.59207E-004,WINTER DESIGN DAY FROM WEATHER FILE,2/28 21:15:00,10.30000,6.40554E-003,0.67500,4.82143E-002,0.00000,0.00000
,88,2K9O3QILF0AQFA6KKU5HXP,Cooling,1137.86508,1137.86508,0.11911,0.11911,SUMMER DESIGN DAY FROM WEATHER FILE,7/29 16:00:00,25.30000,7.58977E-003,21.87000,7.29000,0.00000,0.00000
,89,2K9O3QILF0AQFA6KKU5HXP,Heating,412.50714,412.50714,1.17405E-002,1.17405E-002,WINTER DESIGN DAY FROM WEATHER FILE,3/2 06:00:00,1.00000,3.66822E-003,21.87000,7.29000,0.00000,0.00000
,90,2SQQMDRC5FSAM7Q4HEYPCN,Cooling,1199.99458,1199.99458,0.12562,0.12562,SUMMER DESIGN DAY FROM WEATHER FILE,7/29 16:00:00,25.30000,7.58977E-003,21.31380,7.10460,0.00000,0.00000
,91,2SQQMDRC5FSAM7Q4HEYPCN,Heating,383.49537,383.49537,1.09148E-002,1.09148E-002,WINTER DESIGN DAY FROM WEATHER FILE,3/2 06:00:00,1.00000,3.66822E-003,21.31380,7.10460,0.00000,0.00000
,92,2UN5ECZKNBEXTUKMCA5OFF,Cooling,225.02715,225.02715,2.35573E-002,2.35573E-002,SUMMER DESIGN DAY FROM WEATHER FILE,7/29 16:15:00,25.20000,7.49435E-003,13.01500,0.00000,0.00000,0.00000
,93,2UN5ECZKNBEXTUKMCA5OFF,Heating,199.26006,199.26006,5.67196E-003,5.67196E-003,WINTER DESIGN DAY FROM WEATHER FILE,2/28 09:30:00,10.75000,6.26820E-003,13.01500,0.00000,0.00000,0.00000
,94,2V9V9EITTC7UB9LUIJAJSI,Cooling,1379.90873,1379.90873,0.14445,0.14445,SUMMER DESIGN DAY FROM WEATHER FILE,7/29 16:00:00,25.30000,7.58977E-003,37.17495,2.65535,0.00000,0.00000
,95,2V9V9EITTC7UB9LUIJAJSI,Heating,533.92397,533.92397,1.51967E-002,1.51967E-002,WINTER DESIGN DAY FROM WEATHER FILE,2/28 21:15:00,10.30000,6.40554E-003,37.17495,2.65535,0.00000,0.00000
,96,303QW7ZF996EKWJLTQOLOB,Cooling,225.81968,225.81968,2.36403E-002,2.36403E-002,SUMMER DESIGN DAY FROM WEATHER FILE,7/29 16:15:00,25.20000,7.49435E-003,12.95375,0.00000,0.00000,0.00000
,97,303QW7ZF996EKWJLTQOLOB,Heating,197.63244,197.63244,5.62563E-003,5.62563E-003,WINTER DESIGN DAY FROM WEATHER FILE,2/28 09:30:00,10.75000,6.26820E-003,12.95375,0.00000,0.00000,0.00000
,98,38IMUKOGP559RZQPTQORMP,Cooling,335.21135,335.21135,3.50923E-002,3.50923E-002,SUMMER DESIGN DAY FROM WEATHER FILE,7/29 16:15:00,25.20000,7.49435E-003,26.49375,0.66234,0.00000,0.00000
,99,38IMUKOGP559RZQPTQORMP,Heating,548.39368,548.39368,1.56093E-002,1.56093E-002,WINTER DESIGN DAY FROM WEATHER FILE,2/28 09:15:00,10.57500,6.27777E-003,26.49375,0.66234,0.00000,0.00000
,100,3M_8BSRUT9JPFPUQGPEDOA,Cooling,886.96302,886.96302,9.28530E-002,9.28530E-002,SUMMER DESIGN DAY FROM WEATHER FILE,7/29 16:15:00,25.20000,7.49435E-003,36.70533,0.00000,0.00000,0.00000
,101,3M_8BSRUT9JPFPUQGPEDOA,Heating,1399.87435,1399.87435,3.98466E-002,3.98466E-002,WINTER DESIGN DAY FROM WEATHER FILE,2/28 09:30:00,10.75000,6.26820E-003,36.70533,0.00000,0.00000,0.00000
,102,3TJLMIJ$97RELEO_9TS0SD,Cooling,190.68211,190.68211,1.99621E-002,1.99621E-002,SUMMER DESIGN DAY FROM WEATHER FILE,7/29 16:30:00,25.10000,7.39976E-003,9.17975,0.00000,0.00000,0.00000
,103,3TJLMIJ$97RELEO_9TS0SD,Heating,200.86442,200.86442,5.71762E-003,5.71762E-003,WINTER DESIGN DAY FROM WEATHER FILE,2/28 09:30:00,10.75000,6.26820E-003,9.17975,0.00000,0.00000,0.00000
,104,3W$07STZF4SGATGZXH6RH7,Cooling,1867.85945,1867.85945,0.19554,0.19554,SUMMER DESIGN DAY FROM WEATHER FILE,7/29 12:00:00,24.30000,7.71052E-003,36.90360,2.63597,0.00000,0.00000
,105,3W$07STZF4SGATGZXH6RH7,Heating,710.26800,710.26800,2.02149E-002,2.02149E-002,WINTER DESIGN DAY FROM WEATHER FILE,3/2 06:00:00,1.00000,3.66822E-003,36.90360,2.63597,0.00000,0.00000
,106,3WTGYEGFV57XESUBLIN6UZ,Cooling,1482.11124,1482.11124,0.15515,0.15515,SUMMER DESIGN DAY FROM WEATHER FILE,7/29 16:00:00,25.30000,7.58977E-003,36.99000,2.64214,0.00000,0.00000
,107,3WTGYEGFV57XESUBLIN6UZ,Heating,724.23092,724.23092,2.06126E-002,2.06126E-002,WINTER DESIGN DAY FROM WEATHER FILE,2/28 21:15:00,10.30000,6.40554E-003,36.99000,2.64214,0.00000,0.00000
,108,3XETEHPLX2FBMDLVKG9RNX,Cooling,2011.33508,2011.33508,0.21056,0.21056,SUMMER DESIGN DAY FROM WEATHER FILE,7/29 16:45:00,25.00000,7.30601E-003,36.90360,2.63597,0.00000,0.00000
,109,3XETEHPLX2FBMDLVKG9RNX,Heating,687.59360,687.59360,1.95696E-002,1.95696E-002,WINTER DESIGN DAY FROM WEATHER FILE,3/2 06:00:00,1.00000,3.66822E-003,36.90360,2.63597,0.00000,0.00000
,110,3DYLJPHWXB1VOWY5LPQ8_2,Cooling,2804.99003,2804.99003,0.29363,0.29363,SUMMER DESIGN DAY FROM WEATHER FILE,7/29 15:30:00,25.15000,7.31298E-003,37.69555,12.56518,0.00000,0.00000
,111,3DYLJPHWXB1VOWY5LPQ8_2,Heating,537.22522,537.22522,1.52902E-002,1.52902E-002,WINTER DESIGN DAY FROM WEATHER FILE,3/2 06:00:00,1.00000,3.66822E-003,37.69555,12.56518,0.00000,0.00000
,112,3G0CEO8QRFGPRRO9HYEX7V,Cooling,534.17549,534.17549,5.59212E-002,5.59212E-002,SUMMER DESIGN DAY FROM WEATHER FILE,7/29 16:00:00,25.30000,7.58977E-003,36.11250,2.57946,0.00000,0.00000
,113,3G0CEO8QRFGPRRO9HYEX7V,Heating,269.78568,269.78568,7.68022E-003,7.68022E-003,WINTER DESIGN DAY FROM WEATHER FILE,2/26 06:00:00,-2.60000,2.84147E-003,36.11250,2.57946,0.00000,0.00000
,114,3LJWLADQX638QBR_BXHA$C,Cooling,5229.91664,5229.91664,0.54746,0.54746,SUMMER DESIGN DAY FROM WEATHER FILE,7/29 15:45:00,25.22500,7.45079E-003,76.49170,25.49723,0.00000,0.00000
,115,3LJWLADQX638QBR_BXHA$C,Heating,959.23675,959.23675,2.73002E-002,2.73002E-002,SUMMER DESIGN DAY FROM WEATHER FILE,8/4 06:00:00,11.30000,8.29510E-003,76.49170,25.49723,0.00000,0.00000


Component Sizing Information

,,Component Type,Component Name,Input Field Description,Value
,1,ZoneHVAC:IdealLoadsAirSystem,00MLRNOVNCEHFFCBB9J$NK IDEAL LOADS AIR SYSTEM,User-Specified Maximum Heating Air Flow Rate [m3/s],0.00000
,2,ZoneHVAC:IdealLoadsAirSystem,00MLRNOVNCEHFFCBB9J$NK IDEAL LOADS AIR SYSTEM,Design Size Maximum Cooling Air Flow Rate [m3/s],0.05897
,3,ZoneHVAC:IdealLoadsAirSystem,0ELTW7UM9DRURZ_FYFNE9W IDEAL LOADS AIR SYSTEM,User-Specified Maximum Heating Air Flow Rate [m3/s],0.00000
,4,ZoneHVAC:IdealLoadsAirSystem,0ELTW7UM9DRURZ_FYFNE9W IDEAL LOADS AIR SYSTEM,Design Size Maximum Cooling Air Flow Rate [m3/s],0.27159
,5,ZoneHVAC:IdealLoadsAirSystem,0W6NU5BRTFIQXXYMM6ILGS IDEAL LOADS AIR SYSTEM,User-Specified Maximum Heating Air Flow Rate [m3/s],0.00000
,6,ZoneHVAC:IdealLoadsAirSystem,0W6NU5BRTFIQXXYMM6ILGS IDEAL LOADS AIR SYSTEM,Design Size Maximum Cooling Air Flow Rate [m3/s],0.02465
,7,ZoneHVAC:IdealLoadsAirSystem,0DIFK5T49139$QBDUCK5A9 IDEAL LOADS AIR SYSTEM,User-Specified Maximum Heating Air Flow Rate [m3/s],0.00000
,8,ZoneHVAC:IdealLoadsAirSystem,0DIFK5T49139$QBDUCK5A9 IDEAL LOADS AIR SYSTEM,Design Size Maximum Cooling Air Flow Rate [m3/s],0.03704
,9,ZoneHVAC:IdealLoadsAirSystem,0U2ZPLRHTCUWK3$YRPCZEO IDEAL LOADS AIR SYSTEM,User-Specified Maximum Heating Air Flow Rate [m3/s],0.00000
,10,ZoneHVAC:IdealLoadsAirSystem,0U2ZPLRHTCUWK3$YRPCZEO IDEAL LOADS AIR SYSTEM,Design Size Maximum Cooling Air Flow Rate [m3/s],0.14719
,11,ZoneHVAC:IdealLoadsAirSystem,0WLDSRXY1FH9RF4WA6QEKV IDEAL LOADS AIR SYSTEM,User-Specified Maximum Heating Air Flow Rate [m3/s],0.00000
,12,ZoneHVAC:IdealLoadsAirSystem,0WLDSRXY1FH9RF4WA6QEKV IDEAL LOADS AIR SYSTEM,Design Size Maximum Cooling Air Flow Rate [m3/s],0.08986
,13,ZoneHVAC:IdealLoadsAirSystem,0ZWU9FOWRDWURARHO69T83 IDEAL LOADS AIR SYSTEM,User-Specified Maximum Heating Air Flow Rate [m3/s],0.00000
,14,ZoneHVAC:IdealLoadsAirSystem,0ZWU9FOWRDWURARHO69T83 IDEAL LOADS AIR SYSTEM,Design Size Maximum Cooling Air Flow Rate [m3/s],0.03923
,15,ZoneHVAC:IdealLoadsAirSystem,11GHF5W0N9AGOUOXD7SXZM IDEAL LOADS AIR SYSTEM,User-Specified Maximum Heating Air Flow Rate [m3/s],0.00000
,16,ZoneHVAC:IdealLoadsAirSystem,11GHF5W0N9AGOUOXD7SXZM IDEAL LOADS AIR SYSTEM,Design Size Maximum Cooling Air Flow Rate [m3/s],0.14555
,17,ZoneHVAC:IdealLoadsAirSystem,17KSY6ZZ5APQ0YJPQBAX_U IDEAL LOADS AIR SYSTEM,User-Specified Maximum Heating Air Flow Rate [m3/s],0.00000
,18,ZoneHVAC:IdealLoadsAirSystem,17KSY6ZZ5APQ0YJPQBAX_U IDEAL LOADS AIR SYSTEM,Design Size Maximum Cooling Air Flow Rate [m3/s],0.40233
,19,ZoneHVAC:IdealLoadsAirSystem,18PU3GE41D_BHP0U$GRITO IDEAL LOADS AIR SYSTEM,User-Specified Maximum Heating Air Flow Rate [m3/s],0.00000
,20,ZoneHVAC:IdealLoadsAirSystem,18PU3GE41D_BHP0U$GRITO IDEAL LOADS AIR SYSTEM,Design Size Maximum Cooling Air Flow Rate [m3/s],0.01911
,21,ZoneHVAC:IdealLoadsAirSystem,1BNZZOW0D8K8AGXDQ4F75V IDEAL LOADS AIR SYSTEM,User-Specified Maximum Heating Air Flow Rate [m3/s],0.00000
,22,ZoneHVAC:IdealLoadsAirSystem,1BNZZOW0D8K8AGXDQ4F75V IDEAL LOADS AIR SYSTEM,Design Size Maximum Cooling Air Flow Rate [m3/s],0.11836
,23,ZoneHVAC:IdealLoadsAirSystem,1CXQ0W4HL71FQ21BMWHLFZ IDEAL LOADS AIR SYSTEM,User-Specified Maximum Heating Air Flow Rate [m3/s],0.00000
,24,ZoneHVAC:IdealLoadsAirSystem,1CXQ0W4HL71FQ21BMWHLFZ IDEAL LOADS AIR SYSTEM,Design Size Maximum Cooling Air Flow Rate [m3/s],0.01985
,25,ZoneHVAC:IdealLoadsAirSystem,1DR$EUE41E8ECWOYLIJLIT IDEAL LOADS AIR SYSTEM,User-Specified Maximum Heating Air Flow Rate [m3/s],0.00000
,26,ZoneHVAC:IdealLoadsAirSystem,1DR$EUE41E8ECWOYLIJLIT IDEAL LOADS AIR SYSTEM,Design Size Maximum Cooling Air Flow Rate [m3/s],12530.97688
,27,ZoneHVAC:IdealLoadsAirSystem,1EYECQGPZ09F9SE6JGR55M IDEAL LOADS AIR SYSTEM,User-Specified Maximum Heating Air Flow Rate [m3/s],0.00000
,28,ZoneHVAC:IdealLoadsAirSystem,1EYECQGPZ09F9SE6JGR55M IDEAL LOADS AIR SYSTEM,Design Size Maximum Cooling Air Flow Rate [m3/s],0.27378
,29,ZoneHVAC:IdealLoadsAirSystem,1GOZB5TBH738163NLUZBQX IDEAL LOADS AIR SYSTEM,User-Specified Maximum Heating Air Flow Rate [m3/s],0.00000
,30,ZoneHVAC:IdealLoadsAirSystem,1GOZB5TBH738163NLUZBQX IDEAL LOADS AIR SYSTEM,Design Size Maximum Cooling Air Flow Rate [m3/s],0.58280
,31,ZoneHVAC:IdealLoadsAirSystem,1HQZA3HET1GRLTQSI138OL IDEAL LOADS AIR SYSTEM,User-Specified Maximum Heating Air Flow Rate [m3/s],0.00000
,32,ZoneHVAC:IdealLoadsAirSystem,1HQZA3HET1GRLTQSI138OL IDEAL LOADS AIR SYSTEM,Design Size Maximum Cooling Air Flow Rate [m3/s],0.02447
,33,ZoneHVAC:IdealLoadsAirSystem,1KWP7HSZR8YOJWZQWUXCGM IDEAL LOADS AIR SYSTEM,User-Specified Maximum Heating Air Flow Rate [m3/s],0.00000
,34,ZoneHVAC:IdealLoadsAirSystem,1KWP7HSZR8YOJWZQWUXCGM IDEAL LOADS AIR SYSTEM,Design Size Maximum Cooling Air Flow Rate [m3/s],0.02421
,35,ZoneHVAC:IdealLoadsAirSystem,1PWTN7AMJ3OEWPOHZO42NJ IDEAL LOADS AIR SYSTEM,User-Specified Maximum Heating Air Flow Rate [m3/s],0.00000
,36,ZoneHVAC:IdealLoadsAirSystem,1PWTN7AMJ3OEWPOHZO42NJ IDEAL LOADS AIR SYSTEM,Design Size Maximum Cooling Air Flow Rate [m3/s],0.23669
,37,ZoneHVAC:IdealLoadsAirSystem,1Y2RJHKTHCLXJ0TUUV9K_Z IDEAL LOADS AIR SYSTEM,User-Specified Maximum Heating Air Flow Rate [m3/s],0.00000
,38,ZoneHVAC:IdealLoadsAirSystem,1Y2RJHKTHCLXJ0TUUV9K_Z IDEAL LOADS AIR SYSTEM,Design Size Maximum Cooling Air Flow Rate [m3/s],1.25556
,39,ZoneHVAC:IdealLoadsAirSystem,1_FGE0TIZCTRJEYZDX5WYJ IDEAL LOADS AIR SYSTEM,User-Specified Maximum Heating Air Flow Rate [m3/s],0.00000
,40,ZoneHVAC:IdealLoadsAirSystem,1_FGE0TIZCTRJEYZDX5WYJ IDEAL LOADS AIR SYSTEM,Design Size Maximum Cooling Air Flow Rate [m3/s],2.34571
,41,ZoneHVAC:IdealLoadsAirSystem,1ADVKLHC9ALU8GQYFXFWE4 IDEAL LOADS AIR SYSTEM,User-Specified Maximum Heating Air Flow Rate [m3/s],0.00000
,42,ZoneHVAC:IdealLoadsAirSystem,1ADVKLHC9ALU8GQYFXFWE4 IDEAL LOADS AIR SYSTEM,Design Size Maximum Cooling Air Flow Rate [m3/s],0.07207
,43,ZoneHVAC:IdealLoadsAirSystem,1IAFH_A0X4BU_FFXOZPTRL IDEAL LOADS AIR SYSTEM,User-Specified Maximum Heating Air Flow Rate [m3/s],0.00000
,44,ZoneHVAC:IdealLoadsAirSystem,1IAFH_A0X4BU_FFXOZPTRL IDEAL LOADS AIR SYSTEM,Design Size Maximum Cooling Air Flow Rate [m3/s],0.21739
,45,ZoneHVAC:IdealLoadsAirSystem,1JORQKBDN4ZXPNFOKGQGP_ IDEAL LOADS AIR SYSTEM,User-Specified Maximum Heating Air Flow Rate [m3/s],0.00000
,46,ZoneHVAC:IdealLoadsAirSystem,1JORQKBDN4ZXPNFOKGQGP_ IDEAL LOADS AIR SYSTEM,Design Size Maximum Cooling Air Flow Rate [m3/s],0.01485
,47,ZoneHVAC:IdealLoadsAirSystem,1LXCTPB4NESE3Q6XK6HAD5 IDEAL LOADS AIR SYSTEM,User-Specified Maximum Heating Air Flow Rate [m3/s],0.00000
,48,ZoneHVAC:IdealLoadsAirSystem,1LXCTPB4NESE3Q6XK6HAD5 IDEAL LOADS AIR SYSTEM,Design Size Maximum Cooling Air Flow Rate [m3/s],0.15644
,49,ZoneHVAC:IdealLoadsAirSystem,1NYUQ381R1JGTXA1VKFRZV IDEAL LOADS AIR SYSTEM,User-Specified Maximum Heating Air Flow Rate [m3/s],0.00000
,50,ZoneHVAC:IdealLoadsAirSystem,1NYUQ381R1JGTXA1VKFRZV IDEAL LOADS AIR SYSTEM,Design Size Maximum Cooling Air Flow Rate [m3/s],0.14666
,51,ZoneHVAC:IdealLoadsAirSystem,1RW1JYHZV1QBSFHPLSLVZZ IDEAL LOADS AIR SYSTEM,User-Specified Maximum Heating Air Flow Rate [m3/s],0.00000
,52,ZoneHVAC:IdealLoadsAirSystem,1RW1JYHZV1QBSFHPLSLVZZ IDEAL LOADS AIR SYSTEM,Design Size Maximum Cooling Air Flow Rate [m3/s],0.81197
,53,ZoneHVAC:IdealLoadsAirSystem,1SIISADAJ75P2K126BOPWI IDEAL LOADS AIR SYSTEM,User-Specified Maximum Heating Air Flow Rate [m3/s],0.00000
,54,ZoneHVAC:IdealLoadsAirSystem,1SIISADAJ75P2K126BOPWI IDEAL LOADS AIR SYSTEM,Design Size Maximum Cooling Air Flow Rate [m3/s],0.01657
,55,ZoneHVAC:IdealLoadsAirSystem,1TFYORFFD5ZX4NAJ0W62KG IDEAL LOADS AIR SYSTEM,User-Specified Maximum Heating Air Flow Rate [m3/s],0.00000
,56,ZoneHVAC:IdealLoadsAirSystem,1TFYORFFD5ZX4NAJ0W62KG IDEAL LOADS AIR SYSTEM,Design Size Maximum Cooling Air Flow Rate [m3/s],0.34732
,57,ZoneHVAC:IdealLoadsAirSystem,1WCNWD8FVEXXE6Q3YNDNHJ IDEAL LOADS AIR SYSTEM,User-Specified Maximum Heating Air Flow Rate [m3/s],0.00000
,58,ZoneHVAC:IdealLoadsAirSystem,1WCNWD8FVEXXE6Q3YNDNHJ IDEAL LOADS AIR SYSTEM,Design Size Maximum Cooling Air Flow Rate [m3/s],0.03524
,59,ZoneHVAC:IdealLoadsAirSystem,1Y_DAPZEF9MXUPESN29HKY IDEAL LOADS AIR SYSTEM,User-Specified Maximum Heating Air Flow Rate [m3/s],0.00000
,60,ZoneHVAC:IdealLoadsAirSystem,1Y_DAPZEF9MXUPESN29HKY IDEAL LOADS AIR SYSTEM,Design Size Maximum Cooling Air Flow Rate [m3/s],0.50260
,61,ZoneHVAC:IdealLoadsAirSystem,24CJFLTRXBVFTECKJLT5IU IDEAL LOADS AIR SYSTEM,User-Specified Maximum Heating Air Flow Rate [m3/s],0.00000
,62,ZoneHVAC:IdealLoadsAirSystem,24CJFLTRXBVFTECKJLT5IU IDEAL LOADS AIR SYSTEM,Design Size Maximum Cooling Air Flow Rate [m3/s],0.05592
,63,ZoneHVAC:IdealLoadsAirSystem,2CXRC190XAZUMHRLJ12ZWO IDEAL LOADS AIR SYSTEM,User-Specified Maximum Heating Air Flow Rate [m3/s],0.00000
,64,ZoneHVAC:IdealLoadsAirSystem,2CXRC190XAZUMHRLJ12ZWO IDEAL LOADS AIR SYSTEM,Design Size Maximum Cooling Air Flow Rate [m3/s],0.33822
,65,ZoneHVAC:IdealLoadsAirSystem,2CBLUG4K90AFS0ULISW57$ IDEAL LOADS AIR SYSTEM,User-Specified Maximum Heating Air Flow Rate [m3/s],0.00000
,66,ZoneHVAC:IdealLoadsAirSystem,2CBLUG4K90AFS0ULISW57$ IDEAL LOADS AIR SYSTEM,Design Size Maximum Cooling Air Flow Rate [m3/s],0.11925
,67,ZoneHVAC:IdealLoadsAirSystem,2DDCZNH4P35P17ZZP0MC27 IDEAL LOADS AIR SYSTEM,User-Specified Maximum Heating Air Flow Rate [m3/s],0.00000
,68,ZoneHVAC:IdealLoadsAirSystem,2DDCZNH4P35P17ZZP0MC27 IDEAL LOADS AIR SYSTEM,Design Size Maximum Cooling Air Flow Rate [m3/s],0.47721
,69,ZoneHVAC:IdealLoadsAirSystem,2DZYGNKTN3YUE2CQZ7IH3G IDEAL LOADS AIR SYSTEM,User-Specified Maximum Heating Air Flow Rate [m3/s],0.00000
,70,ZoneHVAC:IdealLoadsAirSystem,2DZYGNKTN3YUE2CQZ7IH3G IDEAL LOADS AIR SYSTEM,Design Size Maximum Cooling Air Flow Rate [m3/s],0.00317
,71,ZoneHVAC:IdealLoadsAirSystem,2JPUAUJGVCL8GZFYDEN0QZ IDEAL LOADS AIR SYSTEM,User-Specified Maximum Heating Air Flow Rate [m3/s],0.00000
,72,ZoneHVAC:IdealLoadsAirSystem,2JPUAUJGVCL8GZFYDEN0QZ IDEAL LOADS AIR SYSTEM,Design Size Maximum Cooling Air Flow Rate [m3/s],0.15503
,73,ZoneHVAC:IdealLoadsAirSystem,2KFJ4GAD59TRGS$KUMPVKX IDEAL LOADS AIR SYSTEM,User-Specified Maximum Heating Air Flow Rate [m3/s],0.00000
,74,ZoneHVAC:IdealLoadsAirSystem,2KFJ4GAD59TRGS$KUMPVKX IDEAL LOADS AIR SYSTEM,Design Size Maximum Cooling Air Flow Rate [m3/s],0.00311
,75,ZoneHVAC:IdealLoadsAirSystem,2KRQOVE1T90WWGJURUVFGY IDEAL LOADS AIR SYSTEM,User-Specified Maximum Heating Air Flow Rate [m3/s],0.00000
,76,ZoneHVAC:IdealLoadsAirSystem,2KRQOVE1T90WWGJURUVFGY IDEAL LOADS AIR SYSTEM,Design Size Maximum Cooling Air Flow Rate [m3/s],0.12661
,77,ZoneHVAC:IdealLoadsAirSystem,2N5PAWURB9UXWMW6VZHKG2 IDEAL LOADS AIR SYSTEM,User-Specified Maximum Heating Air Flow Rate [m3/s],0.00000
,78,ZoneHVAC:IdealLoadsAirSystem,2N5PAWURB9UXWMW6VZHKG2 IDEAL LOADS AIR SYSTEM,Design Size Maximum Cooling Air Flow Rate [m3/s],0.27443
,79,ZoneHVAC:IdealLoadsAirSystem,2U0_9NBFJ5W9HBM3YSNCGZ IDEAL LOADS AIR SYSTEM,User-Specified Maximum Heating Air Flow Rate [m3/s],0.00000
,80,ZoneHVAC:IdealLoadsAirSystem,2U0_9NBFJ5W9HBM3YSNCGZ IDEAL LOADS AIR SYSTEM,Design Size Maximum Cooling Air Flow Rate [m3/s],53211.58220
,81,ZoneHVAC:IdealLoadsAirSystem,2WTW_5TS12BQVVPNZ4RTZ8 IDEAL LOADS AIR SYSTEM,User-Specified Maximum Heating Air Flow Rate [m3/s],0.00000
,82,ZoneHVAC:IdealLoadsAirSystem,2WTW_5TS12BQVVPNZ4RTZ8 IDEAL LOADS AIR SYSTEM,Design Size Maximum Cooling Air Flow Rate [m3/s],0.01988
,83,ZoneHVAC:IdealLoadsAirSystem,2X$RF$7GLFZECF00IG4ZFJ IDEAL LOADS AIR SYSTEM,User-Specified Maximum Heating Air Flow Rate [m3/s],0.00000
,84,ZoneHVAC:IdealLoadsAirSystem,2X$RF$7GLFZECF00IG4ZFJ IDEAL LOADS AIR SYSTEM,Design Size Maximum Cooling Air Flow Rate [m3/s],0.01990
,85,ZoneHVAC:IdealLoadsAirSystem,2Y6L$OYX55CULKWGZVG76X IDEAL LOADS AIR SYSTEM,User-Specified Maximum Heating Air Flow Rate [m3/s],0.00000
,86,ZoneHVAC:IdealLoadsAirSystem,2Y6L$OYX55CULKWGZVG76X IDEAL LOADS AIR SYSTEM,Design Size Maximum Cooling Air Flow Rate [m3/s],0.00185
,87,ZoneHVAC:IdealLoadsAirSystem,2YUBHDOS5EZHT591INO2JZ IDEAL LOADS AIR SYSTEM,User-Specified Maximum Heating Air Flow Rate [m3/s],0.00000
,88,ZoneHVAC:IdealLoadsAirSystem,2YUBHDOS5EZHT591INO2JZ IDEAL LOADS AIR SYSTEM,Design Size Maximum Cooling Air Flow Rate [m3/s],0.33230
,89,ZoneHVAC:IdealLoadsAirSystem,2_MZMMWYJ2X8L5ZTTWFZQ9 IDEAL LOADS AIR SYSTEM,User-Specified Maximum Heating Air Flow Rate [m3/s],0.00000
,90,ZoneHVAC:IdealLoadsAirSystem,2_MZMMWYJ2X8L5ZTTWFZQ9 IDEAL LOADS AIR SYSTEM,Design Size Maximum Cooling Air Flow Rate [m3/s],0.00185
,91,ZoneHVAC:IdealLoadsAirSystem,2K9O3QILF0AQFA6KKU5HXP IDEAL LOADS AIR SYSTEM,User-Specified Maximum Heating Air Flow Rate [m3/s],0.00000
,92,ZoneHVAC:IdealLoadsAirSystem,2K9O3QILF0AQFA6KKU5HXP IDEAL LOADS AIR SYSTEM,Design Size Maximum Cooling Air Flow Rate [m3/s],0.11911
,93,ZoneHVAC:IdealLoadsAirSystem,2SQQMDRC5FSAM7Q4HEYPCN IDEAL LOADS AIR SYSTEM,User-Specified Maximum Heating Air Flow Rate [m3/s],0.00000
,94,ZoneHVAC:IdealLoadsAirSystem,2SQQMDRC5FSAM7Q4HEYPCN IDEAL LOADS AIR SYSTEM,Design Size Maximum Cooling Air Flow Rate [m3/s],0.12562
,95,ZoneHVAC:IdealLoadsAirSystem,2UN5ECZKNBEXTUKMCA5OFF IDEAL LOADS AIR SYSTEM,User-Specified Maximum Heating Air Flow Rate [m3/s],0.00000
,96,ZoneHVAC:IdealLoadsAirSystem,2UN5ECZKNBEXTUKMCA5OFF IDEAL LOADS AIR SYSTEM,Design Size Maximum Cooling Air Flow Rate [m3/s],0.02356
,97,ZoneHVAC:IdealLoadsAirSystem,2V9V9EITTC7UB9LUIJAJSI IDEAL LOADS AIR SYSTEM,User-Specified Maximum Heating Air Flow Rate [m3/s],0.00000
,98,ZoneHVAC:IdealLoadsAirSystem,2V9V9EITTC7UB9LUIJAJSI IDEAL LOADS AIR SYSTEM,Design Size Maximum Cooling Air Flow Rate [m3/s],0.14445
,99,ZoneHVAC:IdealLoadsAirSystem,303QW7ZF996EKWJLTQOLOB IDEAL LOADS AIR SYSTEM,User-Specified Maximum Heating Air Flow Rate [m3/s],0.00000
,100,ZoneHVAC:IdealLoadsAirSystem,303QW7ZF996EKWJLTQOLOB IDEAL LOADS AIR SYSTEM,Design Size Maximum Cooling Air Flow Rate [m3/s],0.02364
,101,ZoneHVAC:IdealLoadsAirSystem,38IMUKOGP559RZQPTQORMP IDEAL LOADS AIR SYSTEM,User-Specified Maximum Heating Air Flow Rate [m3/s],0.00000
,102,ZoneHVAC:IdealLoadsAirSystem,38IMUKOGP559RZQPTQORMP IDEAL LOADS AIR SYSTEM,Design Size Maximum Cooling Air Flow Rate [m3/s],0.03509
,103,ZoneHVAC:IdealLoadsAirSystem,3M_8BSRUT9JPFPUQGPEDOA IDEAL LOADS AIR SYSTEM,User-Specified Maximum Heating Air Flow Rate [m3/s],0.00000
,104,ZoneHVAC:IdealLoadsAirSystem,3M_8BSRUT9JPFPUQGPEDOA IDEAL LOADS AIR SYSTEM,Design Size Maximum Cooling Air Flow Rate [m3/s],0.09285
,105,ZoneHVAC:IdealLoadsAirSystem,3TJLMIJ$97RELEO_9TS0SD IDEAL LOADS AIR SYSTEM,User-Specified Maximum Heating Air Flow Rate [m3/s],0.00000
,106,ZoneHVAC:IdealLoadsAirSystem,3TJLMIJ$97RELEO_9TS0SD IDEAL LOADS AIR SYSTEM,Design Size Maximum Cooling Air Flow Rate [m3/s],0.01996
,107,ZoneHVAC:IdealLoadsAirSystem,3W$07STZF4SGATGZXH6RH7 IDEAL LOADS AIR SYSTEM,User-Specified Maximum Heating Air Flow Rate [m3/s],0.00000
,108,ZoneHVAC:IdealLoadsAirSystem,3W$07STZF4SGATGZXH6RH7 IDEAL LOADS AIR SYSTEM,Design Size Maximum Cooling Air Flow Rate [m3/s],0.19554
,109,ZoneHVAC:IdealLoadsAirSystem,3WTGYEGFV57XESUBLIN6UZ IDEAL LOADS AIR SYSTEM,User-Specified Maximum Heating Air Flow Rate [m3/s],0.00000
,110,ZoneHVAC:IdealLoadsAirSystem,3WTGYEGFV57XESUBLIN6UZ IDEAL LOADS AIR SYSTEM,Design Size Maximum Cooling Air Flow Rate [m3/s],0.15515
,111,ZoneHVAC:IdealLoadsAirSystem,3XETEHPLX2FBMDLVKG9RNX IDEAL LOADS AIR SYSTEM,User-Specified Maximum Heating Air Flow Rate [m3/s],0.00000
,112,ZoneHVAC:IdealLoadsAirSystem,3XETEHPLX2FBMDLVKG9RNX IDEAL LOADS AIR SYSTEM,Design Size Maximum Cooling Air Flow Rate [m3/s],0.21056
,113,ZoneHVAC:IdealLoadsAirSystem,3DYLJPHWXB1VOWY5LPQ8_2 IDEAL LOADS AIR SYSTEM,User-Specified Maximum Heating Air Flow Rate [m3/s],0.00000
,114,ZoneHVAC:IdealLoadsAirSystem,3DYLJPHWXB1VOWY5LPQ8_2 IDEAL LOADS AIR SYSTEM,Design Size Maximum Cooling Air Flow Rate [m3/s],0.29363
,115,ZoneHVAC:IdealLoadsAirSystem,3G0CEO8QRFGPRRO9HYEX7V IDEAL LOADS AIR SYSTEM,User-Specified Maximum Heating Air Flow Rate [m3/s],0.00000
,116,ZoneHVAC:IdealLoadsAirSystem,3G0CEO8QRFGPRRO9HYEX7V IDEAL LOADS AIR SYSTEM,Design Size Maximum Cooling Air Flow Rate [m3/s],0.05592
,117,ZoneHVAC:IdealLoadsAirSystem,3LJWLADQX638QBR_BXHA$C IDEAL LOADS AIR SYSTEM,User-Specified Maximum Heating Air Flow Rate [m3/s],0.00000
,118,ZoneHVAC:IdealLoadsAirSystem,3LJWLADQX638QBR_BXHA$C IDEAL LOADS AIR SYSTEM,Design Size Maximum Cooling Air Flow Rate [m3/s],0.54746


Environment

,,Environment Name,Environment Type,Start Date,End Date,Start DayOfWeek,Duration {#days},Source:Start DayOfWeek,Use Daylight Saving,Use Holidays,Apply Weekend Holiday Rule,Use Rain Values,Use Snow Values,Sky Temperature Model
,1,SUMMER DESIGN DAY FROM WEATHER FILE,User Selected WeatherFile Typical/Extreme Period (Design)=SummerTypical,07/29,08/04,SummerDesignDay,7,Use RunPeriod Specified Day,Yes,No,No,Yes,Yes,Clark and Allen
,2,WINTER DESIGN DAY FROM WEATHER FILE,User Selected WeatherFile Typical/Extreme Period (Design)=WinterTypical,02/26,03/04,WinterDesignDay,7,Use RunPeriod Specified Day,Yes,No,No,Yes,Yes,Clark and Allen
,3,RUN PERIOD 1,WeatherFileRunPeriod,01/01/2013,12/31/2013,Tuesday,365,Use RunPeriod Specified Day,Yes,Yes,No,Yes,Yes,Clark and Allen


Environment:Daylight Saving

,,Daylight Saving Indicator,Source,Start Date,End Date
,1,No,,,
,2,No,,,
,3,No,,,


Environment:WarmupDays

,,NumberofWarmupDays
,1,11
,2,8
,3,9


Warmup Convergence Information

,,Zone Name,Environment Type/Name,Average Warmup Temperature Difference {deltaC},Std Dev Warmup Temperature Difference {deltaC},Max Temperature Pass/Fail Convergence,Min Temperature Pass/Fail Convergence,Average Warmup Load Difference {W},Std Dev Warmup Load Difference {W},Heating Load Pass/Fail Convergence,Cooling Load Pass/Fail Convergence
,1,00MLRNOVNCEHFFCBB9J$NK,SizingPeriod: SUMMER DESIGN DAY FROM WEATHER FILE,7.5241610335E-002,7.5592366859E-002,Pass,Pass,6.3171469334E-002,0.1587958579,Pass,Pass
,2,0ELTW7UM9DRURZ_FYFNE9W,SizingPeriod: SUMMER DESIGN DAY FROM WEATHER FILE,0.1537626458,0.1819455867,Pass,Pass,0.0000000000,0.0000000000,Pass,Pass
,3,0W6NU5BRTFIQXXYMM6ILGS,SizingPeriod: SUMMER DESIGN DAY FROM WEATHER FILE,8.9609168801E-002,8.3253430668E-002,Pass,Pass,6.1674672455E-002,0.4573173648,Pass,Pass
,4,0DIFK5T49139$QBDUCK5A9,SizingPeriod: SUMMER DESIGN DAY FROM WEATHER FILE,4.8945214309E-002,5.4730018773E-002,Pass,Pass,0.1263860438,0.4801439308,Pass,Pass
,5,0U2ZPLRHTCUWK3$YRPCZEO,SizingPeriod: SUMMER DESIGN DAY FROM WEATHER FILE,0.1258489563,0.1268244098,Pass,Pass,0.0000000000,0.0000000000,Pass,Pass
,6,0WLDSRXY1FH9RF4WA6QEKV,SizingPeriod: SUMMER DESIGN DAY FROM WEATHER FILE,7.5008433698E-002,9.0263584488E-002,Pass,Pass,0.0000000000,0.0000000000,Pass,Pass
,7,0ZWU9FOWRDWURARHO69T83,SizingPeriod: SUMMER DESIGN DAY FROM WEATHER FILE,5.0800019546E-002,5.5770029154E-002,Pass,Pass,0.1324614534,0.5236045079,Pass,Pass
,8,11GHF5W0N9AGOUOXD7SXZM,SizingPeriod: SUMMER DESIGN DAY FROM WEATHER FILE,0.1259753500,0.1242408581,Pass,Pass,0.0000000000,0.0000000000,Pass,Pass
,9,17KSY6ZZ5APQ0YJPQBAX_U,SizingPeriod: SUMMER DESIGN DAY FROM WEATHER FILE,0.2055799973,0.2187078222,Pass,Pass,0.0000000000,0.0000000000,Pass,Pass
,10,18PU3GE41D_BHP0U$GRITO,SizingPeriod: SUMMER DESIGN DAY FROM WEATHER FILE,6.3918723988E-002,9.4204486270E-002,Pass,Pass,0.0000000000,0.0000000000,Pass,Pass
,11,1BNZZOW0D8K8AGXDQ4F75V,SizingPeriod: SUMMER DESIGN DAY FROM WEATHER FILE,3.9651123425E-002,4.9660220398E-002,Pass,Pass,0.1302867115,0.5825907670,Pass,Pass
,12,1CXQ0W4HL71FQ21BMWHLFZ,SizingPeriod: SUMMER DESIGN DAY FROM WEATHER FILE,5.7100796459E-002,8.4790512718E-002,Pass,Pass,0.0000000000,0.0000000000,Pass,Pass
,13,1DR$EUE41E8ECWOYLIJLIT,SizingPeriod: SUMMER DESIGN DAY FROM WEATHER FILE,6.6517612681E-002,7.5204427256E-002,Pass,Pass,0.0000000000,0.0000000000,Pass,Pass
,14,1EYECQGPZ09F9SE6JGR55M,SizingPeriod: SUMMER DESIGN DAY FROM WEATHER FILE,0.1536629823,0.1872528233,Pass,Pass,0.0000000000,0.0000000000,Pass,Pass
,15,1GOZB5TBH738163NLUZBQX,SizingPeriod: SUMMER DESIGN DAY FROM WEATHER FILE,0.1627564757,0.1846128717,Pass,Pass,0.0000000000,0.0000000000,Pass,Pass
,16,1HQZA3HET1GRLTQSI138OL,SizingPeriod: SUMMER DESIGN DAY FROM WEATHER FILE,5.8776899978E-002,7.8991084292E-002,Pass,Pass,0.0000000000,0.0000000000,Pass,Pass
,17,1KWP7HSZR8YOJWZQWUXCGM,SizingPeriod: SUMMER DESIGN DAY FROM WEATHER FILE,5.9200128836E-002,7.8596575744E-002,Pass,Pass,0.0000000000,0.0000000000,Pass,Pass
,18,1PWTN7AMJ3OEWPOHZO42NJ,SizingPeriod: SUMMER DESIGN DAY FROM WEATHER FILE,0.1413641861,0.1765004526,Pass,Pass,0.0000000000,0.0000000000,Pass,Pass
,19,1Y2RJHKTHCLXJ0TUUV9K_Z,SizingPeriod: SUMMER DESIGN DAY FROM WEATHER FILE,0.5602232496,1.3436327368,Pass,Pass,0.0000000000,0.0000000000,Pass,Pass
,20,1_FGE0TIZCTRJEYZDX5WYJ,SizingPeriod: SUMMER DESIGN DAY FROM WEATHER FILE,0.1154552062,0.1219314862,Pass,Pass,0.0000000000,0.0000000000,Pass,Pass
,21,1ADVKLHC9ALU8GQYFXFWE4,SizingPeriod: SUMMER DESIGN DAY FROM WEATHER FILE,4.5945704648E-002,5.6070003932E-002,Pass,Pass,0.1431448415,0.6121299376,Pass,Pass
,22,1IAFH_A0X4BU_FFXOZPTRL,SizingPeriod: SUMMER DESIGN DAY FROM WEATHER FILE,0.1337754726,0.1741627365,Pass,Pass,0.0000000000,0.0000000000,Pass,Pass
,23,1JORQKBDN4ZXPNFOKGQGP_,SizingPeriod: SUMMER DESIGN DAY FROM WEATHER FILE,5.4843460171E-002,5.2664824782E-002,Pass,Pass,7.5049327846E-002,0.4349460621,Pass,Pass
,24,1LXCTPB4NESE3Q6XK6HAD5,SizingPeriod: SUMMER DESIGN DAY FROM WEATHER FILE,0.1204793224,0.1408424861,Pass,Pass,0.0000000000,0.0000000000,Pass,Pass
,25,1NYUQ381R1JGTXA1VKFRZV,SizingPeriod: SUMMER DESIGN DAY FROM WEATHER FILE,0.1256183148,0.1266263117,Pass,Pass,0.0000000000,0.0000000000,Pass,Pass
,26,1RW1JYHZV1QBSFHPLSLVZZ,SizingPeriod: SUMMER DESIGN DAY FROM WEATHER FILE,0.1764882007,0.1948480196,Pass,Pass,0.0000000000,0.0000000000,Pass,Pass
,27,1SIISADAJ75P2K126BOPWI,SizingPeriod: SUMMER DESIGN DAY FROM WEATHER FILE,6.4681953645E-002,0.1159182713,Pass,Pass,0.0000000000,0.0000000000,Pass,Pass
,28,1TFYORFFD5ZX4NAJ0W62KG,SizingPeriod: SUMMER DESIGN DAY FROM WEATHER FILE,0.1737298767,0.2188044947,Pass,Pass,0.0000000000,0.0000000000,Pass,Pass
,29,1WCNWD8FVEXXE6Q3YNDNHJ,SizingPeriod: SUMMER DESIGN DAY FROM WEATHER FILE,4.4319358220E-002,5.3590441864E-002,Pass,Pass,0.2374726864,1.3817877596,Pass,Pass
,30,1Y_DAPZEF9MXUPESN29HKY,SizingPeriod: SUMMER DESIGN DAY FROM WEATHER FILE,0.1388128219,0.1531830145,Pass,Pass,0.0000000000,0.0000000000,Pass,Pass
,31,24CJFLTRXBVFTECKJLT5IU,SizingPeriod: SUMMER DESIGN DAY FROM WEATHER FILE,0.1286398981,0.2251301781,Pass,Pass,0.0000000000,0.0000000000,Pass,Pass
,32,2CXRC190XAZUMHRLJ12ZWO,SizingPeriod: SUMMER DESIGN DAY FROM WEATHER FILE,5.3694180908E-002,5.7592910235E-002,Pass,Pass,9.9448430285E-002,0.3138716697,Pass,Pass
,33,2CBLUG4K90AFS0ULISW57$,SizingPeriod: SUMMER DESIGN DAY FROM WEATHER FILE,0.1196214530,0.1627033474,Pass,Pass,0.0000000000,0.0000000000,Pass,Pass
,34,2DDCZNH4P35P17ZZP0MC27,SizingPeriod: SUMMER DESIGN DAY FROM WEATHER FILE,0.1441368539,0.1403332633,Pass,Pass,0.0000000000,0.0000000000,Pass,Pass
,35,2DZYGNKTN3YUE2CQZ7IH3G,SizingPeriod: SUMMER DESIGN DAY FROM WEATHER FILE,3.4559491216E-002,5.2993280353E-002,Pass,Pass,0.0000000000,0.0000000000,Pass,Pass
,36,2JPUAUJGVCL8GZFYDEN0QZ,SizingPeriod: SUMMER DESIGN DAY FROM WEATHER FILE,0.1208992942,0.1375519041,Pass,Pass,0.0000000000,0.0000000000,Pass,Pass
,37,2KFJ4GAD59TRGS$KUMPVKX,SizingPeriod: SUMMER DESIGN DAY FROM WEATHER FILE,3.4488480743E-002,5.2421724767E-002,Pass,Pass,0.0000000000,0.0000000000,Pass,Pass
,38,2KRQOVE1T90WWGJURUVFGY,SizingPeriod: SUMMER DESIGN DAY FROM WEATHER FILE,0.1238219459,0.1638025839,Pass,Pass,0.0000000000,0.0000000000,Pass,Pass
,39,2N5PAWURB9UXWMW6VZHKG2,SizingPeriod: SUMMER DESIGN DAY FROM WEATHER FILE,0.1536648640,0.1903372665,Pass,Pass,0.0000000000,0.0000000000,Pass,Pass
,40,2U0_9NBFJ5W9HBM3YSNCGZ,SizingPeriod: SUMMER DESIGN DAY FROM WEATHER FILE,6.6629345021E-002,7.5951246251E-002,Pass,Pass,0.0000000000,0.0000000000,Pass,Pass
,41,2WTW_5TS12BQVVPNZ4RTZ8,SizingPeriod: SUMMER DESIGN DAY FROM WEATHER FILE,5.7419911242E-002,8.5054512885E-002,Pass,Pass,0.0000000000,0.0000000000,Pass,Pass
,42,2X$RF$7GLFZECF00IG4ZFJ,SizingPeriod: SUMMER DESIGN DAY FROM WEATHER FILE,5.7378057015E-002,8.4981295571E-002,Pass,Pass,0.0000000000,0.0000000000,Pass,Pass
,43,2Y6L$OYX55CULKWGZVG76X,SizingPeriod: SUMMER DESIGN DAY FROM WEATHER FILE,3.3770462065E-002,4.9727462315E-002,Pass,Pass,0.0000000000,0.0000000000,Pass,Pass
,44,2YUBHDOS5EZHT591INO2JZ,SizingPeriod: SUMMER DESIGN DAY FROM WEATHER FILE,0.1661669080,0.2115649893,Pass,Pass,0.0000000000,0.0000000000,Pass,Pass
,45,2_MZMMWYJ2X8L5ZTTWFZQ9,SizingPeriod: SUMMER DESIGN DAY FROM WEATHER FILE,3.3851047021E-002,5.0275691797E-002,Pass,Pass,0.0000000000,0.0000000000,Pass,Pass
,46,2K9O3QILF0AQFA6KKU5HXP,SizingPeriod: SUMMER DESIGN DAY FROM WEATHER FILE,0.1210602354,0.1560761941,Pass,Pass,0.0000000000,0.0000000000,Pass,Pass
,47,2SQQMDRC5FSAM7Q4HEYPCN,SizingPeriod: SUMMER DESIGN DAY FROM WEATHER FILE,0.1236637236,0.1765842146,Pass,Pass,0.0000000000,0.0000000000,Pass,Pass
,48,2UN5ECZKNBEXTUKMCA5OFF,SizingPeriod: SUMMER DESIGN DAY FROM WEATHER FILE,6.2651448569E-002,8.0611716878E-002,Pass,Pass,0.0000000000,0.0000000000,Pass,Pass
,49,2V9V9EITTC7UB9LUIJAJSI,SizingPeriod: SUMMER DESIGN DAY FROM WEATHER FILE,0.1257014504,0.1221303365,Pass,Pass,0.0000000000,0.0000000000,Pass,Pass
,50,303QW7ZF996EKWJLTQOLOB,SizingPeriod: SUMMER DESIGN DAY FROM WEATHER FILE,6.2627112844E-002,8.1395574260E-002,Pass,Pass,0.0000000000,0.0000000000,Pass,Pass
,51,38IMUKOGP559RZQPTQORMP,SizingPeriod: SUMMER DESIGN DAY FROM WEATHER FILE,4.3678856080E-002,5.3162224165E-002,Pass,Pass,0.1500718489,0.6552332572,Pass,Pass
,52,3M_8BSRUT9JPFPUQGPEDOA,SizingPeriod: SUMMER DESIGN DAY FROM WEATHER FILE,7.5286059240E-002,8.3588433820E-002,Pass,Pass,0.4095190665,3.3817027540,Pass,Pass
,53,3TJLMIJ$97RELEO_9TS0SD,SizingPeriod: SUMMER DESIGN DAY FROM WEATHER FILE,5.7438621465E-002,8.5275320918E-002,Pass,Pass,0.0000000000,0.0000000000,Pass,Pass
,54,3W$07STZF4SGATGZXH6RH7,SizingPeriod: SUMMER DESIGN DAY FROM WEATHER FILE,0.1410865782,0.1447761807,Pass,Pass,0.0000000000,0.0000000000,Pass,Pass
,55,3WTGYEGFV57XESUBLIN6UZ,SizingPeriod: SUMMER DESIGN DAY FROM WEATHER FILE,0.1205151750,0.1395400108,Pass,Pass,0.0000000000,0.0000000000,Pass,Pass
,56,3XETEHPLX2FBMDLVKG9RNX,SizingPeriod: SUMMER DESIGN DAY FROM WEATHER FILE,0.1434010033,0.1465781849,Pass,Pass,0.0000000000,0.0000000000,Pass,Pass
,57,3DYLJPHWXB1VOWY5LPQ8_2,SizingPeriod: SUMMER DESIGN DAY FROM WEATHER FILE,0.1560178754,0.1750719892,Pass,Pass,0.0000000000,0.0000000000,Pass,Pass
,58,3G0CEO8QRFGPRRO9HYEX7V,SizingPeriod: SUMMER DESIGN DAY FROM WEATHER FILE,0.1286398843,0.2251301860,Pass,Pass,0.0000000000,0.0000000000,Pass,Pass
,59,3LJWLADQX638QBR_BXHA$C,SizingPeriod: SUMMER DESIGN DAY FROM WEATHER FILE,0.1730532276,0.1523967210,Pass,Pass,0.0000000000,0.0000000000,Pass,Pass
,60,00MLRNOVNCEHFFCBB9J$NK,SizingPeriod: WINTER DESIGN DAY FROM WEATHER FILE,2.2944609176E-015,2.4581406400E-015,Pass,Pass,3.1145367369E-002,8.0695566138E-002,Pass,Pass
,61,0ELTW7UM9DRURZ_FYFNE9W,SizingPeriod: WINTER DESIGN DAY FROM WEATHER FILE,0.1150277474,8.6932072647E-002,Pass,Pass,0.0000000000,0.0000000000,Pass,Pass
,62,0W6NU5BRTFIQXXYMM6ILGS,SizingPeriod: WINTER DESIGN DAY FROM WEATHER FILE,2.2574534834E-015,2.6704396270E-015,Pass,Pass,3.4809186773E-002,8.7995717104E-002,Pass,Pass
,63,0DIFK5T49139$QBDUCK5A9,SizingPeriod: WINTER DESIGN DAY FROM WEATHER FILE,2.2204460493E-015,2.5251981408E-015,Pass,Pass,8.6579002564E-003,3.6074151015E-002,Pass,Pass
,64,0U2ZPLRHTCUWK3$YRPCZEO,SizingPeriod: WINTER DESIGN DAY FROM WEATHER FILE,2.5932735196E-002,5.7299163505E-002,Pass,Pass,6.0799606206E-002,0.1782699474,Pass,Pass
,65,0WLDSRXY1FH9RF4WA6QEKV,SizingPeriod: WINTER DESIGN DAY FROM WEATHER FILE,2.0354088785E-015,2.3912072291E-015,Pass,Pass,3.5562807237E-003,2.6523643394E-003,Pass,Pass
,66,0ZWU9FOWRDWURARHO69T83,SizingPeriod: WINTER DESIGN DAY FROM WEATHER FILE,2.2204460493E-015,2.4188258268E-015,Pass,Pass,8.8550149458E-003,3.6167115411E-002,Pass,Pass
,67,11GHF5W0N9AGOUOXD7SXZM,SizingPeriod: WINTER DESIGN DAY FROM WEATHER FILE,2.7260634525E-002,5.8601600415E-002,Pass,Pass,8.3224094684E-002,0.2554510792,Pass,Pass
,68,17KSY6ZZ5APQ0YJPQBAX_U,SizingPeriod: WINTER DESIGN DAY FROM WEATHER FILE,0.1572995044,0.2351352747,Pass,Pass,4.5381119814E-002,0.1517714430,Pass,Pass
,69,18PU3GE41D_BHP0U$GRITO,SizingPeriod: WINTER DESIGN DAY FROM WEATHER FILE,2.6645352591E-015,2.6645352591E-015,Pass,Pass,6.6917598563E-003,6.8268342933E-003,Pass,Pass
,70,1BNZZOW0D8K8AGXDQ4F75V,SizingPeriod: WINTER DESIGN DAY FROM WEATHER FILE,1.7393494052E-015,2.1752691514E-015,Pass,Pass,1.1537901331E-002,6.3254329553E-002,Pass,Pass
,71,1CXQ0W4HL71FQ21BMWHLFZ,SizingPeriod: WINTER DESIGN DAY FROM WEATHER FILE,2.4054832200E-015,2.4320952364E-015,Pass,Pass,3.2142564503E-003,5.7839940681E-003,Pass,Pass
,72,1DR$EUE41E8ECWOYLIJLIT,SizingPeriod: WINTER DESIGN DAY FROM WEATHER FILE,3.6268293570E-003,3.0827419824E-003,Pass,Pass,0.0000000000,0.0000000000,Pass,Pass
,73,1EYECQGPZ09F9SE6JGR55M,SizingPeriod: WINTER DESIGN DAY FROM WEATHER FILE,0.1133840205,8.5593662312E-002,Pass,Pass,0.0000000000,0.0000000000,Pass,Pass
,74,1GOZB5TBH738163NLUZBQX,SizingPeriod: WINTER DESIGN DAY FROM WEATHER FILE,0.1363833042,0.1067998556,Pass,Pass,0.0000000000,0.0000000000,Pass,Pass
,75,1HQZA3HET1GRLTQSI138OL,SizingPeriod: WINTER DESIGN DAY FROM WEATHER FILE,2.9235872982E-015,2.9005424962E-015,Pass,Pass,5.9097235622E-003,1.4525379216E-002,Pass,Pass
,76,1KWP7HSZR8YOJWZQWUXCGM,SizingPeriod: WINTER DESIGN DAY FROM WEATHER FILE,2.4424906542E-015,2.5284501681E-015,Pass,Pass,5.8448243540E-003,1.4255904326E-002,Pass,Pass
,77,1PWTN7AMJ3OEWPOHZO42NJ,SizingPeriod: WINTER DESIGN DAY FROM WEATHER FILE,3.3568073193E-003,1.7311504632E-002,Pass,Pass,0.1114059440,0.3673147889,Pass,Pass
,78,1Y2RJHKTHCLXJ0TUUV9K_Z,SizingPeriod: WINTER DESIGN DAY FROM WEATHER FILE,0.5218018238,1.3999174081,Pass,Pass,0.0000000000,0.0000000000,Pass,Pass
,79,1_FGE0TIZCTRJEYZDX5WYJ,SizingPeriod: WINTER DESIGN DAY FROM WEATHER FILE,1.4504570823E-002,3.6292780188E-002,Pass,Pass,0.2149317719,0.7731675090,Pass,Pass
,80,1ADVKLHC9ALU8GQYFXFWE4,SizingPeriod: WINTER DESIGN DAY FROM WEATHER FILE,2.1094237468E-015,2.2102455750E-015,Pass,Pass,1.0336572312E-002,4.4044463318E-002,Pass,Pass
,81,1IAFH_A0X4BU_FFXOZPTRL,SizingPeriod: WINTER DESIGN DAY FROM WEATHER FILE,2.7015426933E-015,3.1504174603E-015,Pass,Pass,7.5073447110E-002,0.1725510157,Pass,Pass
,82,1JORQKBDN4ZXPNFOKGQGP_,SizingPeriod: WINTER DESIGN DAY FROM WEATHER FILE,2.4794980883E-015,2.5184095965E-015,Pass,Pass,1.0907211211E-002,4.6869975981E-002,Pass,Pass
,83,1LXCTPB4NESE3Q6XK6HAD5,SizingPeriod: WINTER DESIGN DAY FROM WEATHER FILE,2.9235872982E-015,2.6642782506E-015,Pass,Pass,4.6625911483E-002,0.1086373605,Pass,Pass
,84,1NYUQ381R1JGTXA1VKFRZV,SizingPeriod: WINTER DESIGN DAY FROM WEATHER FILE,2.6255965240E-002,5.7670468324E-002,Pass,Pass,7.5184127673E-002,0.2201013283,Pass,Pass
,85,1RW1JYHZV1QBSFHPLSLVZZ,SizingPeriod: WINTER DESIGN DAY FROM WEATHER FILE,0.1491623095,0.1492987768,Pass,Pass,0.0000000000,0.0000000000,Pass,Pass
,86,1SIISADAJ75P2K126BOPWI,SizingPeriod: WINTER DESIGN DAY FROM WEATHER FILE,1.4270084956E-002,1.2196327872E-002,Pass,Pass,0.0000000000,0.0000000000,Pass,Pass
,87,1TFYORFFD5ZX4NAJ0W62KG,SizingPeriod: WINTER DESIGN DAY FROM WEATHER FILE,0.1273940175,9.0628728530E-002,Pass,Pass,0.0000000000,0.0000000000,Pass,Pass
,88,1WCNWD8FVEXXE6Q3YNDNHJ,SizingPeriod: WINTER DESIGN DAY FROM WEATHER FILE,2.0354088785E-015,2.1601058938E-015,Pass,Pass,1.0170466868E-002,4.3193869072E-002,Pass,Pass
,89,1Y_DAPZEF9MXUPESN29HKY,SizingPeriod: WINTER DESIGN DAY FROM WEATHER FILE,1.4728608423E-003,7.7010473616E-003,Pass,Pass,6.6487328206E-002,0.1873789721,Pass,Pass
,90,24CJFLTRXBVFTECKJLT5IU,SizingPeriod: WINTER DESIGN DAY FROM WEATHER FILE,2.2142539776E-002,8.7941452569E-002,Pass,Pass,0.1437701068,0.6300730304,Pass,Pass
,91,2CXRC190XAZUMHRLJ12ZWO,SizingPeriod: WINTER DESIGN DAY FROM WEATHER FILE,1.6283271028E-015,2.2884841923E-015,Pass,Pass,1.3645034587E-002,6.0213783147E-002,Pass,Pass
,92,2CBLUG4K90AFS0ULISW57$,SizingPeriod: WINTER DESIGN DAY FROM WEATHER FILE,4.1070258484E-002,8.3685279001E-002,Pass,Pass,4.1239898458E-002,0.1202190398,Pass,Pass
,93,2DDCZNH4P35P17ZZP0MC27,SizingPeriod: WINTER DESIGN DAY FROM WEATHER FILE,5.6887494893E-002,0.1090556018,Pass,Pass,5.6963601091E-002,0.2096728289,Pass,Pass
,94,2DZYGNKTN3YUE2CQZ7IH3G,SizingPeriod: WINTER DESIGN DAY FROM WEATHER FILE,2.5905203908E-015,2.9670639653E-015,Pass,Pass,2.2720262253E-002,5.9632363457E-002,Pass,Pass
,95,2JPUAUJGVCL8GZFYDEN0QZ,SizingPeriod: WINTER DESIGN DAY FROM WEATHER FILE,2.0354088785E-015,2.5508298489E-015,Pass,Pass,4.6217609954E-002,0.1076881912,Pass,Pass
,96,2KFJ4GAD59TRGS$KUMPVKX,SizingPeriod: WINTER DESIGN DAY FROM WEATHER FILE,1.4432899320E-015,2.1499376425E-015,Pass,Pass,2.2269237815E-002,5.8402068942E-002,Pass,Pass
,97,2KRQOVE1T90WWGJURUVFGY,SizingPeriod: WINTER DESIGN DAY FROM WEATHER FILE,4.9761141824E-002,8.7193525318E-002,Pass,Pass,4.0200676997E-002,0.1136303952,Pass,Pass
,98,2N5PAWURB9UXWMW6VZHKG2,SizingPeriod: WINTER DESIGN DAY FROM WEATHER FILE,0.1132052895,8.5514183472E-002,Pass,Pass,0.0000000000,0.0000000000,Pass,Pass
,99,2U0_9NBFJ5W9HBM3YSNCGZ,SizingPeriod: WINTER DESIGN DAY FROM WEATHER FILE,3.5992827773E-003,3.0920557877E-003,Pass,Pass,0.0000000000,0.0000000000,Pass,Pass
,100,2WTW_5TS12BQVVPNZ4RTZ8,SizingPeriod: WINTER DESIGN DAY FROM WEATHER FILE,1.9613940102E-015,2.4522835994E-015,Pass,Pass,3.2273394119E-003,5.7783836146E-003,Pass,Pass
,101,2X$RF$7GLFZECF00IG4ZFJ,SizingPeriod: WINTER DESIGN DAY FROM WEATHER FILE,1.7763568394E-015,2.1755839288E-015,Pass,Pass,3.2911232202E-003,5.8338742947E-003,Pass,Pass
,102,2Y6L$OYX55CULKWGZVG76X,SizingPeriod: WINTER DESIGN DAY FROM WEATHER FILE,1.3203901994E-003,5.3634418574E-003,Pass,Pass,7.5652618380E-002,0.2581630793,Pass,Pass
,103,2YUBHDOS5EZHT591INO2JZ,SizingPeriod: WINTER DESIGN DAY FROM WEATHER FILE,0.1197200899,0.1020816874,Pass,Pass,6.0765933256E-002,0.3126650890,Pass,Pass
,104,2_MZMMWYJ2X8L5ZTTWFZQ9,SizingPeriod: WINTER DESIGN DAY FROM WEATHER FILE,3.3895399119E-003,1.3309052766E-002,Pass,Pass,0.3094833527,2.0237210394,Pass,Pass
,105,2K9O3QILF0AQFA6KKU5HXP,SizingPeriod: WINTER DESIGN DAY FROM WEATHER FILE,2.8934740780E-002,7.5309169792E-002,Pass,Pass,0.5719201383,4.4307883853,Pass,Pass
,106,2SQQMDRC5FSAM7Q4HEYPCN,SizingPeriod: WINTER DESIGN DAY FROM WEATHER FILE,7.4019442583E-002,7.7447137591E-002,Pass,Pass,0.0000000000,0.0000000000,Pass,Pass
,107,2UN5ECZKNBEXTUKMCA5OFF,SizingPeriod: WINTER DESIGN DAY FROM WEATHER FILE,2.1464311809E-015,2.4312504166E-015,Pass,Pass,5.7903083864E-003,1.4021306317E-002,Pass,Pass
,108,2V9V9EITTC7UB9LUIJAJSI,SizingPeriod: WINTER DESIGN DAY FROM WEATHER FILE,3.2305383574E-002,6.4128693515E-002,Pass,Pass,8.0257729626E-002,0.2889075114,Pass,Pass
,109,303QW7ZF996EKWJLTQOLOB,SizingPeriod: WINTER DESIGN DAY FROM WEATHER FILE,2.8865798640E-015,2.6303930358E-015,Pass,Pass,5.7937129586E-003,1.4258294341E-002,Pass,Pass
,110,38IMUKOGP559RZQPTQORMP,SizingPeriod: WINTER DESIGN DAY FROM WEATHER FILE,2.3314683517E-015,2.4500486629E-015,Pass,Pass,1.0186846428E-002,4.3281322416E-002,Pass,Pass
,111,3M_8BSRUT9JPFPUQGPEDOA,SizingPeriod: WINTER DESIGN DAY FROM WEATHER FILE,2.6275278249E-015,2.5249269495E-015,Pass,Pass,2.5331370812E-003,1.9498404434E-003,Pass,Pass
,112,3TJLMIJ$97RELEO_9TS0SD,SizingPeriod: WINTER DESIGN DAY FROM WEATHER FILE,1.9984014443E-015,2.3949271732E-015,Pass,Pass,3.2789352980E-003,5.7784977722E-003,Pass,Pass
,113,3W$07STZF4SGATGZXH6RH7,SizingPeriod: WINTER DESIGN DAY FROM WEATHER FILE,2.5651246061E-002,5.8418102663E-002,Pass,Pass,5.4836927060E-002,0.1379646515,Pass,Pass
,114,3WTGYEGFV57XESUBLIN6UZ,SizingPeriod: WINTER DESIGN DAY FROM WEATHER FILE,2.2574534834E-015,2.6207430561E-015,Pass,Pass,4.8509604053E-002,0.1146048800,Pass,Pass
,115,3XETEHPLX2FBMDLVKG9RNX,SizingPeriod: WINTER DESIGN DAY FROM WEATHER FILE,2.1080310416E-002,5.6805798234E-002,Pass,Pass,0.2648432778,1.5140421144,Pass,Pass
,116,3DYLJPHWXB1VOWY5LPQ8_2,SizingPeriod: WINTER DESIGN DAY FROM WEATHER FILE,0.1308775197,0.1021082063,Pass,Pass,0.0000000000,0.0000000000,Pass,Pass
,117,3G0CEO8QRFGPRRO9HYEX7V,SizingPeriod: WINTER DESIGN DAY FROM WEATHER FILE,2.2142539776E-002,8.7941452569E-002,Pass,Pass,0.1437701068,0.6300730304,Pass,Pass
,118,3LJWLADQX638QBR_BXHA$C,SizingPeriod: WINTER DESIGN DAY FROM WEATHER FILE,0.1539175758,0.1104319467,Pass,Pass,0.0000000000,0.0000000000,Pass,Pass
,119,00MLRNOVNCEHFFCBB9J$NK,RunPeriod: RUN PERIOD 1,2.4794980883E-015,2.3001244218E-015,Pass,Pass,5.1821888276E-002,0.1217886150,Pass,Pass
,120,0ELTW7UM9DRURZ_FYFNE9W,RunPeriod: RUN PERIOD 1,1.3904479162E-003,6.6549015579E-003,Pass,Pass,0.1301469507,0.2691281427,Pass,Pass
,121,0W6NU5BRTFIQXXYMM6ILGS,RunPeriod: RUN PERIOD 1,2.7015426933E-015,2.7010356945E-015,Pass,Pass,5.1211179505E-002,0.1197041360,Pass,Pass
,122,0DIFK5T49139$QBDUCK5A9,RunPeriod: RUN PERIOD 1,2.4794980883E-015,2.5700857050E-015,Pass,Pass,1.2003269871E-002,3.6598917980E-002,Pass,Pass
,123,0U2ZPLRHTCUWK3$YRPCZEO,RunPeriod: RUN PERIOD 1,2.7795494435E-003,9.2479745729E-003,Pass,Pass,0.1603664612,0.4895050776,Pass,Pass
,124,0WLDSRXY1FH9RF4WA6QEKV,RunPeriod: RUN PERIOD 1,2.7385501274E-015,2.2632095977E-015,Pass,Pass,1.6958039623E-002,6.4758887141E-002,Pass,Pass
,125,0ZWU9FOWRDWURARHO69T83,RunPeriod: RUN PERIOD 1,1.7023419711E-015,1.9846476577E-015,Pass,Pass,1.2029924052E-002,3.6845190190E-002,Pass,Pass
,126,11GHF5W0N9AGOUOXD7SXZM,RunPeriod: RUN PERIOD 1,4.1689007653E-003,1.3768492137E-002,Pass,Pass,0.1983999917,0.7272044746,Pass,Pass
,127,17KSY6ZZ5APQ0YJPQBAX_U,RunPeriod: RUN PERIOD 1,6.5084271248E-002,0.1727810984,Pass,Pass,0.1212481672,0.5417572945,Pass,Pass
,128,18PU3GE41D_BHP0U$GRITO,RunPeriod: RUN PERIOD 1,3.1086244690E-015,2.8203452734E-015,Pass,Pass,1.2694017981E-002,4.3822490211E-002,Pass,Pass
,129,1BNZZOW0D8K8AGXDQ4F75V,RunPeriod: RUN PERIOD 1,2.2944609176E-015,2.6136786932E-015,Pass,Pass,1.5750472485E-002,5.8334516512E-002,Pass,Pass
,130,1CXQ0W4HL71FQ21BMWHLFZ,RunPeriod: RUN PERIOD 1,2.4424906542E-015,2.5284501681E-015,Pass,Pass,1.4359201480E-002,5.1562108061E-002,Pass,Pass
,131,1DR$EUE41E8ECWOYLIJLIT,RunPeriod: RUN PERIOD 1,1.4668052622E-002,3.8612300984E-002,Pass,Pass,0.0000000000,0.0000000000,Pass,Pass
,132,1EYECQGPZ09F9SE6JGR55M,RunPeriod: RUN PERIOD 1,1.5861445620E-003,7.5001559953E-003,Pass,Pass,0.1341377556,0.2813939842,Pass,Pass
,133,1GOZB5TBH738163NLUZBQX,RunPeriod: RUN PERIOD 1,3.6943158892E-002,8.5307941873E-002,Pass,Pass,0.1084350710,0.3936002486,Pass,Pass
,134,1HQZA3HET1GRLTQSI138OL,RunPeriod: RUN PERIOD 1,2.7385501274E-015,2.2043511626E-015,Pass,Pass,2.5479626572E-002,9.3956295395E-002,Pass,Pass
,135,1KWP7HSZR8YOJWZQWUXCGM,RunPeriod: RUN PERIOD 1,2.2204460493E-015,2.4188258268E-015,Pass,Pass,2.5468649855E-002,9.3804747413E-002,Pass,Pass
,136,1PWTN7AMJ3OEWPOHZO42NJ,RunPeriod: RUN PERIOD 1,2.5905203908E-015,2.5884048164E-015,Pass,Pass,4.0935798589E-002,7.6576112496E-002,Pass,Pass
,137,1Y2RJHKTHCLXJ0TUUV9K_Z,RunPeriod: RUN PERIOD 1,0.5389235973,1.4027864163,Pass,Pass,0.0000000000,0.0000000000,Pass,Pass
,138,1_FGE0TIZCTRJEYZDX5WYJ,RunPeriod: RUN PERIOD 1,2.1464311809E-015,2.2632095977E-015,Pass,Pass,5.4201426730E-002,0.1079624927,Pass,Pass
,139,1ADVKLHC9ALU8GQYFXFWE4,RunPeriod: RUN PERIOD 1,2.4054832200E-015,2.2052829067E-015,Pass,Pass,1.4305803572E-002,4.4036368430E-002,Pass,Pass
,140,1IAFH_A0X4BU_FFXOZPTRL,RunPeriod: RUN PERIOD 1,2.4424906542E-015,2.6799106623E-015,Pass,Pass,4.1696190232E-002,7.7739463391E-002,Pass,Pass
,141,1JORQKBDN4ZXPNFOKGQGP_,RunPeriod: RUN PERIOD 1,2.8495724299E-015,2.4921697531E-015,Pass,Pass,1.4131245648E-002,4.3395303997E-002,Pass,Pass
,142,1LXCTPB4NESE3Q6XK6HAD5,RunPeriod: RUN PERIOD 1,2.1464311809E-015,2.4312504166E-015,Pass,Pass,4.7669551515E-002,9.6742134918E-002,Pass,Pass
,143,1NYUQ381R1JGTXA1VKFRZV,RunPeriod: RUN PERIOD 1,2.8317614641E-003,9.4079031336E-003,Pass,Pass,0.1713419895,0.5655657980,Pass,Pass
,144,1RW1JYHZV1QBSFHPLSLVZZ,RunPeriod: RUN PERIOD 1,6.0710086814E-002,0.1734850731,Pass,Pass,0.1496849141,0.6722524566,Pass,Pass
,145,1SIISADAJ75P2K126BOPWI,RunPeriod: RUN PERIOD 1,2.0999969981E-002,4.7034543007E-002,Pass,Pass,0.0000000000,0.0000000000,Pass,Pass
,146,1TFYORFFD5ZX4NAJ0W62KG,RunPeriod: RUN PERIOD 1,2.5165055225E-015,2.6105328401E-015,Pass,Pass,0.1061215453,0.2697906068,Pass,Pass
,147,1WCNWD8FVEXXE6Q3YNDNHJ,RunPeriod: RUN PERIOD 1,2.2204460493E-015,2.5251981408E-015,Pass,Pass,1.4075199110E-002,4.3233763943E-002,Pass,Pass
,148,1Y_DAPZEF9MXUPESN29HKY,RunPeriod: RUN PERIOD 1,1.7393494052E-015,2.3496077942E-015,Pass,Pass,0.1289745041,0.5463425587,Pass,Pass
,149,24CJFLTRXBVFTECKJLT5IU,RunPeriod: RUN PERIOD 1,5.8948310552E-002,0.1779359385,Pass,Pass,9.0223087561E-002,0.5449582059,Pass,Pass
,150,2CXRC190XAZUMHRLJ12ZWO,RunPeriod: RUN PERIOD 1,3.1086244690E-015,3.0010268245E-015,Pass,Pass,1.5742382880E-002,5.0144318237E-002,Pass,Pass
,151,2CBLUG4K90AFS0ULISW57$,RunPeriod: RUN PERIOD 1,6.1037805093E-003,2.1460856985E-002,Pass,Pass,8.8995606539E-002,0.2617116507,Pass,Pass
,152,2DDCZNH4P35P17ZZP0MC27,RunPeriod: RUN PERIOD 1,3.0557007833E-002,8.4890909915E-002,Pass,Pass,0.2080246129,1.1253771250,Pass,Pass
,153,2DZYGNKTN3YUE2CQZ7IH3G,RunPeriod: RUN PERIOD 1,2.7385501274E-015,2.5884048164E-015,Pass,Pass,3.0358794932E-002,6.6622122189E-002,Pass,Pass
,154,2JPUAUJGVCL8GZFYDEN0QZ,RunPeriod: RUN PERIOD 1,2.6275278249E-015,2.5764723432E-015,Pass,Pass,4.7958021177E-002,9.7386180729E-002,Pass,Pass
,155,2KFJ4GAD59TRGS$KUMPVKX,RunPeriod: RUN PERIOD 1,2.0724163126E-015,2.2740759639E-015,Pass,Pass,2.9623037253E-002,6.4937961240E-002,Pass,Pass
,156,2KRQOVE1T90WWGJURUVFGY,RunPeriod: RUN PERIOD 1,2.2002713301E-002,6.4527569149E-002,Pass,Pass,2.5634189847,23.5462603768,Pass,Pass
,157,2N5PAWURB9UXWMW6VZHKG2,RunPeriod: RUN PERIOD 1,1.3242609281E-003,6.3538109479E-003,Pass,Pass,0.1277806687,0.2628071155,Pass,Pass
,158,2U0_9NBFJ5W9HBM3YSNCGZ,RunPeriod: RUN PERIOD 1,1.4694793861E-002,3.8844122670E-002,Pass,Pass,0.0000000000,0.0000000000,Pass,Pass
,159,2WTW_5TS12BQVVPNZ4RTZ8,RunPeriod: RUN PERIOD 1,2.0724163126E-015,2.2740759639E-015,Pass,Pass,1.4363210185E-002,5.1578705574E-002,Pass,Pass
,160,2X$RF$7GLFZECF00IG4ZFJ,RunPeriod: RUN PERIOD 1,2.3684757859E-015,2.5979113342E-015,Pass,Pass,1.4399045887E-002,5.1720101384E-002,Pass,Pass
,161,2Y6L$OYX55CULKWGZVG76X,RunPeriod: RUN PERIOD 1,1.4062824979E-015,1.8826565998E-015,Pass,Pass,7.4977160893E-002,0.1862303054,Pass,Pass
,162,2YUBHDOS5EZHT591INO2JZ,RunPeriod: RUN PERIOD 1,2.8865798640E-015,2.7285297860E-015,Pass,Pass,0.1011032724,0.2178332107,Pass,Pass
,163,2_MZMMWYJ2X8L5ZTTWFZQ9,RunPeriod: RUN PERIOD 1,2.4424906542E-015,2.5284501681E-015,Pass,Pass,9.3609753501E-002,0.2539154746,Pass,Pass
,164,2K9O3QILF0AQFA6KKU5HXP,RunPeriod: RUN PERIOD 1,3.9417428501E-003,1.5766102758E-002,Pass,Pass,0.4064798207,2.9034559005,Pass,Pass
,165,2SQQMDRC5FSAM7Q4HEYPCN,RunPeriod: RUN PERIOD 1,4.4863257241E-002,8.2157988117E-002,Pass,Pass,8.6490959421E-002,0.2556694707,Pass,Pass
,166,2UN5ECZKNBEXTUKMCA5OFF,RunPeriod: RUN PERIOD 1,2.6645352591E-015,2.5121479339E-015,Pass,Pass,2.4894094904E-002,9.1551800485E-002,Pass,Pass
,167,2V9V9EITTC7UB9LUIJAJSI,RunPeriod: RUN PERIOD 1,5.9867543970E-003,1.9795054437E-002,Pass,Pass,0.1672998072,0.6429909175,Pass,Pass
,168,303QW7ZF996EKWJLTQOLOB,RunPeriod: RUN PERIOD 1,1.7763568394E-015,2.1142875387E-015,Pass,Pass,2.4871786289E-002,9.1601243592E-002,Pass,Pass
,169,38IMUKOGP559RZQPTQORMP,RunPeriod: RUN PERIOD 1,2.2204460493E-015,2.5767381096E-015,Pass,Pass,1.4067905890E-002,4.3197993497E-002,Pass,Pass
,170,3M_8BSRUT9JPFPUQGPEDOA,RunPeriod: RUN PERIOD 1,2.3684757859E-015,2.8856307994E-015,Pass,Pass,1.3359668845E-002,5.0447827086E-002,Pass,Pass
,171,3TJLMIJ$97RELEO_9TS0SD,RunPeriod: RUN PERIOD 1,1.9984014443E-015,2.2241437138E-015,Pass,Pass,1.4319036806E-002,5.1425692366E-002,Pass,Pass
,172,3W$07STZF4SGATGZXH6RH7,RunPeriod: RUN PERIOD 1,2.5905203908E-015,2.3765573743E-015,Pass,Pass,6.0433784600E-002,0.1163565120,Pass,Pass
,173,3WTGYEGFV57XESUBLIN6UZ,RunPeriod: RUN PERIOD 1,2.8125649957E-015,2.4547954709E-015,Pass,Pass,4.8464940129E-002,9.8568258156E-002,Pass,Pass
,174,3XETEHPLX2FBMDLVKG9RNX,RunPeriod: RUN PERIOD 1,2.4794980883E-015,2.4117378850E-015,Pass,Pass,5.7809294919E-002,0.1125812024,Pass,Pass
,175,3DYLJPHWXB1VOWY5LPQ8_2,RunPeriod: RUN PERIOD 1,3.5351997532E-002,8.2287231581E-002,Pass,Pass,0.1130102753,0.4334753821,Pass,Pass
,176,3G0CEO8QRFGPRRO9HYEX7V,RunPeriod: RUN PERIOD 1,5.8948310552E-002,0.1779359385,Pass,Pass,9.0223087558E-002,0.5449582059,Pass,Pass
,177,3LJWLADQX638QBR_BXHA$C,RunPeriod: RUN PERIOD 1,5.6016772363E-002,0.1084959683,Pass,Pass,0.3313616948,2.4766346583,Pass,Pass


----------------------------------------------------------------------------------------------------
REPORT:,Annual Heat Emissions Summary
FOR:,Entire Facility
Heat Emission by Components

,,Envelope Convection,Zone Exfiltration,Zone Exhaust Air,HVAC Relief Air,HVAC Reject Heat,Total
,Heat Emissions [GJ],2700.12,838.97,0.00,0.00,0.00,3539.10


----------------------------------------------------------------------------------------------------
REPORT:,Climatic Data Summary
FOR:,Entire Facility
SizingPeriod:DesignDay

,,Maximum Dry Bulb [C],Daily Temperature Range [deltaC],Humidity Value,Humidity Type,Wind Speed [m/s],Wind Direction
,None,,,,,,


Weather Statistics File

,,Value
,None,


----------------------------------------------------------------------------------------------------
REPORT:,Envelope Summary
FOR:,Entire Facility
Opaque Exterior

,,Construction,Reflectance,U-Factor with Film [W/m2-K],U-Factor no Film [W/m2-K],Gross Area [m2],Net Area [m2],Azimuth [deg],Tilt [deg],Cardinal Direction
,2KNGCPNCD2YFAYLZB3ZTFJ,BPS-OUTERWALL_2_0.175_0.07,0.30,0.504,0.545,20.25,20.25,0.00,90.00,N
,31DQLD8W92IFZL84KGCBR8,BPS-GROUNDFLOOR_3_0.04_0.06_0.16,0.30,0.566,0.623,26.49,26.49,0.00,180.00,
,1AOU0GPDZFMGQBCRMUDRMJ,BPS-INNERWALL_3_0.01_0.15_0.01,0.30,0.751,0.846,0.40,0.40,180.00,90.00,S
,0SFMTTC9T1NVUGFIFDHXC5,BPS-OUTERWALL_2_0.175_0.07,0.30,0.504,0.545,23.10,14.49,180.00,90.00,S
,3EGUAN7MT8_B1UFR2XL4IR,BPS-INNERWALL_3_0.01_0.15_0.01,0.30,0.751,0.846,0.44,0.44,180.00,90.00,S
,3SO36T67L62GY0K3LBCDAW,BPS-ROOF_3_0.15_0.12_0.03,0.30,0.478,0.512,37.64,37.64,0.00,0.00,
,3QZJQKDSNBRP_3VCDJIUV3,BPS-OUTERWALL_2_0.175_0.07,0.30,0.504,0.545,7.28,7.28,90.00,90.00,E
,0TGBTMCVB6LUXRDBY4TXBY,BPS-GROUNDFLOOR_3_0.04_0.06_0.16,0.30,0.566,0.623,10.34,10.34,0.00,180.00,
,27Q9TBEHB52FX4MRHVDRB2,BPS-OUTERWALL_2_0.175_0.07,0.30,0.504,0.545,19.57,19.57,0.00,90.00,N
,0XFBL31LNFLHHPB5WRWN5B,BPS-OUTERWALL_2_0.175_0.07,0.30,0.504,0.545,10.55,10.55,90.00,90.00,E
,2AXEJYIWDEYPDAZV7KV1PJ,BPS-OUTERWALL_2_0.175_0.07,0.30,0.504,0.545,0.09,0.09,270.00,90.00,W
,2JO0HFHZ12NBSHADMOM$51,BPS-INNERFLOOR_3_0.04_0.06_0.16,0.30,0.566,0.623,26.49,26.49,0.00,180.00,
,2GF06UWBXFXOY$WFHREUGD,BPS-OUTERWALL_2_0.175_0.07,0.30,0.504,0.545,23.10,14.49,0.00,90.00,N
,2QCY72UXX5OUBSVSOJXPRZ,BPS-INNERWALL_3_0.01_0.15_0.01,0.30,0.751,0.846,0.44,0.44,0.00,90.00,N
,2EKCHX54HD3BFBGKEW7$CW,BPS-INNERWALL_3_0.01_0.15_0.01,0.30,0.751,0.846,0.44,0.44,0.00,90.00,N
,0P3J6YNA14FRUDNJN0TPNX,BPS-OUTERWALL_2_0.175_0.07,0.30,0.504,0.545,7.84,7.84,180.00,90.00,S
,3VB4VVZHP7UH49IMBBJSUS,BPS-OUTERWALL_2_0.175_0.07,0.30,0.504,0.545,14.45,14.45,270.00,90.00,W
,0LW1D3PK5FYE8J7AK9HK_U,BPS-GROUNDFLOOR_3_0.04_0.06_0.16,0.30,0.566,0.623,19.79,19.79,0.00,180.00,
,13EAHSHNJDA9NU9IUARZHH,BPS-ROOF_3_0.15_0.12_0.03,0.30,0.478,0.512,19.62,19.62,180.00,0.00,
,3BOF36K$T1FVB3LBYP$8W6,BPS-OUTERWALL_2_0.175_0.07,0.30,0.504,0.545,20.25,20.25,0.00,90.00,N
,0EUCB5HUX73RZDCA4VMBPF,BPS-OUTERWALL_2_0.175_0.07,0.30,0.504,0.545,10.94,10.94,90.00,90.00,E
,2OFMXHHQP7ZFBNZRD99TTU,BPS-OUTERWALL_2_0.175_0.07,0.30,0.504,0.545,0.09,0.09,90.00,90.00,E
,2K9703ONBFX8QPWRQFHC2P,BPS-GROUNDFLOOR_3_0.04_0.06_0.16,0.30,0.566,0.623,26.49,26.49,0.00,180.00,
,0JXHPWPWJ4IQETJZLHCRR0,BPS-OUTERWALL_2_0.175_0.07,0.30,0.504,0.545,23.10,14.49,0.00,90.00,N
,3OT5AXX2PBC93AB2ANUWU9,BPS-INNERWALL_3_0.01_0.15_0.01,0.30,0.751,0.846,0.44,0.44,0.00,90.00,N
,0T3YJO_ILDA9X7OQZ5ACCL,BPS-INNERWALL_3_0.01_0.15_0.01,0.30,0.751,0.846,0.44,0.44,0.00,90.00,N
,2WJST8FF1DWFPFB1QVY3WG,BPS-OUTERWALL_2_0.175_0.07,0.30,0.504,0.545,13.91,13.91,90.00,90.00,E
,0FNOD6QIDFQXB4EHLIQN0J,BPS-OUTERWALL_2_0.175_0.07,0.30,0.504,0.545,0.26,0.26,180.00,90.00,S
,2ZR6P4KRX8CPYVMCPSKVBZ,BPS-OUTERWALL_2_0.175_0.07,0.30,0.504,0.545,0.88,0.88,90.00,90.00,E
,051_YLSRXC_9AKHS2$WJOF,BPS-OUTERWALL_2_0.175_0.07,0.30,0.504,0.545,23.36,14.75,180.00,90.00,S
,3H2HQSQKV4NG3MSUFJ6X1F,BPS-OUTERWALL_2_0.175_0.07,0.30,0.504,0.545,23.62,17.91,90.00,90.00,E
,1XKHWPL3Z4NB70GQ4EIN38,BPS-GROUNDFLOOR_3_0.04_0.06_0.16,0.30,0.566,0.623,68.59,68.59,0.00,180.00,
,3L8OFX5MZ7YPLF93AH$3WX,BPS-GROUNDFLOOR_3_0.04_0.06_0.16,0.30,0.566,0.623,4.37,4.37,0.00,180.00,
,1XBJERHIN44FELIUR1EA1R,BPS-OUTERWALL_2_0.175_0.07,0.30,0.504,0.545,1.84,1.84,90.00,90.00,E
,1LALJPA1D6AVVIRYPEWI9H,BPS-OUTERDOOR_1_0.05,0.30,1.291,1.600,2.27,2.27,90.00,90.00,E
,18RJICO9J1POCMG0IKD0OX,BPS-GROUNDFLOOR_3_0.04_0.06_0.16,0.30,0.566,0.623,0.29,0.29,0.00,180.00,
,3IYYOKR0F3XQUWB_A3OOBX,BPS-GROUNDFLOOR_3_0.04_0.06_0.16,0.30,0.566,0.623,7.34,7.34,0.00,180.00,
,35Y5HL4RVEZB2AOVLMO96P,BPS-GROUNDFLOOR_3_0.04_0.06_0.16,0.30,0.566,0.623,105.04,105.04,0.00,180.00,
,2EGGRSD6NCGGS4NKC2JCLJ,BPS-ROOF_3_0.15_0.12_0.03,0.30,0.478,0.512,9.32,9.32,0.00,0.00,
,1G3S9GADL7QWXYUM4DDT8O,BPS-GROUNDFLOOR_3_0.04_0.06_0.16,0.30,0.566,0.623,5.15,5.15,0.00,180.00,
,37O1UWXHLEYQJHTKZAU2G1,BPS-ROOF_3_0.15_0.12_0.03,0.30,0.478,0.512,5.15,5.15,0.00,0.00,
,1J9KB69GF8OQMLAKLZLBJS,BPS-INNERWALL_3_0.01_0.15_0.01,0.30,0.751,0.846,0.44,0.44,180.00,90.00,S
,2KRCXCQVBFBX1MMOKJLPKX,BPS-OUTERWALL_2_0.175_0.07,0.30,0.504,0.545,23.10,14.49,180.00,90.00,S
,0QDNJIMZX9PFMUQUADNMLE,BPS-INNERWALL_3_0.01_0.15_0.01,0.30,0.751,0.846,0.44,0.44,180.00,90.00,S
,1QOI1JVS56TGDWNLTJTSY2,BPS-ROOF_3_0.15_0.12_0.03,0.30,0.478,0.512,37.70,37.70,0.00,0.00,
,26_$HPFTLBOQ3XZGUV5X91,BPS-OUTERWALL_2_0.175_0.07,0.30,0.504,0.545,23.10,14.49,180.00,90.00,S
,0M$GR$GXT9AR2WH5LC0HYW,BPS-OUTERWALL_2_0.175_0.07,0.30,0.504,0.545,23.10,14.49,180.00,90.00,S
,1RCWCUFOTBZWQ8SXCAYKWL,BPS-OUTERWALL_2_0.175_0.07,0.30,0.504,0.545,1.40,1.40,180.00,90.00,S
,3PSJVKFAH5YVZ2MVNQTTGO,BPS-INNERWALL_3_0.01_0.15_0.01,0.30,0.751,0.846,0.44,0.44,180.00,90.00,S
,1JCNK2ECPCX8GAWLUG2C4W,BPS-INNERWALL_3_0.01_0.15_0.01,0.30,0.751,0.846,0.44,0.44,180.00,90.00,S
,2LERYUTXX5XGNGZ8VUQZ$M,BPS-ROOF_3_0.15_0.12_0.03,0.30,0.478,0.512,76.22,76.22,0.00,0.00,
,2M2UBVK4TFPEW8HOJ46QOO,BPS-OUTERWALL_2_0.175_0.07,0.30,0.504,0.545,18.90,13.19,270.00,90.00,W
,15U1LEEJ10AVUALCIUGWMP,BPS-OUTERWALL_2_0.175_0.07,0.30,0.504,0.545,23.36,14.75,0.00,90.00,N
,1O4XPJBBB1CQ8PXA_XLJRL,BPS-INNERWALL_3_0.01_0.15_0.01,0.30,0.751,0.846,0.44,0.44,0.00,90.00,N
,3RL300MHTA4ON4DTIL6MKD,BPS-ROOF_3_0.15_0.12_0.03,0.30,0.478,0.512,36.72,36.72,0.00,0.00,
,2NOYJ6EOB5_9EG1XWIFUFJ,BPS-OUTERWALL_2_0.175_0.07,0.30,0.504,0.545,3.84,3.84,270.00,90.00,W
,0DGK7YPNL3$UHWJ7466EAD,BPS-OUTERWALL_2_0.175_0.07,0.30,0.504,0.545,0.88,0.88,270.00,90.00,W
,2NYYXFYM90TXDXI1CFS3RF,BPS-OUTERWALL_2_0.175_0.07,0.30,0.504,0.545,13.91,13.91,270.00,90.00,W
,3HU1QCBZLETOE1ZOBANTUB,BPS-GROUNDFLOOR_3_0.04_0.06_0.16,0.30,0.566,0.623,1.33,1.33,0.00,180.00,
,3FIT3KQWD7U9U_P$YPDOJ9,BPS-GROUNDFLOOR_3_0.04_0.06_0.16,0.30,0.566,0.623,33.23,33.23,180.00,180.00,
,2L2MSDKFF7UBN2BIFB97MY,BPS-OUTERWALL_2_0.175_0.07,0.30,0.504,0.545,1.40,1.40,180.00,90.00,S
,2RVLZ0XZN0NPADB7M4CVHC,BPS-OUTERWALL_2_0.175_0.07,0.30,0.504,0.545,4.11,4.11,270.00,90.00,W
,1QYZUC2EJERG4XO1TTYIKX,BPS-OUTERWALL_2_0.175_0.07,0.30,0.504,0.545,23.10,14.49,0.00,90.00,N
,1ROMIXJ0J638NLFYBRCD3$,BPS-OUTERWALL_2_0.175_0.07,0.30,0.504,0.545,23.10,14.49,180.00,90.00,S
,2BIQITMWB23UD9FGLGETC$,BPS-OUTERWALL_2_0.175_0.07,0.30,0.504,0.545,1.40,1.40,180.00,90.00,S
,0LR_FF7WP9JBVNGSOHKYFB,BPS-OUTERWALL_2_0.175_0.07,0.30,0.504,0.545,23.10,14.49,180.00,90.00,S
,2AQW0CPZX3GULHDTYRNFZV,BPS-OUTERWALL_2_0.175_0.07,0.30,0.504,0.545,4.11,4.11,90.00,90.00,E
,0FYAVQ$OF96UV0Q7CUK4TH,BPS-OUTERWALL_2_0.175_0.07,0.30,0.512,0.545,0.03,0.03,90.00,180.00,
,3Y_KTFKDV8LUH55NJPN8VR,BPS-INNERWALL_3_0.01_0.15_0.01,0.30,0.751,0.846,0.44,0.44,180.00,90.00,S
,0OJ1UM15X4XASIT97FXXWQ,BPS-INNERWALL_3_0.01_0.15_0.01,0.30,0.751,0.846,0.44,0.44,0.00,90.00,N
,16ZJX7DWZ1FRQDXK8_TZOU,BPS-INNERWALL_3_0.01_0.15_0.01,0.30,0.751,0.846,0.44,0.44,0.00,90.00,N
,0X0CKA0Z9A5XAMHRA8EFBY,BPS-OUTERWALL_2_0.175_0.07,0.30,0.504,0.545,23.10,14.49,180.00,90.00,S
,3CO9KDQTJ9SGOVCISLACZZ,BPS-OUTERWALL_2_0.175_0.07,0.30,0.504,0.545,5.09,5.09,180.00,90.00,S
,3MZ4L9HLX1G98HT3ATCBQV,BPS-INNERWALL_3_0.01_0.15_0.01,0.30,0.751,0.846,0.44,0.44,180.00,90.00,S
,1MTXNWHMFFIGPAP4DHBVPI,BPS-OUTERWALL_2_0.175_0.07,0.30,0.504,0.545,18.00,18.00,180.00,90.00,S
,16VNVAGJV2MWBW36SI9RHU,BPS-INNERWALL_3_0.01_0.15_0.01,0.30,0.751,0.846,0.44,0.44,180.00,90.00,S
,11JCWKXONESFC$LJNQBCZR,BPS-INNERWALL_3_0.01_0.15_0.01,0.30,0.751,0.846,0.44,0.44,180.00,90.00,S
,11Q1TTNID6DPAHXMQ2_RHV,BPS-GROUNDFLOOR_3_0.04_0.06_0.16,0.30,0.566,0.623,154.11,154.11,0.00,180.00,
,35OQ8T1618EXWMWHOLWKFX,BPS-GROUNDFLOOR_3_0.04_0.06_0.16,0.30,0.566,0.623,5.21,5.21,0.00,180.00,
,1EQKZPY4J03EUQ3BPAFZVL,BPS-GROUNDFLOOR_3_0.04_0.06_0.16,0.30,0.566,0.623,7.33,7.33,0.00,180.00,
,03AQU7YVX7FVYDXKUDLLM7,BPS-GROUNDFLOOR_3_0.04_0.06_0.16,0.30,0.566,0.623,0.29,0.29,0.00,180.00,
,3M8YECXW90OBYK9ERH5IUL,BPS-GROUNDFLOOR_3_0.04_0.06_0.16,0.30,0.566,0.623,7.33,7.33,0.00,180.00,
,1VEL4LBMXEA8RNBLOD5TCC,BPS-GROUNDFLOOR_3_0.04_0.06_0.16,0.30,0.566,0.623,0.29,0.29,0.00,180.00,
,2BCWYAOVPFVGNDSOH$6CZO,BPS-ROOF_3_0.15_0.12_0.03,0.30,0.478,0.512,279.04,279.04,315.00,0.00,
,3EXIS$1FD06WHGGUAKR7UI,BPS-OUTERWALL_2_0.175_0.07,0.30,0.504,0.545,41.25,41.25,0.00,90.00,N
,038CSTGST3ER72HOD1_LZZ,BPS-GROUNDFLOOR_3_0.04_0.06_0.16,0.30,0.566,0.623,53.97,53.97,0.00,180.00,
,3C6WGT5KVAPROMVHPYG1IL,BPS-OUTERWALL_2_0.175_0.07,0.30,0.504,0.545,18.90,13.19,90.00,90.00,E
,1UZOKUFAJ9Z9L8U4URCDZ3,BPS-OUTERWALL_2_0.175_0.07,0.30,0.504,0.545,23.36,14.75,0.00,90.00,N
,1PILQXAON8SXGHY5GMGIYK,BPS-INNERWALL_3_0.01_0.15_0.01,0.30,0.751,0.846,0.44,0.44,0.00,90.00,N
,2RB8NQLVNEPBCPLAAWFCY0,BPS-ROOF_3_0.15_0.12_0.03,0.30,0.478,0.512,36.72,36.72,0.00,0.00,
,0DGNFN5F1BKAEDP7EANJAN,BPS-OUTERWALL_2_0.175_0.07,0.30,0.504,0.545,7.28,7.28,270.00,90.00,W
,0FY6YADUN82A3MEGOVNPN0,BPS-GROUNDFLOOR_3_0.04_0.06_0.16,0.30,0.566,0.623,10.34,10.34,0.00,180.00,
,2RZTZXHVL8WFSVWI2XSR47,BPS-INNERWALL_3_0.01_0.15_0.01,0.30,0.751,0.846,0.44,0.44,0.00,90.00,N
,1HMMLO_A995EM6HE2RUFGQ,BPS-INNERWALL_3_0.01_0.15_0.01,0.30,0.751,0.846,0.44,0.44,0.00,90.00,N
,1DAXRXCFX5BUHCN25DG7PP,BPS-OUTERWALL_2_0.175_0.07,0.30,0.504,0.545,23.10,14.49,0.00,90.00,N
,2LRXPEF3H9CVRG4LXEAB4L,BPS-ROOF_3_0.15_0.12_0.03,0.30,0.478,0.512,36.99,36.99,0.00,0.00,
,3SANQ2RUF1OOL_0FEQC_ZI,BPS-OUTERWALL_2_0.175_0.07,0.30,0.504,0.545,23.10,14.49,0.00,90.00,N
,1VI5JCMLTFSQLU5PR6TXOY,BPS-INNERWALL_3_0.01_0.15_0.01,0.30,0.751,0.846,0.44,0.44,0.00,90.00,N
,2X8OHGYNB5UR0UW6NATSFV,BPS-INNERWALL_3_0.01_0.15_0.01,0.30,0.751,0.846,0.44,0.44,0.00,90.00,N
,39ZHPYA9P8PUP9R45F4GR1,BPS-OUTERWALL_2_0.175_0.07,0.30,0.504,0.545,1.40,1.40,180.00,90.00,S
,1PHGL47Q9DKVMOP6INW9X_,BPS-OUTERWALL_2_0.175_0.07,0.30,0.504,0.545,23.10,14.49,180.00,90.00,S
,31_MZ6GVDCMBNYR2YN8JAG,BPS-OUTERWALL_2_0.175_0.07,0.30,0.504,0.545,23.36,14.75,180.00,90.00,S
,3CYEVXWHHEGG8CYKJCQP8Y,BPS-OUTERWALL_2_0.175_0.07,0.30,0.504,0.545,1.40,1.40,180.00,90.00,S
,01ZFASKDD7NVJ7HHCLVQTV,BPS-INNERWALL_3_0.01_0.15_0.01,0.30,0.751,0.846,0.44,0.44,180.00,90.00,S
,2YUWNAY5H7_UIVERPTXZXS,BPS-OUTERWALL_2_0.175_0.07,0.30,0.504,0.545,19.26,13.55,270.00,90.00,W
,2TROSKYCT8SGMXTHT93OTD,BPS-OUTERWALL_2_0.175_0.07,0.30,0.504,0.545,23.10,14.49,180.00,90.00,S
,340NJLJXR1UWCMSBQVKWOE,BPS-GROUNDFLOOR_3_0.04_0.06_0.16,0.30,0.566,0.623,6.51,6.51,0.00,180.00,
,2JFFH14SPCTUVCOQNBHCA2,BPS-GROUNDFLOOR_3_0.04_0.06_0.16,0.30,0.566,0.623,107.95,107.95,0.00,180.00,
,1WKVW0Y71CJBIJBC6I$EJK,BPS-OUTERDOOR_1_0.05,0.30,1.291,1.600,2.27,2.27,270.00,90.00,W
,0OZHKLOMJ45XXK_4Q55YBX,BPS-OUTERWALL_2_0.175_0.07,0.30,0.504,0.545,1.84,1.84,270.00,90.00,W
,2ETDHZOSF838GD9BQ1N5N6,BPS-GROUNDFLOOR_3_0.04_0.06_0.16,0.30,0.566,0.623,7.06,7.06,0.00,180.00,
,2SQTZHL9X6EPCFVSGEHJCL,BPS-GROUNDFLOOR_3_0.04_0.06_0.16,0.30,0.566,0.623,0.29,0.29,0.00,180.00,
,3BRBKMJ5N64QV4Q668WGHJ,BPS-OUTERWALL_2_0.175_0.07,0.30,0.504,0.545,19.26,13.55,270.00,90.00,W
,1QCJ4VANF3XXRTKZS69QUP,BPS-OUTERWALL_2_0.175_0.07,0.30,0.504,0.545,23.36,14.75,180.00,90.00,S
,3BQ_BVM6D99ECUFDXLFPBK,BPS-INNERWALL_3_0.01_0.15_0.01,0.30,0.751,0.846,0.44,0.44,180.00,90.00,S
,0AWIQFK6J2DABOJH$NKS2N,BPS-ROOF_3_0.15_0.12_0.03,0.30,0.478,0.512,37.42,37.42,0.00,0.00,
,3KEGHTDH54R8BMFB$9SP_F,BPS-OUTERWALL_2_0.175_0.07,0.30,0.504,0.545,20.25,20.25,0.00,90.00,N
,2VZ_XE4TR5AUFN9AC86HKU,BPS-GROUNDFLOOR_3_0.04_0.06_0.16,0.30,0.566,0.623,26.49,26.49,0.00,180.00,
,3XR7BGLEHCYXZUYMIED6IC,BPS-OUTERWALL_2_0.175_0.07,0.30,0.504,0.545,1.40,1.40,0.00,90.00,N
,1ZTAG8GOHFYF$ZPVNNJM1H,BPS-INNERWALL_3_0.01_0.15_0.01,0.30,0.751,0.846,0.44,0.44,0.00,90.00,N
,18I9VCGV10RQZVX12MU394,BPS-OUTERWALL_2_0.175_0.07,0.30,0.504,0.545,1.40,1.40,0.00,90.00,N
,21CAMMXJ17QWPVF0ZLOJOP,BPS-OUTERWALL_2_0.175_0.07,0.30,0.504,0.545,23.10,14.49,0.00,90.00,N
,1IKQTBRNF69FUOJN86B3KC,BPS-OUTERWALL_2_0.175_0.07,0.30,0.504,0.545,23.10,14.49,0.00,90.00,N
,3QYL7I3LFBPVEPQWZN6V7L,BPS-INNERWALL_3_0.01_0.15_0.01,0.30,0.751,0.846,0.44,0.44,0.00,90.00,N
,3XMVQ98PL8E8XAR9I$KRBO,BPS-OUTERWALL_2_0.175_0.07,0.30,0.504,0.545,23.10,14.49,0.00,90.00,N
,1LZAUZ8T59U9LAHG5QVBYR,BPS-ROOF_3_0.15_0.12_0.03,0.30,0.478,0.512,112.59,112.59,0.00,0.00,
,0P2FPNGTB0XOKXAANAY8$J,BPS-OUTERWALL_2_0.175_0.07,0.30,0.504,0.545,0.96,0.96,270.00,90.00,W
,27IE3TPDL6VQPPVS3YN8AO,BPS-OUTERWALL_2_0.175_0.07,0.30,0.504,0.545,0.96,0.96,90.00,90.00,E
,1WGKQNAV93EE8IHZDWYKYC,BPS-OUTERWALL_2_0.175_0.07,0.30,0.504,0.545,1.22,1.22,180.00,90.00,S
,0K35PS3W9DRRNFSNG3NEE0,BPS-OUTERWALL_2_0.175_0.07,0.30,0.504,0.545,1.22,1.22,0.00,90.00,N
,1S_6XPALX9AHKMT5SEZ6PP,BPS-ROOF_3_0.15_0.12_0.03,0.30,0.478,0.512,36.11,36.11,0.00,0.00,
,0MH_JG1CL27FDCR10XM1$Q,BPS-OUTERWALL_2_0.175_0.07,0.30,0.504,0.545,119.70,119.70,180.00,90.00,S
,3X40G3TUT4LHFF4BN1LRCG,BPS-GROUNDFLOOR_3_0.04_0.06_0.16,0.30,0.566,0.623,206.37,206.37,180.00,180.00,
,2V7HCCIZX4MQAPTDIZUE6T,BPS-ROOF_3_0.15_0.12_0.03,0.30,0.478,0.512,3.99,3.99,0.00,0.00,
,3LG_IURXN2QXOLX8XKD3XA,BPS-ROOF_3_0.15_0.12_0.03,0.30,0.478,0.512,3.99,3.99,0.00,0.00,
,1A7VUEJIL1M8O0VUCWCROI,BPS-ROOF_3_0.15_0.12_0.03,0.30,0.478,0.512,4.50,4.50,0.00,0.00,
,1UCRPUCGTDI8S4$GRMQLBN,BPS-ROOF_3_0.15_0.12_0.03,0.30,0.478,0.512,4.50,4.50,0.00,0.00,
,3FS0IT03NEEXORGOSLNPMV,BPS-OUTERWALL_2_0.175_0.07,0.30,0.504,0.545,0.88,0.88,90.00,90.00,E
,24BO1CKOF0WAWFEWOJCU7A,BPS-OUTERWALL_2_0.175_0.07,0.30,0.504,0.545,9.10,6.29,90.00,90.00,E
,2WSOSOTWJ2ABYX9Z8H1OQA,BPS-OUTERWALL_2_0.175_0.07,0.30,0.504,0.545,3.84,3.84,90.00,90.00,E
,2ZXYTHW4Z4TBQJ8PXONBPW,BPS-ROOF_3_0.15_0.12_0.03,0.30,0.478,0.512,21.31,21.31,0.00,0.00,
,2DUNLXKW5B7RYCSSGMIZMY,BPS-INNERWALL_3_0.01_0.15_0.01,0.30,0.751,0.846,0.44,0.44,0.00,90.00,N
,0B2LG9S_R8HBFAXT7J7WZ9,BPS-OUTERWALL_2_0.175_0.07,0.30,0.504,0.545,23.10,14.49,0.00,90.00,N
,0PWVDPNMN3MVD4UHSGAQQ3,BPS-OUTERWALL_2_0.175_0.07,0.30,0.504,0.545,23.10,14.49,0.00,90.00,N
,3BAFFREQF9PQLELGB5V_06,BPS-OUTERWALL_2_0.175_0.07,0.30,0.504,0.545,1.40,1.40,0.00,90.00,N
,2TSDSGZHV0X9KIAGYNRYVC,BPS-OUTERWALL_2_0.175_0.07,0.30,0.504,0.545,23.10,14.49,0.00,90.00,N
,2$_0U7NDXA3OVMFSYHR2BF,BPS-OUTERWALL_2_0.175_0.07,0.30,0.504,0.545,1.40,1.40,0.00,90.00,N
,3DTMXYXVN10EUHMPWAPXCU,BPS-INNERWALL_3_0.01_0.15_0.01,0.30,0.751,0.846,0.44,0.44,0.00,90.00,N
,1JRWGNFEH2S8JJ7JAS3P3E,BPS-ROOF_3_0.15_0.12_0.03,0.30,0.478,0.512,1.02,1.02,0.00,0.00,
,01WQ65N6B12PFGARPEVNNU,BPS-OUTERWALL_2_0.175_0.07,0.30,0.504,0.545,23.10,14.49,0.00,90.00,N
,2ER9BFHZP9FBWC8XXTRRCR,BPS-INNERWALL_3_0.01_0.15_0.01,0.30,0.751,0.846,0.44,0.44,0.00,90.00,N
,0DT$I8QIL2FVLE2C0ZX8IW,BPS-INNERWALL_3_0.01_0.15_0.01,0.30,0.751,0.846,0.44,0.44,0.00,90.00,N
,2DZKXUSINBOOHKCNPGV9VZ,BPS-ROOF_3_0.15_0.12_0.03,0.30,0.478,0.512,36.99,36.99,0.00,0.00,
,3ZFUOZAPXABQ0KA3MFULOR,BPS-ROOF_3_0.15_0.12_0.03,0.30,0.478,0.512,1.02,1.02,0.00,0.00,
,3T7ZXGGNNCXPI65T2DDU6F,BPS-OUTERWALL_2_0.175_0.07,0.30,0.504,0.545,0.88,0.88,270.00,90.00,W
,2OKJ3ZLBV5YG5ZFN43EN7I,BPS-OUTERWALL_2_0.175_0.07,0.30,0.504,0.545,9.10,6.29,270.00,90.00,W
,1K2HOFE6N1R9SNQKKSQMPM,BPS-OUTERWALL_2_0.175_0.07,0.30,0.504,0.545,4.20,4.20,270.00,90.00,W
,31$3BB5EXD9VFN4Y0$JLR7,BPS-ROOF_3_0.15_0.12_0.03,0.30,0.478,0.512,21.87,21.87,0.00,0.00,
,122MHQAXZEXRYNATTA7C31,BPS-INNERWALL_3_0.01_0.15_0.01,0.30,0.751,0.846,0.44,0.44,180.00,90.00,S
,2BJBCTHKX0PGXPIJ4RRHD4,BPS-INNERWALL_3_0.01_0.15_0.01,0.30,0.751,0.846,0.44,0.44,180.00,90.00,S
,3OMT4HEOTFCURMHC0O0KGN,BPS-OUTERWALL_2_0.175_0.07,0.30,0.504,0.545,23.10,14.49,180.00,90.00,S
,2OJIZLCJX5N977Q5QMKHOE,BPS-ROOF_3_0.15_0.12_0.03,0.30,0.478,0.512,37.70,37.70,0.00,0.00,
,2S1QACIFVFAAABET0IGDHF,BPS-GROUNDFLOOR_3_0.04_0.06_0.16,0.30,0.566,0.623,5.15,5.15,0.00,180.00,
,04KMKLH7RAVPKAQEFOTHHB,BPS-ROOF_3_0.15_0.12_0.03,0.30,0.478,0.512,5.15,5.15,0.00,0.00,
,3EG1R9E8L7FW6$OJL3Q4WX,BPS-ROOF_3_0.15_0.12_0.03,0.30,0.478,0.512,9.41,9.41,0.00,0.00,
,3JP4DZOYT7APSV9VKWB$AN,BPS-ROOF_3_0.15_0.12_0.03,0.30,0.478,0.512,9.33,9.33,0.00,0.00,
,3SULL$HCTEWXMODQ77WMOY,BPS-OUTERWALL_2_0.175_0.07,0.30,0.504,0.545,23.36,14.75,180.00,90.00,S
,0RMBRPDCFE7PM2IYM8VAX8,BPS-OUTERWALL_2_0.175_0.07,0.30,0.504,0.545,19.26,13.55,90.00,90.00,E
,2NGCGYNKB8TWZQUH3GOZ$U,BPS-INNERWALL_3_0.01_0.15_0.01,0.30,0.751,0.846,0.48,0.48,180.00,90.00,S
,3EVS9Y$HJBGBFNC4HUG0$D,BPS-ROOF_3_0.15_0.12_0.03,0.30,0.478,0.512,37.48,37.48,0.00,0.00,
,0EQTELV199YQTX8UL3ZY$R,BPS-OUTERWALL_2_0.175_0.07,0.30,0.504,0.545,9.10,6.29,90.00,90.00,E
,2MG3YYB9NCZUB2GHVMRKCG,BPS-OUTERWALL_2_0.175_0.07,0.30,0.504,0.545,0.88,0.88,90.00,90.00,E
,1E7MTHRJJ19RIOY6GX83TF,BPS-OUTERWALL_2_0.175_0.07,0.30,0.504,0.545,4.20,4.20,90.00,90.00,E
,3JQNJU1DR8OEVQ19PQ4XH_,BPS-ROOF_3_0.15_0.12_0.03,0.30,0.478,0.512,21.87,21.87,0.00,0.00,
,0VDQMF$RT3VF0IEY0NIDMQ,BPS-OUTERWALL_2_0.175_0.07,0.30,0.504,0.545,3.84,3.84,270.00,90.00,W
,2FE4UIBA94CQTUP8DQ$B_S,BPS-OUTERWALL_2_0.175_0.07,0.30,0.504,0.545,9.10,6.29,270.00,90.00,W
,3P1DFHSGJ3_EAI04UM81YV,BPS-OUTERWALL_2_0.175_0.07,0.30,0.504,0.545,0.88,0.88,270.00,90.00,W
,1I0VTDT1X3ABMVMS8PV3IJ,BPS-ROOF_3_0.15_0.12_0.03,0.30,0.478,0.512,21.31,21.31,0.00,0.00,
,3TENZHBHH8SHR_RKEZJIPS,BPS-INNERWALL_3_0.01_0.15_0.01,0.30,0.751,0.846,0.44,0.44,0.00,90.00,N
,3UNEEZX4DBWHSPKIEPF8QE,BPS-INNERWALL_3_0.01_0.15_0.01,0.30,0.751,0.846,0.44,0.44,0.00,90.00,N
,1USJG4B9H4H9_HA1U2WZCP,BPS-OUTERWALL_2_0.175_0.07,0.30,0.504,0.545,23.10,14.49,0.00,90.00,N
,2ASCCJ0RF0M8EQBJRMO2ZK,BPS-OUTERWALL_2_0.175_0.07,0.30,0.504,0.545,20.25,20.25,0.00,90.00,N
,3Y3HJUYW98OAHE5KYLJRSL,BPS-GROUNDFLOOR_3_0.04_0.06_0.16,0.30,0.566,0.623,26.49,26.49,0.00,180.00,
,1WP3D5ODD0_G4SVRF10B3$,BPS-OUTERWALL_2_0.175_0.07,0.30,0.504,0.545,7.84,7.84,180.00,90.00,S
,0AOZV5KORDNROC$_0Z$HQ2,BPS-OUTERWALL_2_0.175_0.07,0.30,0.504,0.545,15.05,15.05,90.00,90.00,E
,1KCKVRBBNFIVN6CFZZ6MAQ,BPS-GROUNDFLOOR_3_0.04_0.06_0.16,0.30,0.566,0.623,19.79,19.79,0.00,180.00,
,3GHXIZP7REW8OOXKL5RXWZ,BPS-ROOF_3_0.15_0.12_0.03,0.30,0.478,0.512,19.62,19.62,0.00,0.00,
,3_QACBESX68PPDRK2OGLRZ,BPS-ROOF_3_0.15_0.12_0.03,0.30,0.478,0.512,9.41,9.41,0.00,0.00,
,1RWSKHDD12XGRBT8G5QYLQ,BPS-INNERWALL_3_0.01_0.15_0.01,0.30,0.751,0.846,0.44,0.44,0.00,90.00,N
,0S9TNBY$D78GGJGQBN2VP7,BPS-OUTERWALL_2_0.175_0.07,0.30,0.504,0.545,23.36,14.75,0.00,90.00,N
,2SDC3STU92JBWKHDXDBU5E,BPS-OUTERWALL_2_0.175_0.07,0.30,0.504,0.545,18.99,13.28,90.00,90.00,E
,2H$MG2YWB00WTU$CF1A2VR,BPS-GROUNDFLOOR_3_0.04_0.06_0.16,0.30,0.566,0.623,32.36,32.36,0.00,180.00,
,0JUWEA1LBFIGVMLEMQ9HFW,BPS-GROUNDFLOOR_3_0.04_0.06_0.16,0.30,0.566,0.623,2.97,2.97,0.00,180.00,
,1LFDMWARR6YOHC8FBWJEKS,BPS-OUTERWALL_2_0.175_0.07,0.30,0.504,0.545,23.10,14.49,0.00,90.00,N
,39VR5JB2TCNBULTCT7BUUT,BPS-INNERWALL_3_0.01_0.15_0.01,0.30,0.751,0.846,0.44,0.44,0.00,90.00,N
,3NB23HQJN2JOXCO1GZFOQL,BPS-INNERWALL_3_0.01_0.15_0.01,0.30,0.751,0.846,0.44,0.44,0.00,90.00,N
,2UD91AXOR2DW8YWFWQJJSI,BPS-ROOF_3_0.15_0.12_0.03,0.30,0.478,0.512,36.99,36.99,0.00,0.00,
,39ORKHC$1ENR2DFMWAZIE5,BPS-INNERWALL_3_0.01_0.15_0.01,0.30,0.751,0.846,0.44,0.44,0.00,90.00,N
,3SEZ2NEGV8ZXLSIZMBY2SW,BPS-OUTERWALL_2_0.175_0.07,0.30,0.504,0.545,18.99,13.28,270.00,90.00,W
,3B7RX82DF1DWTVSAXBHSUO,BPS-OUTERWALL_2_0.175_0.07,0.30,0.504,0.545,23.36,14.75,0.00,90.00,N
,1AKNKTKTBBEV8_ANPM0JCD,BPS-GROUNDFLOOR_3_0.04_0.06_0.16,0.30,0.566,0.623,32.36,32.36,0.00,180.00,
,0X43TI8TX6BBWSERUAOUYG,BPS-GROUNDFLOOR_3_0.04_0.06_0.16,0.30,0.566,0.623,2.97,2.97,0.00,180.00,
,2BEZAB6NH7QHXHFMPP7MIF,BPS-INNERWALL_3_0.01_0.15_0.01,0.30,0.751,0.846,0.44,0.44,180.00,90.00,S
,17JBKW4IJ3_GU1XJCFRBEU,BPS-OUTERWALL_2_0.175_0.07,0.30,0.504,0.545,23.10,14.49,180.00,90.00,S
,3EPH2MT75CWFF$UW3DSA8N,BPS-INNERWALL_3_0.01_0.15_0.01,0.30,0.751,0.846,0.44,0.44,180.00,90.00,S
,3LH0VSESB0VWTI6J6DMWM4,BPS-ROOF_3_0.15_0.12_0.03,0.30,0.478,0.512,37.70,37.70,0.00,0.00,
,2OE292LYT32XM4$PGGH6WK,BPS-OUTERWALL_2_0.175_0.07,0.30,0.504,0.545,1.22,1.22,180.00,90.00,S
,1QNJA$WIF1GUV_1NNTFGR1,BPS-OUTERWALL_2_0.175_0.07,0.30,0.504,0.545,1.22,1.22,0.00,90.00,N
,0HMFTO3DP3BPPXPRFC6FIT,BPS-OUTERWALL_2_0.175_0.07,0.30,0.504,0.545,0.96,0.96,90.00,90.00,E
,2DSCG0YV18RBEEHW8DS12P,BPS-OUTERWALL_2_0.175_0.07,0.30,0.504,0.545,0.96,0.96,270.00,90.00,W
,3V0EOS8EFAGOU054GCUJGM,BPS-ROOF_3_0.15_0.12_0.03,0.30,0.478,0.512,36.11,36.11,0.00,0.00,
,36RFHGHVR708D7_1JIJARN,BPS-OUTERWALL_2_0.175_0.07,0.30,0.504,0.545,23.10,14.49,180.00,90.00,S
,1L5SLBE$J9GEBUJWOZANER,BPS-OUTERWALL_2_0.175_0.07,0.30,0.504,0.545,23.10,14.49,180.00,90.00,S
,0CPQGHGKBDPXFDJR7S3LOS,BPS-INNERWALL_3_0.01_0.15_0.01,0.30,0.751,0.846,0.44,0.44,180.00,90.00,S
,0ZHV7HCS90DPZRHZFCE7RR,BPS-OUTERWALL_2_0.175_0.07,0.30,0.504,0.545,0.61,0.61,180.00,90.00,S
,3M62X37XLDVA0V0EVWZLB7,BPS-OUTERWALL_2_0.175_0.07,0.30,0.504,0.545,1.40,1.40,180.00,90.00,S
,3O7ITM7RZ19X_CE_CC_PUU,BPS-GROUNDFLOOR_3_0.04_0.06_0.16,0.30,0.566,0.623,3.47,3.47,0.00,180.00,
,2CPZAPWYJ4$GYH6I3QLTQ7,BPS-GROUNDFLOOR_3_0.04_0.06_0.16,0.30,0.566,0.623,73.02,73.02,0.00,180.00,


Opaque Interior

,,Construction,Reflectance,U-Factor with Film [W/m2-K],U-Factor no Film [W/m2-K],Gross Area [m2],Net Area [m2],Azimuth [deg],Tilt [deg],Cardinal Direction
,2JX3XHPMZANXHYXNE15NTC,BPS-INNERWALL_3_0.01_0.15_0.01,0.30,0.703,0.846,20.25,17.91,180.00,90.00,S
,2LDPI8LDH3VHHN43QGLCQF,BPS-INNERWALL_3_0.01_0.15_0.01,0.30,0.703,0.846,11.78,11.78,90.00,90.00,E
,0BIGVNTUJBP8JHBHSCJLF5,BPS-INNERWALL_3_0.01_0.15_0.01,0.30,0.703,0.846,11.78,11.78,270.00,90.00,W
,0HESUCN0N0GRYVMDIIBFPA,BPS-INNERFLOOR_3_0.04_0.06_0.16,0.30,0.534,0.623,26.49,26.49,0.00,0.00,
,0RZZW$DYJFTP50RNL5L2GF,BPS-INNERWALL_3_0.01_0.15_0.01,0.30,0.703,0.846,23.94,21.71,0.00,90.00,N
,3PRXK8_D14GXTUSGJ7F1G3,BPS-INNERWALL_3_0.01_0.15_0.01,0.30,0.703,0.846,19.26,19.26,90.00,90.00,E
,1113HHNANB0HYR6DOQVDEL,BPS-INNERWALL_3_0.01_0.15_0.01,0.30,0.703,0.846,19.26,19.26,270.00,90.00,W
,3_KI8L1UVFGAYVHKANUISG,BPS-INNERFLOOR_3_0.04_0.06_0.16,0.30,0.534,0.623,37.64,37.64,0.00,180.00,
,10YEJ4ZIPDVP99XUMHVAUB,BPS-INNERWALL_3_0.01_0.15_0.01,0.30,0.703,0.846,11.93,11.93,0.00,90.00,N
,2KA2G1DOT4VQGXVGN82TIG,BPS-INNERWALL_3_0.01_0.15_0.01,0.30,0.703,0.846,7.80,5.57,270.00,90.00,W
,2PRCXT7PR7KP8$9G6ZZWFB,BPS-INNERWALL_3_0.01_0.15_0.01,0.30,0.703,0.846,11.93,11.93,180.00,90.00,S
,3PH_XZZLJF4Q3JD3BWN0VO,BPS-INNERWALL_3_0.01_0.15_0.01,0.30,0.703,0.846,0.52,0.52,90.00,90.00,E
,2CCC7N6NDDNEBCVQYDA5DT,BPS-INNERFLOOR_3_0.04_0.06_0.16,0.30,0.550,0.623,0.60,0.60,0.00,0.00,
,31FI73D413LF4AJSTPKZ7P,BPS-INNERFLOOR_3_0.04_0.06_0.16,0.30,0.534,0.623,4.66,4.66,0.00,0.00,
,1DCTM0QQPCHBVQVC8U8EMF,BPS-INNERFLOOR_3_0.04_0.06_0.16,0.30,0.550,0.623,0.10,0.10,0.00,0.00,
,2ZOAODMVT61FRK67BPGCCA,BPS-INNERFLOOR_3_0.04_0.06_0.16,0.30,0.534,0.623,4.98,4.98,0.00,0.00,
,32CF1VQELBGOFLARKJGXL7,BPS-INNERWALL_3_0.01_0.15_0.01,0.30,0.703,0.846,11.38,11.38,90.00,90.00,E
,0TWGFOAWT6ZXRN5UZUJ3JR,BPS-INNERWALL_3_0.01_0.15_0.01,0.30,0.703,0.846,11.53,11.53,180.00,90.00,S
,0CGAPGIBVCLWDQMQXP6IJJ,BPS-INNERWALL_3_0.01_0.15_0.01,0.30,0.703,0.846,7.47,5.24,180.00,90.00,S
,1RRIYBL5HBJGFACJ98NBX6,BPS-INNERWALL_3_0.01_0.15_0.01,0.30,0.703,0.846,0.75,0.75,90.00,90.00,E
,0EZS0DLZ92CRULWH0QCQ5Q,BPS-INNERWALL_3_0.01_0.15_0.01,0.30,0.703,0.846,0.58,0.58,180.00,90.00,S
,2JOGMPF_PDA8YGNCHK$DFX,BPS-INNERFLOOR_3_0.04_0.06_0.16,0.30,0.534,0.623,26.49,26.49,0.00,0.00,
,1CE7S3D6L6OGUZZMK6X$MQ,BPS-INNERWALL_3_0.01_0.15_0.01,0.30,0.703,0.846,18.99,18.99,270.00,90.00,W
,0ROICZQ7N35PJU8KPNWY7D,BPS-INNERWALL_3_0.01_0.15_0.01,0.30,0.703,0.846,23.97,21.75,180.00,90.00,S
,2XJTSMARBBP8EUYUKGNZAB,BPS-INNERWALL_3_0.01_0.15_0.01,0.30,0.703,0.846,18.99,18.99,90.00,90.00,E
,1C_F0QK7D6FBNJDEJL3UKJ,BPS-INNERFLOOR_3_0.04_0.06_0.16,0.30,0.534,0.623,26.49,26.49,0.00,180.00,
,3MVZVQUHP3S8B6HIV0U4Y$,BPS-INNERFLOOR_3_0.04_0.06_0.16,0.30,0.534,0.623,4.98,4.98,0.00,180.00,
,0UH0K4VKT9BXWILPNXML0H,BPS-INNERFLOOR_3_0.04_0.06_0.16,0.30,0.534,0.623,3.29,3.29,0.00,180.00,
,1K_IPQKRHFQ9IXIVVK8NLU,BPS-INNERFLOOR_3_0.04_0.06_0.16,0.30,0.518,0.623,2.42,2.42,0.00,180.00,
,0K7T1GEVP5HWISAHYZIZXR,BPS-INNERFLOOR_3_0.04_0.06_0.16,0.30,0.534,0.623,36.99,36.99,0.00,0.00,
,0T$$QUBNZ2Y9YCJ9RQYWDI,BPS-INNERFLOOR_3_0.04_0.06_0.16,0.30,0.550,0.623,0.18,0.18,0.00,0.00,
,24DCIOJRT5CWIRB2A3OKS3,BPS-INNERFLOOR_3_0.04_0.06_0.16,0.30,0.542,0.623,1.04,1.04,270.00,90.00,W
,1SRB28TUJ2VWJJ_6Q59YAE,BPS-INNERWALL_3_0.01_0.15_0.01,0.30,0.703,0.846,0.04,0.04,270.00,90.00,W
,2MPJPPTYDB1BQC_7USVUIU,BPS-INNERWALL_3_0.01_0.15_0.01,0.30,0.703,0.846,18.73,18.73,270.00,90.00,W
,3U3SRFO6XFAAGFYVX7LC9A,BPS-INNERWALL_3_0.01_0.15_0.01,0.30,0.703,0.846,0.08,0.08,270.00,90.00,W
,0GAJWVQFJBQ8YVKZ_72H_N,BPS-INNERWALL_3_0.01_0.15_0.01,0.30,0.703,0.846,0.75,0.75,90.00,90.00,E
,2YZGYO4WNBCX2HMWWU719A,BPS-INNERWALL_3_0.01_0.15_0.01,0.30,0.703,0.846,0.70,0.70,180.00,90.00,S
,29WCMD0EZF8XISD6_JERZF,BPS-INNERWALL_3_0.01_0.15_0.01,0.30,0.703,0.846,13.91,13.91,270.00,90.00,W
,2IAQFB6ITC5W1ATAVMNDG$,BPS-INNERWALL_3_0.01_0.15_0.01,0.30,0.703,0.846,0.72,0.72,90.00,90.00,E
,1VVJL2DX9DGGVTVQPJX1GK,BPS-INNERWALL_3_0.01_0.15_0.01,0.30,0.703,0.846,0.42,0.42,180.00,90.00,S
,3WOEMGQQN0MPSW5PHLPYWH,BPS-INNERWALL_3_0.01_0.15_0.01,0.30,0.703,0.846,0.60,0.60,180.00,90.00,S
,2T1VD78B1A9V_JSD7EMFYF,BPS-INNERFLOOR_3_0.04_0.06_0.16,0.30,0.542,0.623,0.15,0.15,0.00,90.00,N
,0BMH3HIMNET9OHUDO9EXAI,BPS-INNERWALL_3_0.01_0.15_0.01,0.30,0.703,0.846,8.23,8.23,90.00,90.00,E
,29GWXBZYD6BFJNKMPYW9SO,BPS-INNERWALL_3_0.01_0.15_0.01,0.30,0.703,0.846,23.62,21.35,0.00,90.00,N
,3P_3FODLTFEWJFY9OFRAHV,BPS-INNERFLOOR_3_0.04_0.06_0.16,0.30,0.542,0.623,0.28,0.28,0.00,90.00,N
,0T0GQMPND1RQAQSENGRLXG,BPS-INNERFLOOR_3_0.04_0.06_0.16,0.30,0.542,0.623,0.01,0.01,270.00,90.00,W
,0BG4P_GXH5AOQSL5GGRGG_,BPS-INNERFLOOR_3_0.04_0.06_0.16,0.30,0.542,0.623,0.20,0.20,0.00,90.00,N
,3HTTUQIX1BQANAYKBCGJRU,BPS-INNERWALL_3_0.01_0.15_0.01,0.30,0.703,0.846,0.73,0.73,90.00,90.00,E
,3EZ9ZNPRRBCB8P6ME0FEWA,BPS-INNERWALL_3_0.01_0.15_0.01,0.30,0.703,0.846,23.63,21.35,0.00,90.00,N
,2SH3G2RQ52LEXAIXQZOFYI,BPS-INNERFLOOR_3_0.04_0.06_0.16,0.30,0.542,0.623,0.01,0.01,90.00,90.00,E
,1HU6FL$FR1ERX7$SKVZFB$,BPS-INNERWALL_3_0.01_0.15_0.01,0.30,0.703,0.846,0.70,0.70,180.00,90.00,S
,0GCD77OXD0EBWAB1CMMXI9,BPS-INNERWALL_3_0.01_0.15_0.01,0.30,0.703,0.846,4.11,1.84,270.00,90.00,W
,0KZCHHJGH3NG_VEJ_FE9PV,BPS-INNERWALL_3_0.01_0.15_0.01,0.30,0.703,0.846,7.00,4.48,180.00,90.00,S
,0R8SH_BDFCVW2IJ6CKDL78,BPS-INNERWALL_3_0.01_0.15_0.01,0.30,0.703,0.846,9.40,9.40,90.00,90.00,E
,15J6LD2X53LGKTSOUQ$LB7,BPS-INNERWALL_3_0.01_0.15_0.01,0.30,0.703,0.846,7.72,5.39,0.00,90.00,N
,2DGXTPCV9ADAER9EME7ZKW,BPS-INNERFLOOR_3_0.04_0.06_0.16,0.30,0.542,0.623,0.29,0.29,0.00,90.00,N
,0N6PDCSGBFZFF$PDZKILFI,BPS-INNERWALL_3_0.01_0.15_0.01,0.30,0.703,0.846,3.60,3.60,90.00,90.00,E
,2LK1AYIZZ78EE_O$YAZYEL,BPS-INNERWALL_3_0.01_0.15_0.01,0.30,0.703,0.846,0.64,0.64,90.00,90.00,E
,1EK6QEMTZ1TBBSUC_46G1S,BPS-INNERFLOOR_3_0.04_0.06_0.16,0.30,0.542,0.623,0.29,0.29,0.00,90.00,N
,1U_IHBMNXCSUNUP5_LSOZX,BPS-INNERWALL_3_0.01_0.15_0.01,0.30,0.703,0.846,0.04,0.04,270.00,90.00,W
,2HF9Q1Y_D6_PCGWG4ONVAO,BPS-INNERWALL_3_0.01_0.15_0.01,0.30,0.703,0.846,0.60,0.60,0.00,90.00,N
,1ON2WRK$H1SEAUA6P7JZ_Z,BPS-INNERFLOOR_3_0.04_0.06_0.16,0.30,0.542,0.623,0.62,0.62,180.00,90.00,S
,2SCGFMTJHEXVPHANCDC83K,BPS-INNERWALL_3_0.01_0.15_0.01,0.30,0.703,0.846,0.78,0.78,90.00,90.00,E
,2SHZEAFM52SULDFNBPVUMA,BPS-INNERWALL_3_0.01_0.15_0.01,0.30,0.703,0.846,4.11,4.11,90.00,90.00,E
,1WZX43HLN0R8F9OOANZYTL,BPS-INNERWALL_3_0.01_0.15_0.01,0.30,0.703,0.846,0.36,0.36,270.00,90.00,W
,0GTDWRXG1BTO1X7IVMPBQ5,BPS-INNERFLOOR_3_0.04_0.06_0.16,0.30,0.542,0.623,0.70,0.70,0.00,90.00,N
,0A4HBEN$NCTXI3QJRQ5WZE,BPS-INNERWALL_3_0.01_0.15_0.01,0.30,0.703,0.846,0.63,0.63,270.00,90.00,W
,3TN$0TQD19G8GZMH2WSU7I,BPS-INNERFLOOR_3_0.04_0.06_0.16,0.30,0.542,0.623,0.04,0.04,0.00,90.00,N
,3OVEA66753E9YPTJMVFC8J,BPS-INNERWALL_3_0.01_0.15_0.01,0.30,0.703,0.846,10.02,10.02,90.00,90.00,E
,1TONWJLPFEW9YTTAHFNQ5J,BPS-INNERFLOOR_3_0.04_0.06_0.16,0.30,0.542,0.623,0.04,0.04,270.00,90.00,W
,1QCOO_KW9BFXL0JYCDUPFZ,BPS-INNERWALL_3_0.01_0.15_0.01,0.30,0.703,0.846,4.11,4.11,90.00,90.00,E
,0R9RXRGR5BMO9K$T5$MMPE,BPS-INNERWALL_3_0.01_0.15_0.01,0.30,0.703,0.846,3.86,3.86,90.00,90.00,E
,0R$L6BNTD5YFT70D1XPANP,BPS-INNERWALL_3_0.01_0.15_0.01,0.30,0.703,0.846,9.80,9.80,180.00,90.00,S
,1ZH4OBGQF4ZPBXTYYXIAIC,BPS-INNERWALL_3_0.01_0.15_0.01,0.30,0.703,0.846,4.65,4.65,180.00,90.00,S
,2HE$V_OKNFAG9G73NZ_G6A,BPS-INNERWALL_3_0.01_0.15_0.01,0.30,0.703,0.846,0.70,0.70,180.00,90.00,S
,3A2YSIACZAHBWBU1TCISRD,BPS-INNERWALL_3_0.01_0.15_0.01,0.30,0.703,0.846,4.68,4.68,90.00,90.00,E
,0NQINTVZX8YHF02ISFOGN6,BPS-INNERWALL_3_0.01_0.15_0.01,0.30,0.703,0.846,0.60,0.60,90.00,90.00,E
,1S2BFGTQR9F8C9DTM1UJGA,BPS-INNERWALL_3_0.01_0.15_0.01,0.30,0.703,0.846,9.80,9.80,180.00,90.00,S
,0P9AUBRQD5_OKEX82Y4HMF,BPS-INNERWALL_3_0.01_0.15_0.01,0.30,0.703,0.846,5.43,5.43,180.00,90.00,S
,36LRF3$PB12HOMCM$YKZJS,BPS-INNERFLOOR_3_0.04_0.06_0.16,0.30,0.542,0.623,0.87,0.87,270.00,90.00,W
,2HHGZESWB17QV6DTRMTO5Q,BPS-INNERWALL_3_0.01_0.15_0.01,0.30,0.703,0.846,0.60,0.60,180.00,90.00,S
,1MVWZFTWZ1ROYXR6T3LNZF,BPS-INNERWALL_3_0.01_0.15_0.01,0.30,0.703,0.846,4.38,4.38,90.00,90.00,E
,15VE6ZFEB1UA9ASS0IOYBY,BPS-INNERWALL_3_0.01_0.15_0.01,0.30,0.703,0.846,0.42,0.42,180.00,90.00,S
,22UNL282DEFRHGJZRSLC70,BPS-INNERWALL_3_0.01_0.15_0.01,0.30,0.703,0.846,1.33,1.33,270.00,90.00,W
,0CI_S_W_V7BGREDENZSPOE,BPS-INNERWALL_3_0.01_0.15_0.01,0.30,0.703,0.846,1.07,1.07,270.00,90.00,W
,0F7PHQVYL2RPBZZMQ9YEPO,BPS-INNERFLOOR_3_0.04_0.06_0.16,0.30,0.542,0.623,0.05,0.05,90.00,90.00,E
,251BTPAZPCCUVH94HY$MCX,BPS-INNERWALL_3_0.01_0.15_0.01,0.30,0.703,0.846,6.00,3.30,180.00,90.00,S
,2JWP$PDGTBRVZ7UXSQVABQ,BPS-INNERWALL_3_0.01_0.15_0.01,0.30,0.703,0.846,5.43,5.43,180.00,90.00,S
,2UY8TZMTRA5GEE47AEIKJU,BPS-INNERWALL_3_0.01_0.15_0.01,0.30,0.703,0.846,7.00,4.48,180.00,90.00,S
,16U$FCBWP6PAWYJRRSOU7E,BPS-INNERFLOOR_3_0.04_0.06_0.16,0.30,0.542,0.623,0.22,0.22,0.00,90.00,N
,3NE1O1KQN0JG2F57ZOS$AK,BPS-INNERWALL_3_0.01_0.15_0.01,0.30,0.703,0.846,11.93,11.93,0.00,90.00,N
,0N6AQNKMX4KPAENPS4HFTJ,BPS-INNERWALL_3_0.01_0.15_0.01,0.30,0.703,0.846,0.70,0.70,180.00,90.00,S
,3IMAXOJIJEJAV_G50F7H4Z,BPS-INNERFLOOR_3_0.04_0.06_0.16,0.30,0.542,0.623,0.11,0.11,90.00,90.00,E
,1CUOQHRAL2LPN869X1EWJF,BPS-INNERWALL_3_0.01_0.15_0.01,0.30,0.703,0.846,0.56,0.56,180.00,90.00,S
,2ENHBSBEZ3998PGZYNJQIN,BPS-INNERWALL_3_0.01_0.15_0.01,0.30,0.703,0.846,0.08,0.08,270.00,90.00,W
,0VBZ4LKAT6XP6QIKSYWEBM,BPS-INNERFLOOR_3_0.04_0.06_0.16,0.30,0.542,0.623,0.70,0.70,180.00,90.00,S
,19YIZQ4FVCX9BPJQSMET7A,BPS-INNERFLOOR_3_0.04_0.06_0.16,0.30,0.518,0.623,7.77,7.77,0.00,180.00,
,0TBO9PL759LW6J9V5N3UCC,BPS-INNERFLOOR_3_0.04_0.06_0.16,0.30,0.518,0.623,0.16,0.16,0.00,180.00,
,16QFTTLLJ0AONU90B5BFN2,BPS-INNERFLOOR_3_0.04_0.06_0.16,0.30,0.518,0.623,8.41,8.41,0.00,180.00,
,0MDL$IAZ1BEOBAFWI8T6ZL,BPS-INNERFLOOR_3_0.04_0.06_0.16,0.30,0.518,0.623,0.16,0.16,0.00,180.00,
,1PDMGETAZ6_9P2GFPYAJJA,BPS-INNERFLOOR_3_0.04_0.06_0.16,0.30,0.518,0.623,0.25,0.25,0.00,180.00,
,1FMJCJK7F3ZEHLFYHG1BG3,BPS-INNERFLOOR_3_0.04_0.06_0.16,0.30,0.518,0.623,0.17,0.17,333.43,180.00,
,23BR5Q64X4CVQPCROZUMWP,BPS-INNERFLOOR_3_0.04_0.06_0.16,0.30,0.550,0.623,0.17,0.17,0.00,0.00,
,20F7RL6IV4TRUNWNY8M8VF,BPS-INNERFLOOR_3_0.04_0.06_0.16,0.30,0.550,0.623,0.17,0.17,0.00,0.00,
,2J3RY78AB6COYHXOJQCDMY,BPS-INNERFLOOR_3_0.04_0.06_0.16,0.30,0.550,0.623,0.16,0.16,0.00,0.00,
,0RWDOKVHN9DRXWPIRFLPSC,BPS-INNERFLOOR_3_0.04_0.06_0.16,0.30,0.550,0.623,0.16,0.16,0.00,0.00,
,3ZB4QQIWPEGAQ0G7DPU8TV,BPS-INNERFLOOR_3_0.04_0.06_0.16,0.30,0.550,0.623,8.41,8.41,0.00,0.00,
,3Z75EO$M1DQHCOWMZRPUAO,BPS-INNERFLOOR_3_0.04_0.06_0.16,0.30,0.550,0.623,7.77,7.77,0.00,0.00,
,3U6EV4D3V8TOGTY69N3MVL,BPS-INNERFLOOR_3_0.04_0.06_0.16,0.30,0.550,0.623,0.25,0.25,0.00,0.00,
,00AOQNQIPFLQR$S0_GQ1SV,BPS-INNERWALL_3_0.01_0.15_0.01,0.30,0.703,0.846,0.60,0.60,180.00,90.00,S
,0SJHS_OP18UHNHWRPVUXDR,BPS-INNERWALL_3_0.01_0.15_0.01,0.30,0.703,0.846,11.78,11.78,270.00,90.00,W
,3BHZG9AHV2XEMRG$ET8OEN,BPS-INNERWALL_3_0.01_0.15_0.01,0.30,0.703,0.846,0.74,0.74,90.00,90.00,E
,2VSLKC7IF7APTXN0AXX6_E,BPS-INNERWALL_3_0.01_0.15_0.01,0.30,0.703,0.846,7.73,5.39,180.00,90.00,S
,3XVM51MW16FP7HY0LGBDGV,BPS-INNERWALL_3_0.01_0.15_0.01,0.30,0.703,0.846,11.93,11.93,180.00,90.00,S
,1ALUOUE2LEQQ$CPNDGVRX1,BPS-INNERFLOOR_3_0.04_0.06_0.16,0.30,0.534,0.623,26.49,26.49,0.00,0.00,
,3E5D2EIJJ4MUOTXBVHZLH2,BPS-INNERWALL_3_0.01_0.15_0.01,0.30,0.703,0.846,18.99,18.99,90.00,90.00,E
,0MBO$3KN16K8ADO3Q9HCEW,BPS-INNERWALL_3_0.01_0.15_0.01,0.30,0.703,0.846,18.99,18.99,270.00,90.00,W
,2Y$K9HHGLCW9RVFD3PUE4E,BPS-INNERWALL_3_0.01_0.15_0.01,0.30,0.703,0.846,23.97,21.75,180.00,90.00,S
,3IQPCVNEDEIWP3XMBL5H6L,BPS-INNERFLOOR_3_0.04_0.06_0.16,0.30,0.534,0.623,26.49,26.49,0.00,180.00,
,39B3_DKWJ03X1FZYRPI6D0,BPS-INNERFLOOR_3_0.04_0.06_0.16,0.30,0.534,0.623,8.58,8.58,0.00,180.00,
,3ZLLBVO$L3MGF85NX2RWMT,BPS-INNERFLOOR_3_0.04_0.06_0.16,0.30,0.518,0.623,2.10,2.10,0.00,180.00,
,1QF$TFM41EYRHTAPEZ8AKG,BPS-INNERFLOOR_3_0.04_0.06_0.16,0.30,0.550,0.623,0.18,0.18,0.00,0.00,
,0VQGPT3T93QUMQQHQCATXV,BPS-INNERFLOOR_3_0.04_0.06_0.16,0.30,0.534,0.623,36.99,36.99,0.00,0.00,
,1WO0OOY6LEBXYRQ9V_WJVU,BPS-INNERWALL_3_0.01_0.15_0.01,0.30,0.703,0.846,13.91,13.91,270.00,90.00,W
,206RHJ1OD87WZQTUUSR4N9,BPS-INNERWALL_3_0.01_0.15_0.01,0.30,0.703,0.846,3.84,1.61,270.00,90.00,W
,2LJKY1MQFERQ3LWZJGBHRH,BPS-INNERWALL_3_0.01_0.15_0.01,0.30,0.703,0.846,19.26,19.26,270.00,90.00,W
,2KYVNJ_FZ0KF_EIIYBBSQU,BPS-INNERWALL_3_0.01_0.15_0.01,0.30,0.703,0.846,0.88,0.88,270.00,90.00,W
,0LL$RY5WHDLOW55HMOHC6Y,BPS-INNERWALL_3_0.01_0.15_0.01,0.30,0.703,0.846,23.62,23.62,0.00,90.00,N
,1ZTUFIJIH9IQULEZMP9HTD,BPS-INNERWALL_3_0.01_0.15_0.01,0.30,0.703,0.846,0.53,0.53,270.00,90.00,W
,3LYAL0HQP90VX8FYVHFEHY,BPS-INNERFLOOR_3_0.04_0.06_0.16,0.30,0.518,0.623,1.12,1.12,0.00,180.00,
,2CQN41OSVCSVOFUJ8_WRJJ,BPS-INNERFLOOR_3_0.04_0.06_0.16,0.30,0.534,0.623,6.62,6.62,0.00,0.00,
,2QBURRFKZEM9E$MOUCFHTF,BPS-INNERFLOOR_3_0.04_0.06_0.16,0.30,0.534,0.623,6.39,6.39,0.00,0.00,
,1T6YJUQOHFHRWVYLQYQZRD,BPS-INNERFLOOR_3_0.04_0.06_0.16,0.30,0.550,0.623,2.62,2.62,0.00,0.00,
,0LDDVRYEPARU1SQNJWIHKM,BPS-INNERFLOOR_3_0.04_0.06_0.16,0.30,0.534,0.623,21.31,21.31,0.00,0.00,
,3IEYM9U9X5EGEXZSR9DSTD,BPS-INNERFLOOR_3_0.04_0.06_0.16,0.30,0.534,0.623,37.15,37.15,0.00,0.00,
,0TSXKQSCR6AR2LZ4LWOVI8,BPS-INNERWALL_3_0.01_0.15_0.01,0.30,0.703,0.846,23.62,23.62,0.00,90.00,N
,2YCWS2H7X0XELQKZTQD7N3,BPS-INNERWALL_3_0.01_0.15_0.01,0.30,0.703,0.846,4.11,1.84,270.00,90.00,W
,2UKYMO3XH1S8BBJYHTYW$9,BPS-INNERWALL_3_0.01_0.15_0.01,0.30,0.703,0.846,23.62,23.62,180.00,90.00,S
,0PSMRPHSD1OBCZOTWQKZJI,BPS-INNERFLOOR_3_0.04_0.06_0.16,0.30,0.518,0.623,0.29,0.29,0.00,180.00,
,15Q15JEKZ0KWSFCOOPCD4V,BPS-INNERFLOOR_3_0.04_0.06_0.16,0.30,0.534,0.623,1.41,1.41,0.00,0.00,
,2V6O0PFJR45F6IMJESXQJA,BPS-INNERFLOOR_3_0.04_0.06_0.16,0.30,0.550,0.623,0.18,0.18,0.00,0.00,
,3BHA$ZJRJ9N90R0U$L8N5C,BPS-INNERFLOOR_3_0.04_0.06_0.16,0.30,0.534,0.623,6.35,6.35,0.00,0.00,
,2I3_IQ4V5E$P$AOMRZ76M6,BPS-INNERWALL_3_0.01_0.15_0.01,0.30,0.703,0.846,0.75,0.75,0.00,90.00,N
,2JDCVOA0V6TWVKHXDAWBY1,BPS-INNERWALL_3_0.01_0.15_0.01,0.30,0.703,0.846,41.25,38.91,0.00,90.00,N
,2PNGS4H2ZF5WC74GCAORM7,BPS-INNERWALL_3_0.01_0.15_0.01,0.30,0.703,0.846,7.73,5.39,0.00,90.00,N
,0ZTHB5NOL2GGB6AAGWQFX5,BPS-INNERWALL_3_0.01_0.15_0.01,0.30,0.703,0.846,1.01,1.01,0.00,90.00,N
,0YDHII9YN0IUMUTXXP4UIS,BPS-INNERWALL_3_0.01_0.15_0.01,0.30,0.703,0.846,20.25,17.91,0.00,90.00,N
,2EKBOZ4RHCBQYHMZLL1GGX,BPS-INNERWALL_3_0.01_0.15_0.01,0.30,0.703,0.846,0.75,0.75,180.00,90.00,S
,0AGLOPDEF4K9EV4RSCFBPO,BPS-INNERWALL_3_0.01_0.15_0.01,0.30,0.703,0.846,104.25,97.24,180.00,90.00,S
,1RNFQSJY95XBS_YCAWUUMP,BPS-INNERWALL_3_0.01_0.15_0.01,0.30,0.703,0.846,0.75,0.75,0.00,90.00,N
,1QTS0XHEDFQRECWV89LOFX,BPS-INNERWALL_3_0.01_0.15_0.01,0.30,0.703,0.846,0.75,0.75,180.00,90.00,S
,3LJNMOTDHAFBVMWHTS5CQJ,BPS-INNERWALL_3_0.01_0.15_0.01,0.30,0.703,0.846,7.80,5.57,270.00,90.00,W
,3WRCKTLQP3ZO3IDB7NZDIJ,BPS-INNERWALL_3_0.01_0.15_0.01,0.30,0.703,0.846,7.73,5.39,180.00,90.00,S
,1_PYKKDUJFSAY_5XNJUXFF,BPS-INNERWALL_3_0.01_0.15_0.01,0.30,0.703,0.846,7.72,5.39,180.00,90.00,S
,3GSL7AK1NFO8JTYNVNWER7,BPS-INNERWALL_3_0.01_0.15_0.01,0.30,0.703,0.846,0.75,0.75,0.00,90.00,N
,2WD$9AH$R0IFOAHW$7MJY2,BPS-INNERWALL_3_0.01_0.15_0.01,0.30,0.703,0.846,20.25,17.91,0.00,90.00,N
,3ANBUWF1D5O9PLJ$GLUJGG,BPS-INNERWALL_3_0.01_0.15_0.01,0.30,0.703,0.846,7.80,5.57,90.00,90.00,E
,0FEVWRY_VFN8MLJ3C9Q4CC,BPS-INNERWALL_3_0.01_0.15_0.01,0.30,0.703,0.846,7.47,5.24,0.00,90.00,N
,3BPGUDV$FATWJJP_EE$L4Y,BPS-INNERWALL_3_0.01_0.15_0.01,0.30,0.703,0.846,0.75,0.75,0.00,90.00,N
,2A61W0HXX4R9W_RPLLIHWB,BPS-INNERWALL_3_0.01_0.15_0.01,0.30,0.703,0.846,20.25,17.91,0.00,90.00,N
,2OJDT5E0ZBO8FZZFAICP7U,BPS-INNERFLOOR_3_0.04_0.06_0.16,0.30,0.534,0.623,3.29,3.29,0.00,0.00,
,3K$VOP8VHBMPMVVSIDKC7H,BPS-INNERFLOOR_3_0.04_0.06_0.16,0.30,0.550,0.623,6.81,6.81,0.00,0.00,
,3ULTKO1KZ1$RGB62P2WJMY,BPS-INNERFLOOR_3_0.04_0.06_0.16,0.30,0.550,0.623,0.21,0.21,0.00,0.00,
,1OM8UUSWHBAFL94UE$LZZ7,BPS-INNERFLOOR_3_0.04_0.06_0.16,0.30,0.534,0.623,8.58,8.58,0.00,0.00,
,0DTK3AKBTFOR6EXXO8D830,BPS-INNERFLOOR_3_0.04_0.06_0.16,0.30,0.534,0.623,47.95,47.95,0.00,0.00,
,1L83JM66D7MFW0FJFKCQPF,BPS-INNERFLOOR_3_0.04_0.06_0.16,0.30,0.534,0.623,3.29,3.29,0.00,0.00,
,0SBBE6MRL6VAWT1SCWBZSP,BPS-INNERFLOOR_3_0.04_0.06_0.16,0.30,0.534,0.623,26.10,26.10,0.00,0.00,
,2OE3Y5YST8SV6X8OQ0EYG6,BPS-INNERFLOOR_3_0.04_0.06_0.16,0.30,0.550,0.623,0.21,0.21,0.00,0.00,
,02AUCAVKR8UUYA1Z$IMOQK,BPS-INNERFLOOR_3_0.04_0.06_0.16,0.30,0.534,0.623,8.58,8.58,0.00,0.00,
,3RWPUNBSLAYEPS_ZRLA5LM,BPS-INNERWALL_3_0.01_0.15_0.01,0.30,0.703,0.846,6.25,6.25,270.00,90.00,W
,1RNJJQ1DRFRRPRJG_MGU3F,BPS-INNERWALL_3_0.01_0.15_0.01,0.30,0.703,0.846,1.26,1.26,90.00,90.00,E
,1GSODUKIH0XRRLB9_6XNMM,BPS-INNERWALL_3_0.01_0.15_0.01,0.30,0.703,0.846,6.48,4.70,90.00,90.00,E
,2YHHEFZC12JEHRXNOBHWO8,BPS-INNERWALL_3_0.01_0.15_0.01,0.30,0.703,0.846,0.05,0.05,0.00,180.00,
,014N9QAQ90LVEB7MRKWTHB,BPS-INNERWALL_3_0.01_0.15_0.01,0.30,0.703,0.846,4.35,4.35,180.00,90.00,S
,05ZYFZISD8CBFT5DOY0TRE,BPS-INNERWALL_3_0.01_0.15_0.01,0.30,0.703,0.846,10.92,10.92,180.00,90.00,S
,1ZAGYMLKVAWOJ5RLW_QFWY,BPS-INNERWALL_3_0.01_0.15_0.01,0.30,0.703,0.846,0.15,0.15,180.00,90.00,S
,1RJK2_RFF0ZGNK3PQ3SXW0,BPS-INNERWALL_3_0.01_0.15_0.01,0.30,0.703,0.846,1.26,1.26,270.00,90.00,W
,3G4TIFIW9B$8JS_T7UWBZS,BPS-INNERWALL_3_0.01_0.15_0.01,0.30,0.703,0.846,0.05,0.05,0.00,180.00,
,0UW81TJO13YGEIGRIYBUZZ,BPS-INNERWALL_3_0.01_0.15_0.01,0.30,0.703,0.846,4.35,4.35,0.00,90.00,N
,3DOWN7_PFBNVZYEU6M6XJJ,BPS-INNERWALL_3_0.01_0.15_0.01,0.30,0.703,0.846,1.26,1.26,90.00,90.00,E
,1FADVU6WJES9KJSHO$B5H1,BPS-INNERWALL_3_0.01_0.15_0.01,0.30,0.703,0.846,0.11,0.11,0.00,180.00,
,1X3FFUAMDAJUZUFYULVCSR,BPS-INNERWALL_3_0.01_0.15_0.01,0.30,0.703,0.846,6.30,6.30,180.00,90.00,S
,3KKWWLRKPFSQGJZ$X0999R,BPS-INNERWALL_3_0.01_0.15_0.01,0.30,0.703,0.846,0.05,0.05,0.00,0.00,
,3W$RCV7HVFGAECDWPSJ$UK,BPS-INNERWALL_3_0.01_0.15_0.01,0.30,0.703,0.846,0.15,0.15,0.00,90.00,N
,3VULDGIQFCPHPNJLABXHSE,BPS-INNERWALL_3_0.01_0.15_0.01,0.30,0.703,0.846,1.26,1.26,270.00,90.00,W
,0XHHDZENV1ZAKDGOCVMCD5,BPS-INNERWALL_3_0.01_0.15_0.01,0.30,0.703,0.846,2.98,2.98,270.00,90.00,W
,01BNPZ6ZLDNBMREXJ5GBC0,BPS-INNERWALL_3_0.01_0.15_0.01,0.30,0.703,0.846,0.15,0.15,0.00,90.00,N
,0O7CC73IV6DELCYNBQYMOB,BPS-INNERWALL_3_0.01_0.15_0.01,0.30,0.703,0.846,0.15,0.15,180.00,90.00,S
,1MYM2IYNF1CEEGTD96O63Q,BPS-INNERWALL_3_0.01_0.15_0.01,0.30,0.703,0.846,0.02,0.02,0.00,180.00,
,03XYNTSS58_EAHESXPZER_,BPS-INNERWALL_3_0.01_0.15_0.01,0.30,0.703,0.846,0.05,0.05,0.00,0.00,
,2BCRU3MFF9_9RQ3A3QGR46,BPS-INNERWALL_3_0.01_0.15_0.01,0.30,0.703,0.846,2.98,2.98,90.00,90.00,E
,02XZ2MSWZ2E95JGXSIN65P,BPS-INNERWALL_3_0.01_0.15_0.01,0.30,0.703,0.846,0.22,0.22,270.00,90.00,W
,3BRSWL$5NC7879SQFY5KED,BPS-INNERWALL_3_0.01_0.15_0.01,0.30,0.703,0.846,0.35,0.35,180.00,90.00,S
,1ASMG0WWLEOVBT_0Y0YUQE,BPS-INNERWALL_3_0.01_0.15_0.01,0.30,0.703,0.846,17.57,17.57,0.00,90.00,N
,366QGPMXL2VVOVWLTZESU7,BPS-INNERFLOOR_3_0.04_0.06_0.16,0.30,0.534,0.623,0.05,0.05,0.00,180.00,
,1CQ2USI750FAP2PTEWZQE8,BPS-INNERFLOOR_3_0.04_0.06_0.16,0.30,0.534,0.623,2.10,2.10,0.00,180.00,
,1ZLMCKPG19LR$E0NUNJZIW,BPS-INNERFLOOR_3_0.04_0.06_0.16,0.30,0.534,0.623,0.01,0.01,0.00,180.00,
,1TUITHNGNEIQZ678MAOHZM,BPS-INNERFLOOR_3_0.04_0.06_0.16,0.30,0.534,0.623,0.42,0.42,0.00,180.00,
,01QONRVJTCNRWED1PPQJ4N,BPS-INNERFLOOR_3_0.04_0.06_0.16,0.30,0.518,0.623,0.83,0.83,0.00,180.00,
,0HOZZSYFJ0PFP2OGURO2NN,BPS-INNERFLOOR_3_0.04_0.06_0.16,0.30,0.534,0.623,0.36,0.36,0.00,180.00,
,3NCRKYWQ96YXJ2A09KB_TT,BPS-INNERFLOOR_3_0.04_0.06_0.16,0.30,0.534,0.623,0.33,0.33,0.00,180.00,
,2XCK5$QPH2JUNGWJNELUH0,BPS-INNERFLOOR_3_0.04_0.06_0.16,0.30,0.518,0.623,1.27,1.27,0.00,180.00,
,1MQCVA4LF5BPB9P6R5QOBM,BPS-INNERFLOOR_3_0.04_0.06_0.16,0.30,0.534,0.623,1.29,1.29,0.00,180.00,
,3NUOILEJB2MESVEVEFN5EJ,BPS-INNERFLOOR_3_0.04_0.06_0.16,0.30,0.534,0.623,2.22,2.22,0.00,180.00,
,3SUV8UQU13CETHX4966LY5,BPS-INNERFLOOR_3_0.04_0.06_0.16,0.30,0.534,0.623,0.29,0.29,0.00,180.00,
,2XDT3TYIXFFXD60KX3PFG8,BPS-INNERWALL_3_0.01_0.15_0.01,0.30,0.703,0.846,0.02,0.02,90.00,90.00,E
,0ZUSEEXRZ4UEB$V5LSGNAO,BPS-INNERWALL_3_0.01_0.15_0.01,0.30,0.703,0.846,0.06,0.06,0.00,90.00,N
,2T6Y2MRMT118NKYMGJN4ZK,BPS-INNERWALL_3_0.01_0.15_0.01,0.30,0.703,0.846,0.50,0.50,0.00,90.00,N
,09NG7DU3F0LXBJ1RPXK0QM,BPS-INNERWALL_3_0.01_0.15_0.01,0.30,0.703,0.846,0.06,0.06,90.00,90.00,E
,3XUXBKVRL9XVDMK4LMHPTO,BPS-INNERWALL_3_0.01_0.15_0.01,0.30,0.703,0.846,9.40,9.40,90.00,90.00,E
,0PQD4R5R5F_8C983JIRPRY,BPS-INNERWALL_3_0.01_0.15_0.01,0.30,0.703,0.846,0.06,0.06,0.00,90.00,N
,0$7BIVGH1DGR28ZLMBQYIK,BPS-INNERWALL_3_0.01_0.15_0.01,0.30,0.703,0.846,7.80,7.80,180.00,90.00,S
,238P9CDDTAOVYNHHF_QI$9,BPS-INNERWALL_3_0.01_0.15_0.01,0.30,0.703,0.846,7.00,4.48,0.00,90.00,N
,2H0T5PFWFC59EXE_D8XGUI,BPS-INNERWALL_3_0.01_0.15_0.01,0.30,0.703,0.846,8.23,8.23,90.00,90.00,E
,3J24VKUNP6VUYT3CEECJ5C,BPS-INNERWALL_3_0.01_0.15_0.01,0.30,0.703,0.846,9.40,9.40,270.00,90.00,W
,02ULWHZNZESB03AMEC3DV3,BPS-INNERWALL_3_0.01_0.15_0.01,0.30,0.703,0.846,0.06,0.06,0.00,90.00,N
,1VJYOYLVV02VBRHTAHU9IL,BPS-INNERWALL_3_0.01_0.15_0.01,0.30,0.703,0.846,7.00,4.48,0.00,90.00,N
,0QI7JSFMJ0GBOFYFBEMBUW,BPS-INNERWALL_3_0.01_0.15_0.01,0.30,0.703,0.846,8.29,8.29,270.00,90.00,W
,3A02BWHVR4XOLTAJAUED6F,BPS-INNERWALL_3_0.01_0.15_0.01,0.30,0.703,0.846,10.02,10.02,90.00,90.00,E
,3OUDXALS54_EXZMUNDAIOQ,BPS-INNERWALL_3_0.01_0.15_0.01,0.30,0.703,0.846,6.44,6.44,180.00,90.00,S
,3ULDSXUNRFXB$N1IT6PXPX,BPS-INNERFLOOR_3_0.04_0.06_0.16,0.30,0.542,0.623,0.18,0.18,0.00,90.00,N
,2PPJSG4712BFUBJKHMS06A,BPS-INNERFLOOR_3_0.04_0.06_0.16,0.30,0.542,0.623,0.18,0.18,0.00,90.00,N
,1TGJGF55T5S9HG2IIZN2Z2,BPS-INNERWALL_3_0.01_0.15_0.01,0.30,0.703,0.846,6.00,3.30,0.00,90.00,N
,25FRJ8P9N3VVPLPQGAGQ66,BPS-INNERFLOOR_3_0.04_0.06_0.16,0.30,0.542,0.623,0.44,0.44,0.00,90.00,N
,2Z_0P3SEHE8VDH6AHYPLMA,BPS-INNERWALL_3_0.01_0.15_0.01,0.30,0.703,0.846,0.06,0.06,0.00,90.00,N
,0JKEGSLAR9887WG0GIW$XJ,BPS-INNERWALL_3_0.01_0.15_0.01,0.30,0.703,0.846,10.04,10.04,270.00,90.00,W
,3KJWWLAU58NHASOXIYHXOJ,BPS-INNERWALL_3_0.01_0.15_0.01,0.30,0.703,0.846,7.30,7.30,180.00,90.00,S
,3UUBJPEE1FZQ6NA$YKFZDL,BPS-INNERWALL_3_0.01_0.15_0.01,0.30,0.703,0.846,19.26,19.26,90.00,90.00,E
,3M3L86VHLBSRI2QWDF8L9L,BPS-INNERWALL_3_0.01_0.15_0.01,0.30,0.703,0.846,23.98,21.75,0.00,90.00,N
,38L4TG9VV3NRIMN4VNMXGG,BPS-INNERWALL_3_0.01_0.15_0.01,0.30,0.703,0.846,19.26,19.26,270.00,90.00,W
,15H2TRB0TBKEJ_RXHYJWYL,BPS-INNERFLOOR_3_0.04_0.06_0.16,0.30,0.534,0.623,37.70,37.70,0.00,180.00,
,3NJOEMG993KALLBT$EWF9U,BPS-INNERWALL_3_0.01_0.15_0.01,0.30,0.703,0.846,19.26,19.26,90.00,90.00,E
,36ZVZ7LB14FUZLAJNYPFLL,BPS-INNERWALL_3_0.01_0.15_0.01,0.30,0.703,0.846,19.26,19.26,270.00,90.00,W
,2IHVSILIT9$HTJGRG09FNX,BPS-INNERWALL_3_0.01_0.15_0.01,0.30,0.703,0.846,48.48,44.02,0.00,90.00,N
,0Z3W5TVZHFZU2ALHQYZZOW,BPS-INNERFLOOR_3_0.04_0.06_0.16,0.30,0.534,0.623,76.22,76.22,0.00,180.00,
,21RBD8_YV8BBNWO2$F0_6K,BPS-INNERWALL_3_0.01_0.15_0.01,0.30,0.703,0.846,0.22,0.22,180.00,90.00,S
,2COVOGI0FBTQEK$MEDO5KL,BPS-INNERWALL_3_0.01_0.15_0.01,0.30,0.703,0.846,1.15,1.15,270.00,90.00,W
,1731OC6OJ0_XTRG2471QF9,BPS-INNERWALL_3_0.01_0.15_0.01,0.30,0.703,0.846,0.15,0.15,180.00,90.00,S
,0IC505FZZ7QV96FMFK$W1M,BPS-INNERWALL_3_0.01_0.15_0.01,0.30,0.703,0.846,6.30,6.30,180.00,90.00,S
,2DEMN7GNL2HWJN68VOB9NK,BPS-INNERWALL_3_0.01_0.15_0.01,0.30,0.703,0.846,1.15,1.15,90.00,90.00,E
,3ZYNSPFG5DPQVAL4RVIN39,BPS-INNERWALL_3_0.01_0.15_0.01,0.30,0.703,0.846,0.11,0.11,0.00,180.00,
,2VV875GXHETRNADXPWUIV9,BPS-INNERWALL_3_0.01_0.15_0.01,0.30,0.703,0.846,1.15,1.15,270.00,90.00,W
,1B7TMEDFBCJESUIPZ16HRB,BPS-INNERWALL_3_0.01_0.15_0.01,0.30,0.703,0.846,4.35,4.35,180.00,90.00,S
,00RYTZNHBCR8XJDDG4_6ZY,BPS-INNERWALL_3_0.01_0.15_0.01,0.30,0.703,0.846,5.95,5.95,90.00,90.00,E
,05BHKQO6HESWX5PXNTNHL5,BPS-INNERWALL_3_0.01_0.15_0.01,0.30,0.703,0.846,1.15,1.15,90.00,90.00,E
,0QU5TCA1VELQAICQJFWLQ_,BPS-INNERWALL_3_0.01_0.15_0.01,0.30,0.703,0.846,0.05,0.05,0.00,0.00,
,2XLI0OVCHDBO2MYV7TXYY4,BPS-INNERWALL_3_0.01_0.15_0.01,0.30,0.703,0.846,9.00,9.00,270.00,90.00,W
,3B0OKETLL65URHH_LLZ$FC,BPS-INNERWALL_3_0.01_0.15_0.01,0.30,0.703,0.846,0.05,0.05,0.00,180.00,
,1YAPYUHHX5SAGXN$WJ3NS0,BPS-INNERWALL_3_0.01_0.15_0.01,0.30,0.703,0.846,0.05,0.05,0.00,180.00,
,0MGIN4KCX7BPEM_9TQG6F9,BPS-INNERWALL_3_0.01_0.15_0.01,0.30,0.703,0.846,0.23,0.23,270.00,90.00,W
,24CNQIRPJA2AFYNWJXBVS1,BPS-INNERWALL_3_0.01_0.15_0.01,0.30,0.703,0.846,10.78,10.78,180.00,90.00,S
,0P_ZCYUYB8A9KKXKJ0PWAE,BPS-INNERWALL_3_0.01_0.15_0.01,0.30,0.703,0.846,0.02,0.02,0.00,180.00,
,2DXFJ_NZX5EWQLGWUKFHGU,BPS-INNERWALL_3_0.01_0.15_0.01,0.30,0.703,0.846,4.35,4.35,0.00,90.00,N
,0J5VRHYPNE$85GXMI_VSES,BPS-INNERWALL_3_0.01_0.15_0.01,0.30,0.703,0.846,17.66,17.66,0.00,90.00,N
,0ST7F8KYN248UF6EDCMJOQ,BPS-INNERWALL_3_0.01_0.15_0.01,0.30,0.703,0.846,0.11,0.11,0.00,180.00,
,3RHEEWALVACHBWIZHSKGVG,BPS-INNERWALL_3_0.01_0.15_0.01,0.30,0.703,0.846,0.15,0.15,0.00,90.00,N
,16TQ_C4SZE09HVCRSBG5JU,BPS-INNERWALL_3_0.01_0.15_0.01,0.30,0.703,0.846,0.35,0.35,180.00,90.00,S
,2LYNJ0LKR3EAEQMIESVZHT,BPS-INNERWALL_3_0.01_0.15_0.01,0.30,0.703,0.846,0.05,0.05,0.00,0.00,
,1VMQ5OU5RDFEDHBQFBRS6H,BPS-INNERWALL_3_0.01_0.15_0.01,0.30,0.703,0.846,0.15,0.15,0.00,90.00,N
,3V1$E2FW9EXPJGTFI41RLS,BPS-INNERWALL_3_0.01_0.15_0.01,0.30,0.703,0.846,0.02,0.02,0.00,180.00,
,1OISYFLBN82ODKG$O8MGM5,BPS-INNERWALL_3_0.01_0.15_0.01,0.30,0.703,0.846,0.05,0.05,0.00,0.00,
,2NWSXRGWJ5RO0V$KODTFKA,BPS-INNERWALL_3_0.01_0.15_0.01,0.30,0.703,0.846,9.45,7.68,90.00,90.00,E
,2$ZNKOEYV9VQMYDBU83R6X,BPS-INNERWALL_3_0.01_0.15_0.01,0.30,0.703,0.846,0.15,0.15,0.00,90.00,N
,3EKX01EHR9HG6CX$DT6BZ6,BPS-INNERWALL_3_0.01_0.15_0.01,0.30,0.703,0.846,0.05,0.05,0.00,180.00,
,3FCKMX0D56CVOWCRLH5XXN,BPS-INNERWALL_3_0.01_0.15_0.01,0.30,0.703,0.846,1.15,1.15,90.00,90.00,E
,14E5GJQS114GPIF67RU8LS,BPS-INNERWALL_3_0.01_0.15_0.01,0.30,0.703,0.846,4.35,4.35,180.00,90.00,S
,0YKPX5KB94$PE8ZE0YL5FZ,BPS-INNERWALL_3_0.01_0.15_0.01,0.30,0.703,0.846,5.95,5.95,270.00,90.00,W
,1WT97YNGV8GVBPTW$N3KLF,BPS-INNERWALL_3_0.01_0.15_0.01,0.30,0.703,0.846,0.15,0.15,180.00,90.00,S
,3MTQ0EOQF7HVGGKCHDPMML,BPS-INNERWALL_3_0.01_0.15_0.01,0.30,0.703,0.846,0.15,0.15,180.00,90.00,S
,0GIUFIANR1EW_WXIUVQ7X9,BPS-INNERWALL_3_0.01_0.15_0.01,0.30,0.703,0.846,4.35,4.35,0.00,90.00,N
,2NHGA285N019F$IUAZNCID,BPS-INNERWALL_3_0.01_0.15_0.01,0.30,0.703,0.846,1.15,1.15,270.00,90.00,W
,3MPOVL23TCPWI3CYGWPGA$,BPS-INNERWALL_3_0.01_0.15_0.01,0.30,0.703,0.846,0.22,0.22,270.00,90.00,W
,2S1TWSNB16JAZ86E_CDXVO,BPS-INNERFLOOR_3_0.04_0.06_0.16,0.30,0.534,0.623,0.05,0.05,0.00,180.00,
,3GZXTPILZ5GX5GETNJ$SPF,BPS-INNERFLOOR_3_0.04_0.06_0.16,0.30,0.518,0.623,0.27,0.27,0.00,180.00,
,04CZ8MKM50XOONPT1BFLVE,BPS-INNERFLOOR_3_0.04_0.06_0.16,0.30,0.534,0.623,0.05,0.05,0.00,180.00,
,3JD00GYFF1PBUVGDK61LJ3,BPS-INNERFLOOR_3_0.04_0.06_0.16,0.30,0.534,0.623,1.12,1.12,0.00,180.00,
,0HPFUJCX53CPIPMW_NNIZU,BPS-INNERFLOOR_3_0.04_0.06_0.16,0.30,0.518,0.623,0.11,0.11,0.00,180.00,
,3NSLDUOYBDRU_CT9ROPRUN,BPS-INNERFLOOR_3_0.04_0.06_0.16,0.30,0.534,0.623,1.23,1.23,0.00,180.00,
,2UVUNDAB92BGBHJLW_IBAH,BPS-INNERFLOOR_3_0.04_0.06_0.16,0.30,0.534,0.623,1.23,1.23,0.00,180.00,
,1ALXTWYXVEPFEFKXT9FEKD,BPS-INNERFLOOR_3_0.04_0.06_0.16,0.30,0.534,0.623,9.24,9.24,0.00,180.00,
,0RAEVAJMRFWWEP7B2RISV3,BPS-INNERFLOOR_3_0.04_0.06_0.16,0.30,0.534,0.623,0.05,0.05,0.00,180.00,
,37AJAXAO12DFIIRI3ITZWO,BPS-INNERFLOOR_3_0.04_0.06_0.16,0.30,0.534,0.623,0.01,0.01,0.00,0.00,
,34B$EUAHHDZ8ZGBJFBZDHK,BPS-INNERFLOOR_3_0.04_0.06_0.16,0.30,0.550,0.623,0.13,0.13,0.00,0.00,
,23APBG2HX4CRERBKSEJI0H,BPS-INNERFLOOR_3_0.04_0.06_0.16,0.30,0.534,0.623,0.42,0.42,0.00,0.00,
,3PYCLURER05EJ9Z5PVI9TN,BPS-INNERFLOOR_3_0.04_0.06_0.16,0.30,0.534,0.623,0.05,0.05,0.00,0.00,
,03TKP4R_1ENQCZ_6DBJSBF,BPS-INNERFLOOR_3_0.04_0.06_0.16,0.30,0.550,0.623,0.30,0.30,0.00,0.00,
,2LBREYDXT7UBARRQKTPRIE,BPS-INNERFLOOR_3_0.04_0.06_0.16,0.30,0.550,0.623,0.49,0.49,0.00,0.00,
,0XGUOAFNX7YHMET5TWMII9,BPS-INNERFLOOR_3_0.04_0.06_0.16,0.30,0.534,0.623,1.29,1.29,0.00,0.00,
,0OZJSLRAHFS842FFOQFJ0F,BPS-INNERFLOOR_3_0.04_0.06_0.16,0.30,0.534,0.623,2.10,2.10,180.00,0.00,
,3PS7P1HAXD1VDJCBAXXQQQ,BPS-INNERFLOOR_3_0.04_0.06_0.16,0.30,0.534,0.623,6.61,6.61,0.00,0.00,
,1FMWWNHOF1GRZP8REPBZWU,BPS-INNERFLOOR_3_0.04_0.06_0.16,0.30,0.534,0.623,2.22,2.22,0.00,0.00,
,1TUMFNOUV0$F1ZLZKILEOG,BPS-INNERWALL_3_0.01_0.15_0.01,0.30,0.703,0.846,0.95,0.95,90.00,90.00,E
,2UEIRS2SPD0B8MP$VAS117,BPS-INNERWALL_3_0.01_0.15_0.01,0.30,0.703,0.846,0.05,0.05,0.00,180.00,
,32MKKIH2V52B_BYYDXSYNQ,BPS-INNERWALL_3_0.01_0.15_0.01,0.30,0.703,0.846,1.15,1.15,90.00,90.00,E
,0CO3JADHD6P8UR2AWQNKGV,BPS-INNERWALL_3_0.01_0.15_0.01,0.30,0.703,0.846,4.35,4.35,180.00,90.00,S
,3RXTU635V6TAGEBVSXCUUW,BPS-INNERWALL_3_0.01_0.15_0.01,0.30,0.703,0.846,0.11,0.11,0.00,180.00,
,0L4M0BRHD58PEKCNSHY472,BPS-INNERWALL_3_0.01_0.15_0.01,0.30,0.703,0.846,1.15,1.15,90.00,90.00,E
,2JWDJEJVX5W9YW_HBW$UUR,BPS-INNERWALL_3_0.01_0.15_0.01,0.30,0.703,0.846,0.02,0.02,0.00,180.00,
,3QH0XKW0B1AHSJCB8ZZFJH,BPS-INNERWALL_3_0.01_0.15_0.01,0.30,0.703,0.846,0.15,0.15,0.00,90.00,N
,2IZDHJIYFAFGKCBUHVNSKR,BPS-INNERWALL_3_0.01_0.15_0.01,0.30,0.703,0.846,0.11,0.11,0.00,180.00,
,3LV4UHOH57YAXVFDYQ$7GU,BPS-INNERWALL_3_0.01_0.15_0.01,0.30,0.703,0.846,17.57,17.57,0.00,90.00,N
,0Q8GL090R7LU85_UQ_DTRL,BPS-INNERWALL_3_0.01_0.15_0.01,0.30,0.703,0.846,6.30,6.30,180.00,90.00,S
,0AJNV9AVN8_Q$DECNPMVZF,BPS-INNERWALL_3_0.01_0.15_0.01,0.30,0.703,0.846,0.23,0.23,180.00,90.00,S
,38E9KMMB1DR8XH1GYX5GPC,BPS-INNERWALL_3_0.01_0.15_0.01,0.30,0.703,0.846,0.17,0.17,0.00,180.00,
,3UYAR8KYB5DWTOSZ9CMYL$,BPS-INNERWALL_3_0.01_0.15_0.01,0.30,0.703,0.846,0.15,0.15,180.00,90.00,S
,3API5E0YF2IEBF$E7JFT3F,BPS-INNERWALL_3_0.01_0.15_0.01,0.30,0.703,0.846,0.05,0.05,180.00,90.00,S
,1$MGFTDPJ92RB639_5S6FC,BPS-INNERWALL_3_0.01_0.15_0.01,0.30,0.703,0.846,0.02,0.02,0.00,90.00,N
,2WL6IFPGHFDWM1IHPTJE78,BPS-INNERWALL_3_0.01_0.15_0.01,0.30,0.703,0.846,0.95,0.95,270.00,90.00,W
,1ZYIIPOGZ3SHPEWJ6OCCVO,BPS-INNERWALL_3_0.01_0.15_0.01,0.30,0.703,0.846,4.35,4.35,0.00,90.00,N
,3YDACKZP5F08AXGCHSFW72,BPS-INNERWALL_3_0.01_0.15_0.01,0.30,0.703,0.846,5.10,5.10,270.00,90.00,W
,3UVPKA7HD1BBVAPB2HEYGF,BPS-INNERWALL_3_0.01_0.15_0.01,0.30,0.703,0.846,0.05,0.05,0.00,0.00,
,0QOP2DCOXEDXTIXYTO1HSI,BPS-INNERWALL_3_0.01_0.15_0.01,0.30,0.703,0.846,0.22,0.22,90.00,90.00,E
,1MVEIE7DH4W8KRARUPCHWY,BPS-INNERWALL_3_0.01_0.15_0.01,0.30,0.703,0.846,4.35,4.35,0.00,90.00,N
,27UQ6LI6V6NHQSCSSNQDUS,BPS-INNERWALL_3_0.01_0.15_0.01,0.30,0.703,0.846,0.05,0.05,0.00,0.00,
,1VR9M5K61DFR7_XITVHE37,BPS-INNERWALL_3_0.01_0.15_0.01,0.30,0.703,0.846,0.17,0.17,180.00,90.00,S
,176WVA$3T8BURDVMPFVJFW,BPS-INNERWALL_3_0.01_0.15_0.01,0.30,0.703,0.846,9.00,9.00,90.00,90.00,E
,0$SHOAX6X6IR8P6TH2IF7J,BPS-INNERWALL_3_0.01_0.15_0.01,0.30,0.703,0.846,0.15,0.15,0.00,90.00,N
,3DGM1O$SLF$U6RFDNLCUUF,BPS-INNERWALL_3_0.01_0.15_0.01,0.30,0.703,0.846,4.35,4.35,180.00,90.00,S
,2T2ANEUKH4DPD6MQCVRQGT,BPS-INNERWALL_3_0.01_0.15_0.01,0.30,0.703,0.846,0.05,0.05,0.00,180.00,
,1OBZJVIXZ3_AYTUWVGZF5V,BPS-INNERWALL_3_0.01_0.15_0.01,0.30,0.703,0.846,5.10,5.10,90.00,90.00,E
,04Y18AAD9EBGQJTVEWGOYZ,BPS-INNERWALL_3_0.01_0.15_0.01,0.30,0.703,0.846,9.45,7.68,270.00,90.00,W
,2AVB1R1PNAAHW2XKMTLQW$,BPS-INNERWALL_3_0.01_0.15_0.01,0.30,0.703,0.846,0.23,0.23,90.00,90.00,E
,1N2NSCTVX23H9QXSGNHA5N,BPS-INNERWALL_3_0.01_0.15_0.01,0.30,0.703,0.846,0.02,0.02,0.00,180.00,
,3OOOMVGEXBRX18RG3EOF6L,BPS-INNERWALL_3_0.01_0.15_0.01,0.30,0.703,0.846,0.05,0.05,0.00,180.00,
,3GGW004D57KPP91KOR0JL5,BPS-INNERWALL_3_0.01_0.15_0.01,0.30,0.703,0.846,1.15,1.15,270.00,90.00,W
,0EUT3I7OL9U8R4PHMLGICY,BPS-INNERWALL_3_0.01_0.15_0.01,0.30,0.703,0.846,0.05,0.05,0.00,0.00,
,2CQ1LAI$X2VEFLFE9P7ZG4,BPS-INNERWALL_3_0.01_0.15_0.01,0.30,0.703,0.846,0.15,0.15,180.00,90.00,S
,13UFO2WFN1THKHESR2NKFV,BPS-INNERWALL_3_0.01_0.15_0.01,0.30,0.703,0.846,1.15,1.15,270.00,90.00,W
,2QVV76WWN6HPBHO081A7RK,BPS-INNERWALL_3_0.01_0.15_0.01,0.30,0.703,0.846,0.30,0.30,180.00,90.00,S
,1N6LS9P6Z9GABDN5WHQEEV,BPS-INNERWALL_3_0.01_0.15_0.01,0.30,0.703,0.846,0.15,0.15,0.00,90.00,N
,0TYI22OXNDVWSOQQRIZ5EE,BPS-INNERWALL_3_0.01_0.15_0.01,0.30,0.703,0.846,10.70,10.70,180.00,90.00,S
,1IJCSRKNJ0XHPLJCBA7ZBT,BPS-INNERFLOOR_3_0.04_0.06_0.16,0.30,0.534,0.623,9.17,9.17,0.00,180.00,
,3N5ETXLPJ7HOAWGORJM7V7,BPS-INNERFLOOR_3_0.04_0.06_0.16,0.30,0.534,0.623,0.05,0.05,0.00,180.00,
,2T5LY9EEJ3HUYI5D2MNOVQ,BPS-INNERFLOOR_3_0.04_0.06_0.16,0.30,0.534,0.623,0.05,0.05,0.00,180.00,
,3IN1E$FAD1BGBE5HEPYG8O,BPS-INNERFLOOR_3_0.04_0.06_0.16,0.30,0.534,0.623,1.23,1.23,0.00,180.00,
,19H$XSIWTESHTVFFAXOGGW,BPS-INNERFLOOR_3_0.04_0.06_0.16,0.30,0.518,0.623,0.11,0.11,0.00,180.00,
,3OOCCCM1RF4VTYXPI2SGNT,BPS-INNERFLOOR_3_0.04_0.06_0.16,0.30,0.534,0.623,1.12,1.12,0.00,180.00,
,2MVANXGKLDTVWOXEL4UEHM,BPS-INNERFLOOR_3_0.04_0.06_0.16,0.30,0.534,0.623,0.05,0.05,0.00,180.00,
,2BCVEDFYX8LFIGBZTVM0I$,BPS-INNERFLOOR_3_0.04_0.06_0.16,0.30,0.518,0.623,0.27,0.27,0.00,180.00,
,1I_N6Y7KPFLEZRHZMTGLGU,BPS-INNERFLOOR_3_0.04_0.06_0.16,0.30,0.534,0.623,1.23,1.23,0.00,180.00,
,1G2V79CYB2VXS1WHVVJZHS,BPS-INNERFLOOR_3_0.04_0.06_0.16,0.30,0.534,0.623,0.81,0.81,0.00,0.00,
,3H0DXTCCP37WFRPDYUV290,BPS-INNERFLOOR_3_0.04_0.06_0.16,0.30,0.534,0.623,0.75,0.75,0.00,0.00,
,0S0H$VRTN6XBRBPCILGSTZ,BPS-INNERFLOOR_3_0.04_0.06_0.16,0.30,0.534,0.623,6.50,6.50,0.00,0.00,
,2OZDWFWQP1ORF4TSRQZDMG,BPS-INNERFLOOR_3_0.04_0.06_0.16,0.30,0.534,0.623,0.65,0.65,0.00,0.00,
,1GZ6GHJDJ10RTK00VIFDO6,BPS-INNERFLOOR_3_0.04_0.06_0.16,0.30,0.534,0.623,1.29,1.29,0.00,0.00,
,2D_KMHBNT0S9M2TR9BZ4LE,BPS-INNERFLOOR_3_0.04_0.06_0.16,0.30,0.534,0.623,0.05,0.05,0.00,0.00,
,0IVDROMCB4MHZMU$4QS6UJ,BPS-INNERFLOOR_3_0.04_0.06_0.16,0.30,0.534,0.623,1.29,1.29,0.00,0.00,
,2APMKHTF5EXADI5BBVNPWR,BPS-INNERFLOOR_3_0.04_0.06_0.16,0.30,0.534,0.623,0.05,0.05,0.00,0.00,
,1EUJXGRRLD5QLFC$THIEL_,BPS-INNERFLOOR_3_0.04_0.06_0.16,0.30,0.550,0.623,0.13,0.13,0.00,0.00,
,36YNJCTO14NRLC9LZUFSLV,BPS-INNERFLOOR_3_0.04_0.06_0.16,0.30,0.534,0.623,0.03,0.03,0.00,0.00,
,0RBSLWGZP2X92DPYWZTUUR,BPS-INNERFLOOR_3_0.04_0.06_0.16,0.30,0.550,0.623,2.18,2.18,0.00,0.00,
,30VTHXXW93V9XQH5FXWMWI,BPS-INNERWALL_3_0.01_0.15_0.01,0.30,0.703,0.846,18.90,18.90,90.00,90.00,E
,0MS2I5PAB4TW$KLHI1EXXU,BPS-INNERWALL_3_0.01_0.15_0.01,0.30,0.703,0.846,4.38,2.15,180.00,90.00,S
,2QP0T0S8PBO9RLM9JNJPIP,BPS-INNERWALL_3_0.01_0.15_0.01,0.30,0.703,0.846,18.90,18.90,180.00,90.00,S
,3JHCAGNL16XODARPNOW5ER,BPS-INNERWALL_3_0.01_0.15_0.01,0.30,0.703,0.846,0.53,0.53,180.00,90.00,S
,1DPXMWBZPC6VKEL2GXXDM_,BPS-INNERFLOOR_3_0.04_0.06_0.16,0.30,0.534,0.623,36.72,36.72,0.00,180.00,
,0TA12PM1R1BEH86VTESJDT,BPS-INNERWALL_3_0.01_0.15_0.01,0.30,0.703,0.846,23.62,23.62,0.00,90.00,N
,35U23H6BL9QQEXJJ1W5KVZ,BPS-INNERWALL_3_0.01_0.15_0.01,0.30,0.703,0.846,3.84,1.61,90.00,90.00,E
,1GW2Y4J21F$HN6X$4NOUM1,BPS-INNERWALL_3_0.01_0.15_0.01,0.30,0.703,0.846,0.88,0.88,90.00,90.00,E
,3Z7CIO7ST5EVWMXDWQ1B6X,BPS-INNERWALL_3_0.01_0.15_0.01,0.30,0.703,0.846,13.91,13.91,90.00,90.00,E
,3RW2AMPFZ0C8F2M3Q3E1JB,BPS-INNERWALL_3_0.01_0.15_0.01,0.30,0.703,0.846,23.62,20.13,180.00,90.00,S
,0AH89KQDJ0NWGZODSLSSXX,BPS-INNERFLOOR_3_0.04_0.06_0.16,0.30,0.518,0.623,0.08,0.08,0.00,180.00,
,31NPDSNM9EBUC7AQSYFGYT,BPS-INNERFLOOR_3_0.04_0.06_0.16,0.30,0.518,0.623,0.04,0.04,0.00,180.00,
,20X2DKP3H6GGFIUMBBNNFL,BPS-INNERFLOOR_3_0.04_0.06_0.16,0.30,0.518,0.623,0.04,0.04,0.00,180.00,
,1LFX0QOB9BHBENADXKNARL,BPS-INNERFLOOR_3_0.04_0.06_0.16,0.30,0.518,0.623,1.12,1.12,0.00,180.00,
,0VJ8EYV2F6PPVEFZPPBVZ$,BPS-INNERFLOOR_3_0.04_0.06_0.16,0.30,0.518,0.623,0.08,0.08,0.00,180.00,
,3TRZJSDIL8CXNQWWN1X178,BPS-INNERFLOOR_3_0.04_0.06_0.16,0.30,0.550,0.623,1.61,1.61,0.00,0.00,
,2QBEB53498NRAKFHODAVJS,BPS-INNERFLOOR_3_0.04_0.06_0.16,0.30,0.534,0.623,6.39,6.39,0.00,0.00,
,2XX99YTQF4ZWVRTGG7LSFV,BPS-INNERFLOOR_3_0.04_0.06_0.16,0.30,0.534,0.623,6.62,6.62,0.00,0.00,
,17FDBXE$9CQRHZCBD4A5PJ,BPS-INNERFLOOR_3_0.04_0.06_0.16,0.30,0.534,0.623,21.31,21.31,0.00,0.00,
,3JPPVZ2YN1D9KVYQCL7OW2,BPS-INNERWALL_3_0.01_0.15_0.01,0.30,0.703,0.846,0.07,0.07,180.00,90.00,S
,1IWB3NXSP0MOYLUVRTBP4T,BPS-INNERWALL_3_0.01_0.15_0.01,0.30,0.703,0.846,0.23,0.23,180.00,90.00,S
,16L0HC9S91VEP4Y8$XKOF6,BPS-INNERWALL_3_0.01_0.15_0.01,0.30,0.703,0.846,0.52,0.52,90.00,90.00,E
,0ORAMDVNVDFBFGXEU0F1XV,BPS-INNERWALL_3_0.01_0.15_0.01,0.30,0.703,0.846,0.12,0.12,180.00,90.00,S
,1JEL87MX55RHA7NB8FB21D,BPS-INNERWALL_3_0.01_0.15_0.01,0.30,0.703,0.846,0.75,0.75,0.00,90.00,N
,0A$WEEMLP8AVUPIRRFMI_W,BPS-INNERWALL_3_0.01_0.15_0.01,0.30,0.703,0.846,0.75,0.75,0.00,90.00,N
,2_KWB8K$N6DXX80EKYVUZL,BPS-INNERWALL_3_0.01_0.15_0.01,0.30,0.703,0.846,0.75,0.75,90.00,90.00,E
,20NCBMM6T1X94BWSYWRZ5O,BPS-INNERWALL_3_0.01_0.15_0.01,0.30,0.703,0.846,18.73,18.73,90.00,90.00,E
,1MXWBSCIH2TFR8LTJK3G8D,BPS-INNERWALL_3_0.01_0.15_0.01,0.30,0.703,0.846,0.23,0.23,0.00,90.00,N
,2IP6_6BXL3JRTQ9IAUCILR,BPS-INNERWALL_3_0.01_0.15_0.01,0.30,0.703,0.846,0.08,0.08,0.00,90.00,N
,3VOBXVWUD9HAOC73EU_VLV,BPS-INNERWALL_3_0.01_0.15_0.01,0.30,0.703,0.846,0.52,0.52,180.00,90.00,S
,3Z3JQHU112UE2T75TMDBCQ,BPS-INNERWALL_3_0.01_0.15_0.01,0.30,0.703,0.846,0.52,0.52,180.00,90.00,S
,3LL0V411RBMQVLNIKIGEQY,BPS-INNERWALL_3_0.01_0.15_0.01,0.30,0.703,0.846,0.88,0.88,90.00,90.00,E
,3EOCJAMQX0PVEIO7KGPTZZ,BPS-INNERWALL_3_0.01_0.15_0.01,0.30,0.703,0.846,0.88,0.88,180.00,90.00,S
,0BQBFWQWP2JG7GV5YAIG8R,BPS-INNERWALL_3_0.01_0.15_0.01,0.30,0.703,0.846,0.15,0.15,0.00,90.00,N
,3KXLK$VCP7JX21F5WCMBKJ,BPS-INNERWALL_3_0.01_0.15_0.01,0.30,0.703,0.846,17.66,17.66,180.00,90.00,S
,18P_6GOUP8BAY$GI$CSIHD,BPS-INNERWALL_3_0.01_0.15_0.01,0.30,0.703,0.846,0.88,0.88,180.00,90.00,S
,2M21VLK$HA491XINB9WZE4,BPS-INNERWALL_3_0.01_0.15_0.01,0.30,0.703,0.846,0.53,0.53,180.00,90.00,S
,2PHY1QIJFC1WOJDU6SH7SX,BPS-INNERWALL_3_0.01_0.15_0.01,0.30,0.703,0.846,17.57,17.57,180.00,90.00,S
,1O1NQUHKJ1UBQFDP4EP9TT,BPS-INNERWALL_3_0.01_0.15_0.01,0.30,0.703,0.846,0.52,0.52,180.00,90.00,S
,2EMXCRTBV7PRDV30_HIMSP,BPS-INNERWALL_3_0.01_0.15_0.01,0.30,0.703,0.846,0.23,0.23,180.00,90.00,S
,0D5SCI2YF7AW7PKL4QSS3R,BPS-INNERWALL_3_0.01_0.15_0.01,0.30,0.703,0.846,0.88,0.88,0.00,90.00,N
,3UWHZE7AD6YUNA1N_6$Q2G,BPS-INNERWALL_3_0.01_0.15_0.01,0.30,0.703,0.846,0.53,0.53,270.00,90.00,W
,3YVPYWKQZBZVPEOJXUFC_M,BPS-INNERWALL_3_0.01_0.15_0.01,0.30,0.703,0.846,19.26,19.26,270.00,90.00,W
,1ZEDA8_BF2FRNVNVTVTJ86,BPS-INNERWALL_3_0.01_0.15_0.01,0.30,0.703,0.846,0.88,0.88,180.00,90.00,S
,35FQA29XF9EBSJ7UXXYJ1O,BPS-INNERWALL_3_0.01_0.15_0.01,0.30,0.703,0.846,0.08,0.08,0.00,90.00,N
,07N18XWMNBZE6HRDN8LK_F,BPS-INNERWALL_3_0.01_0.15_0.01,0.30,0.703,0.846,0.88,0.88,180.00,90.00,S
,3HIOBFYMT0LBH9A_FYM8PA,BPS-INNERWALL_3_0.01_0.15_0.01,0.30,0.703,0.846,17.57,17.57,180.00,90.00,S
,2MHT_Q_HRCXHVQN9IJDWPS,BPS-INNERWALL_3_0.01_0.15_0.01,0.30,0.703,0.846,19.26,19.26,270.00,90.00,W
,21AN4HFF5EUOQXGZ0QY0NF,BPS-INNERWALL_3_0.01_0.15_0.01,0.30,0.703,0.846,0.53,0.53,90.00,90.00,E
,1FKXEI_LL8MRFBV50U4BQW,BPS-INNERWALL_3_0.01_0.15_0.01,0.30,0.703,0.846,0.52,0.52,0.00,90.00,N
,3MIBXQCZV22XXNFE5PZJLH,BPS-INNERWALL_3_0.01_0.15_0.01,0.30,0.703,0.846,0.08,0.08,180.00,90.00,S
,1GO52NWFDENUIWAHGA_EER,BPS-INNERWALL_3_0.01_0.15_0.01,0.30,0.703,0.846,0.52,0.52,0.00,90.00,N
,1149LQ2FX5KA9ETMAOJPAB,BPS-INNERWALL_3_0.01_0.15_0.01,0.30,0.703,0.846,19.26,19.26,90.00,90.00,E
,0GUZ8KEST1WHUEQ0QLMR00,BPS-INNERWALL_3_0.01_0.15_0.01,0.30,0.703,0.846,0.52,0.52,0.00,90.00,N
,2X579Y8VLAWQGV$A8HPAIH,BPS-INNERWALL_3_0.01_0.15_0.01,0.30,0.703,0.846,0.53,0.53,90.00,90.00,E
,0TNVKI5LF0T8I1H1CJSBID,BPS-INNERWALL_3_0.01_0.15_0.01,0.30,0.703,0.846,0.52,0.52,270.00,90.00,W
,0BSNYOVEJ7G91K$PGK3PDX,BPS-INNERWALL_3_0.01_0.15_0.01,0.30,0.703,0.846,23.97,21.75,0.00,90.00,N
,3JIZLRDCL4R92AMHIIXO7M,BPS-INNERWALL_3_0.01_0.15_0.01,0.30,0.703,0.846,17.57,17.57,0.00,90.00,N
,3J3XTQJSNEPHXEZIMM7ECX,BPS-INNERWALL_3_0.01_0.15_0.01,0.30,0.703,0.846,23.97,21.75,0.00,90.00,N
,3VHXIWGY5A8QYAN7WCT8MJ,BPS-INNERWALL_3_0.01_0.15_0.01,0.30,0.703,0.846,4.38,2.15,0.00,90.00,N
,2TF_AUH5B4VHV0_JCPUCGH,BPS-INNERWALL_3_0.01_0.15_0.01,0.30,0.703,0.846,23.62,21.35,180.00,90.00,S
,1GNRDSKD55MP0WMEZ1I7VJ,BPS-INNERWALL_3_0.01_0.15_0.01,0.30,0.703,0.846,0.53,0.53,90.00,90.00,E
,0UXTODGTPC$WO_SJHV0CO4,BPS-INNERWALL_3_0.01_0.15_0.01,0.30,0.703,0.846,72.97,68.52,0.00,90.00,N
,19ZIK4YWZFCOHXXOTOYO8_,BPS-INNERWALL_3_0.01_0.15_0.01,0.30,0.703,0.846,6.47,4.70,90.00,90.00,E
,31BFX6JDV4BRIECMFQVLNK,BPS-INNERWALL_3_0.01_0.15_0.01,0.30,0.703,0.846,23.98,21.75,0.00,90.00,N
,0HH5O4V894VUMVSP0DY_DK,BPS-INNERWALL_3_0.01_0.15_0.01,0.30,0.703,0.846,0.52,0.52,0.00,90.00,N
,2NYWTHK1H9KUKU33AYA4R_,BPS-INNERWALL_3_0.01_0.15_0.01,0.30,0.703,0.846,23.94,21.71,180.00,90.00,S
,23UOWP9PPDW8BRHVKS5UFQ,BPS-INNERWALL_3_0.01_0.15_0.01,0.30,0.703,0.846,0.53,0.53,90.00,90.00,E
,3BMSZWPKPEQGRAWLK1LKC2,BPS-INNERWALL_3_0.01_0.15_0.01,0.30,0.703,0.846,0.15,0.15,180.00,90.00,S
,12QA52_JF4YFJYWRG$PMMA,BPS-INNERWALL_3_0.01_0.15_0.01,0.30,0.703,0.846,0.75,0.75,0.00,90.00,N
,20DUIFA4RB3X3GTNUKOASS,BPS-INNERWALL_3_0.01_0.15_0.01,0.30,0.703,0.846,0.12,0.12,180.00,90.00,S
,0GVJTUNVPFOGPXKSFJFDRJ,BPS-INNERWALL_3_0.01_0.15_0.01,0.30,0.703,0.846,0.75,0.75,0.00,90.00,N
,2JQCG1OUFBBXRL3Q5OBC1S,BPS-INNERWALL_3_0.01_0.15_0.01,0.30,0.703,0.846,0.12,0.12,270.00,90.00,W
,2DOVPLMQNBPQJHIRTSSN5Z,BPS-INNERWALL_3_0.01_0.15_0.01,0.30,0.703,0.846,0.12,0.12,90.00,90.00,E
,13RJFA1INBMELQ2HW_PVXK,BPS-INNERWALL_3_0.01_0.15_0.01,0.30,0.703,0.846,0.08,0.08,180.00,90.00,S
,0CVKF2YS1BEPHA1$6A$EPR,BPS-INNERWALL_3_0.01_0.15_0.01,0.30,0.703,0.846,0.75,0.75,90.00,90.00,E
,2BEP$BCVZ51F0PJ0VECGUS,BPS-INNERWALL_3_0.01_0.15_0.01,0.30,0.703,0.846,0.75,0.75,0.00,90.00,N
,37SPBARFBAN8KMIL1YUI5$,BPS-INNERWALL_3_0.01_0.15_0.01,0.30,0.703,0.846,0.75,0.75,270.00,90.00,W
,2Z8PHHOG136BWV864RSEEV,BPS-INNERWALL_3_0.01_0.15_0.01,0.30,0.703,0.846,0.75,0.75,180.00,90.00,S
,09U4FUYPVBXVYG_CBQHMBR,BPS-INNERWALL_3_0.01_0.15_0.01,0.30,0.703,0.846,0.75,0.75,180.00,90.00,S
,2RDY0CTSR9KHILD6JJJTTQ,BPS-INNERWALL_3_0.01_0.15_0.01,0.30,0.703,0.846,0.75,0.75,0.00,90.00,N
,21QZTY6RT3BUJEM48VKCU1,BPS-INNERWALL_3_0.01_0.15_0.01,0.30,0.703,0.846,0.75,0.75,270.00,90.00,W
,3TP6Q03MV6LFHV9MIIS1ZS,BPS-INNERWALL_3_0.01_0.15_0.01,0.30,0.703,0.846,0.88,0.88,180.00,90.00,S
,2VNQXW82R43WBKFAQPZGTY,BPS-INNERWALL_3_0.01_0.15_0.01,0.30,0.703,0.846,0.75,0.75,270.00,90.00,W
,02Z_X3XGNDPOHS5WPKSGG2,BPS-INNERWALL_3_0.01_0.15_0.01,0.30,0.703,0.846,0.75,0.75,180.00,90.00,S
,2EJYC9EZD5UPGOBTO$6W9S,BPS-INNERWALL_3_0.01_0.15_0.01,0.30,0.703,0.846,0.07,0.07,0.00,90.00,N
,2I2HT8HN144FPFLHJZEFVX,BPS-INNERWALL_3_0.01_0.15_0.01,0.30,0.703,0.846,0.88,0.88,180.00,90.00,S
,1Q5HCE_WR3MUWY1FEQYHI5,BPS-INNERWALL_3_0.01_0.15_0.01,0.30,0.703,0.846,0.12,0.12,0.00,90.00,N
,0JPMZWFGL47H8GGB29EWJJ,BPS-INNERWALL_3_0.01_0.15_0.01,0.30,0.703,0.846,0.88,0.88,180.00,90.00,S
,24WF9XXE5AYAMI4UJGRMC3,BPS-INNERWALL_3_0.01_0.15_0.01,0.30,0.703,0.846,0.88,0.88,0.00,90.00,N
,2URZIRTDH3UHZSU2FZG_BV,BPS-INNERWALL_3_0.01_0.15_0.01,0.30,0.703,0.846,0.75,0.75,270.00,90.00,W
,2IMTKIPGN86WLQ9CVSQGT7,BPS-INNERWALL_3_0.01_0.15_0.01,0.30,0.703,0.846,8.58,6.80,90.00,90.00,E
,2ZIOWPE0D6CQPMTSOXABKB,BPS-INNERWALL_3_0.01_0.15_0.01,0.30,0.703,0.846,0.88,0.88,0.00,90.00,N
,24AF2A16LAZG64MHASHWLE,BPS-INNERFLOOR_3_0.04_0.06_0.16,0.30,0.542,0.623,3.44,3.44,0.00,90.00,N
,13XOHLEWXDLGEDK9T5A5EP,BPS-INNERWALL_3_0.01_0.15_0.01,0.30,0.703,0.846,0.12,0.12,180.00,90.00,S
,2VRHD0OKR3TWK_TB4XWR61,BPS-INNERWALL_3_0.01_0.15_0.01,0.30,0.703,0.846,0.75,0.75,0.00,90.00,N
,0VTEV0VUN2HXS_2U6NVWH5,BPS-INNERWALL_3_0.01_0.15_0.01,0.30,0.703,0.846,0.75,0.75,90.00,90.00,E
,0T2WASYTD5B9AS_ECRC1RV,BPS-INNERWALL_3_0.01_0.15_0.01,0.30,0.703,0.846,0.75,0.75,270.00,90.00,W
,2JJDGJM09BFVDYA8UTIUHK,BPS-INNERWALL_3_0.01_0.15_0.01,0.30,0.703,0.846,0.75,0.75,0.00,90.00,N
,0HG$FMQTX7HURKG1WH7YDJ,BPS-INNERWALL_3_0.01_0.15_0.01,0.30,0.703,0.846,0.53,0.53,0.00,90.00,N
,0AC7F89S13MRTZTVRCERZF,BPS-INNERWALL_3_0.01_0.15_0.01,0.30,0.703,0.846,23.97,21.75,0.00,90.00,N
,3LG2S5BE9CYPD$KIUDXSQ3,BPS-INNERWALL_3_0.01_0.15_0.01,0.30,0.703,0.846,48.65,45.40,180.00,90.00,S
,1MM08UXPH9Q9QGXVN83WB5,BPS-INNERWALL_3_0.01_0.15_0.01,0.30,0.703,0.846,0.15,0.15,0.00,90.00,N
,170TRDW6HEZBILDW2QSCD0,BPS-INNERFLOOR_3_0.04_0.06_0.16,0.30,0.542,0.623,1.69,1.69,0.00,90.00,N
,14SPWZWF5ADEPZ4T3HFSPN,BPS-INNERWALL_3_0.01_0.15_0.01,0.30,0.703,0.846,0.12,0.12,270.00,90.00,W
,0CGJT57N55VV6HJECONQQK,BPS-INNERFLOOR_3_0.04_0.06_0.16,0.30,0.542,0.623,1.34,1.34,90.00,90.00,E
,3EF0G5WZX9BO5FSAQJZS2Z,BPS-INNERWALL_3_0.01_0.15_0.01,0.30,0.703,0.846,0.01,0.01,90.00,90.00,E
,3QGL$SIGPAFAJPGWLPMFUM,BPS-INNERWALL_3_0.01_0.15_0.01,0.30,0.703,0.846,23.97,21.75,0.00,90.00,N
,1PIMH$SQF8DXRVW9KR$YMR,BPS-INNERWALL_3_0.01_0.15_0.01,0.30,0.703,0.846,0.52,0.52,180.00,90.00,S
,1MODJKRBHAHQ8LIHFKJKOM,BPS-INNERWALL_3_0.01_0.15_0.01,0.30,0.703,0.846,9.80,9.80,0.00,90.00,N
,1IQY0J$ER83Q9WPV$VYC3U,BPS-INNERWALL_3_0.01_0.15_0.01,0.30,0.703,0.846,6.47,4.70,90.00,90.00,E
,2I7G39H0970QPJZPFFNGFF,BPS-INNERWALL_3_0.01_0.15_0.01,0.30,0.703,0.846,0.53,0.53,180.00,90.00,S
,1TPZYWV0H5$VQ9_NQMAD79,BPS-INNERWALL_3_0.01_0.15_0.01,0.30,0.703,0.846,18.73,18.73,270.00,90.00,W
,0DWLPZTB1DTPG9LQXB6KHL,BPS-INNERWALL_3_0.01_0.15_0.01,0.30,0.703,0.846,3.84,1.61,90.00,90.00,E
,1OO0FDG0NFI9QMKUSMYLNT,BPS-INNERWALL_3_0.01_0.15_0.01,0.30,0.703,0.846,6.48,4.70,270.00,90.00,W
,2W_VK2$Y55ZPN8SZTLC5NI,BPS-INNERWALL_3_0.01_0.15_0.01,0.30,0.703,0.846,23.80,21.57,0.00,90.00,N
,36DZFKY5HD1G$FJZAAT7NP,BPS-INNERWALL_3_0.01_0.15_0.01,0.30,0.703,0.846,0.53,0.53,0.00,90.00,N
,3AL9P75MN1REWLDJPEYDWD,BPS-INNERWALL_3_0.01_0.15_0.01,0.30,0.703,0.846,0.53,0.53,90.00,90.00,E
,10RAUSYYT9HG3NMJJBOXOQ,BPS-INNERWALL_3_0.01_0.15_0.01,0.30,0.703,0.846,4.41,2.18,180.00,90.00,S
,3UF_V4DOP8CE6BNHIKYBRG,BPS-INNERWALL_3_0.01_0.15_0.01,0.30,0.703,0.846,0.52,0.52,90.00,90.00,E
,2DDNTJL6F5GURL4JD2HUZF,BPS-INNERWALL_3_0.01_0.15_0.01,0.30,0.703,0.846,0.53,0.53,180.00,90.00,S
,19W9TJ0D97LWLC_DAH5LC_,BPS-INNERWALL_3_0.01_0.15_0.01,0.30,0.703,0.846,0.52,0.52,0.00,90.00,N
,1MPE2EBBN5UR6DESKNG15T,BPS-INNERWALL_3_0.01_0.15_0.01,0.30,0.703,0.846,23.98,21.75,0.00,90.00,N
,05TQNKGLJ1N8WWWZCJ9TN8,BPS-INNERWALL_3_0.01_0.15_0.01,0.30,0.703,0.846,0.88,0.88,180.00,90.00,S
,2MD7AXMSV7ZW9C0V0UPGZL,BPS-INNERWALL_3_0.01_0.15_0.01,0.30,0.703,0.846,0.12,0.12,0.00,90.00,N
,17N94NTML6$WG$GIWXEQ3N,BPS-INNERWALL_3_0.01_0.15_0.01,0.30,0.703,0.846,13.13,13.13,0.00,90.00,N
,3JSOL55MD1TUWINWRYYRRU,BPS-INNERWALL_3_0.01_0.15_0.01,0.30,0.703,0.846,0.75,0.75,90.00,90.00,E
,2_I99EOJ11NENQ$GTFFI5F,BPS-INNERWALL_3_0.01_0.15_0.01,0.30,0.703,0.846,0.07,0.07,180.00,90.00,S
,1ASQKQLW138ANETFNGGMEA,BPS-INNERWALL_3_0.01_0.15_0.01,0.30,0.703,0.846,0.53,0.53,0.00,90.00,N
,0VHXOUJBTAKHCO3MBTERWN,BPS-INNERWALL_3_0.01_0.15_0.01,0.30,0.703,0.846,1.40,1.40,270.00,90.00,W
,2O2FBYW5B7BEL2YXKSHN2V,BPS-INNERWALL_3_0.01_0.15_0.01,0.30,0.703,0.846,14.18,11.95,90.00,90.00,E
,0JSAHNUWZ6DFAWBZII$AAX,BPS-INNERWALL_3_0.01_0.15_0.01,0.30,0.703,0.846,0.03,0.03,270.00,0.00,
,1HM9D0YLF0WAGERU0$EQED,BPS-INNERWALL_3_0.01_0.15_0.01,0.30,0.703,0.846,0.88,0.88,180.00,90.00,S
,3PO9FEAEBDPRDZSAK41BDO,BPS-INNERWALL_3_0.01_0.15_0.01,0.30,0.703,0.846,23.98,21.75,0.00,90.00,N
,1W4GWV8KNFRONKDUXEWRQE,BPS-INNERWALL_3_0.01_0.15_0.01,0.30,0.703,0.846,0.07,0.07,0.00,90.00,N
,05H8ANIP1CJGGSM7F3DM9Q,BPS-INNERWALL_3_0.01_0.15_0.01,0.30,0.703,0.846,18.90,18.90,270.00,90.00,W
,1K52NNSE1DFUIGJLPRFICN,BPS-INNERWALL_3_0.01_0.15_0.01,0.30,0.703,0.846,18.76,18.76,0.00,90.00,N
,34YHPLMXR8QAO$HQKX6OSN,BPS-INNERWALL_3_0.01_0.15_0.01,0.30,0.703,0.846,1.40,1.40,90.00,90.00,E
,2JS3HHDEN9HPZWPUKAAKRF,BPS-INNERWALL_3_0.01_0.15_0.01,0.30,0.703,0.846,0.88,0.88,180.00,90.00,S
,0E$UAZVYN9OHCLLBRQVOHL,BPS-INNERWALL_3_0.01_0.15_0.01,0.30,0.703,0.846,0.88,0.88,270.00,90.00,W
,29K8WXU7X4MPWW6W_PNB9X,BPS-INNERWALL_3_0.01_0.15_0.01,0.30,0.703,0.846,23.80,21.57,0.00,90.00,N
,3K$KO2H2LC_V49JPTSLLOQ,BPS-INNERWALL_3_0.01_0.15_0.01,0.30,0.703,0.846,0.75,0.75,270.00,90.00,W
,1VUMM32M59LBPWCP0X5PRF,BPS-INNERWALL_3_0.01_0.15_0.01,0.30,0.703,0.846,0.75,0.75,180.00,90.00,S
,23LBOPQC9FLW3ZGTC$A$VY,BPS-INNERWALL_3_0.01_0.15_0.01,0.30,0.703,0.846,23.63,21.35,180.00,90.00,S
,0YZ8EUTZT9IETIB8CQE$M5,BPS-INNERWALL_3_0.01_0.15_0.01,0.30,0.703,0.846,0.88,0.88,180.00,90.00,S
,0R0CG$0PTBJAP8M44VKJQ9,BPS-INNERWALL_3_0.01_0.15_0.01,0.30,0.703,0.846,0.52,0.52,180.00,90.00,S
,0DSOUU_RF2AVZK7TMQPMZP,BPS-INNERWALL_3_0.01_0.15_0.01,0.30,0.703,0.846,0.52,0.52,0.00,90.00,N
,23SCOXQKB6N8KEI_YJXAYI,BPS-INNERWALL_3_0.01_0.15_0.01,0.30,0.703,0.846,9.80,9.80,0.00,90.00,N
,0BUS0J3ST8XXL0CM3MR1YW,BPS-INNERWALL_3_0.01_0.15_0.01,0.30,0.703,0.846,0.88,0.88,270.00,90.00,W
,0PYH7HWBX8CHCCAP2DCO0U,BPS-INNERWALL_3_0.01_0.15_0.01,0.30,0.703,0.846,4.38,2.15,180.00,90.00,S
,08H_ZU4QZ7HRGUSAYQO4YK,BPS-INNERWALL_3_0.01_0.15_0.01,0.30,0.703,0.846,0.52,0.52,180.00,90.00,S
,2NX4AC4CBC4B1JTFHJYF3M,BPS-INNERWALL_3_0.01_0.15_0.01,0.30,0.703,0.846,23.98,21.75,180.00,90.00,S
,0ZRR8XXIZA6A7KZG1GBYG_,BPS-INNERWALL_3_0.01_0.15_0.01,0.30,0.703,0.846,0.53,0.53,180.00,90.00,S
,1LDF2NW0R8ORS5SLLIKMAS,BPS-INNERWALL_3_0.01_0.15_0.01,0.30,0.703,0.846,48.48,44.02,180.00,90.00,S
,14FVS45ILCW8TINMSRM5$V,BPS-INNERFLOOR_3_0.04_0.06_0.16,0.30,0.542,0.623,1.34,1.34,270.00,90.00,W
,3NHUT3PARFWBRP9B0O7MIS,BPS-INNERWALL_3_0.01_0.15_0.01,0.30,0.703,0.846,0.15,0.15,180.00,90.00,S
,265REVFIP7VQHQNARNP2MQ,BPS-INNERFLOOR_3_0.04_0.06_0.16,0.30,0.542,0.623,2.06,2.06,0.00,90.00,N
,1DXGK8SYB0O95NXNWZMYQQ,BPS-INNERFLOOR_3_0.04_0.06_0.16,0.30,0.542,0.623,2.06,2.06,180.00,90.00,S
,1QOY_RWLN3SPRHPFW4CGVR,BPS-INNERWALL_3_0.01_0.15_0.01,0.30,0.703,0.846,0.75,0.75,270.00,90.00,W
,3NKT8GLAXEZFACXCVGDXKU,BPS-INNERWALL_3_0.01_0.15_0.01,0.30,0.703,0.846,0.12,0.12,90.00,90.00,E
,0ZSFSBB9R85WUPGFP5KCLY,BPS-INNERWALL_3_0.01_0.15_0.01,0.30,0.703,0.846,0.75,0.75,180.00,90.00,S
,21C70VUBT4WEDLGFXYECSL,BPS-INNERWALL_3_0.01_0.15_0.01,0.30,0.703,0.846,0.23,0.23,0.00,90.00,N
,18LSH4MKD0QGSJ6U79E4CX,BPS-INNERWALL_3_0.01_0.15_0.01,0.30,0.703,0.846,0.12,0.12,180.00,90.00,S
,1JN2XKAOF0QPP$GGSW6JLE,BPS-INNERWALL_3_0.01_0.15_0.01,0.30,0.703,0.846,0.52,0.52,270.00,90.00,W
,0XETS$PJBEWXLXPIZMJZWL,BPS-INNERWALL_3_0.01_0.15_0.01,0.30,0.703,0.846,0.88,0.88,0.00,90.00,N
,1ROZXVNOH71RHW8RZ2FJYS,BPS-INNERWALL_3_0.01_0.15_0.01,0.30,0.703,0.846,0.12,0.12,0.00,90.00,N
,3GTOLPSEJENQOOAMT84AX6,BPS-INNERWALL_3_0.01_0.15_0.01,0.30,0.703,0.846,0.75,0.75,0.00,90.00,N
,1YTXV$_6XDZXOC3JDLBLPW,BPS-INNERWALL_3_0.01_0.15_0.01,0.30,0.703,0.846,0.12,0.12,270.00,90.00,W
,2J1RSWYWXBGEFPNYDZZDH5,BPS-INNERWALL_3_0.01_0.15_0.01,0.30,0.703,0.846,0.75,0.75,0.00,90.00,N
,3ZY5SCP5T7BEQ0HBBBW8TG,BPS-INNERWALL_3_0.01_0.15_0.01,0.30,0.703,0.846,0.88,0.88,90.00,90.00,E
,3$JVE4R3B0AAAUVYXSOZNC,BPS-INNERWALL_3_0.01_0.15_0.01,0.30,0.703,0.846,0.88,0.88,0.00,90.00,N
,2PYGLIXGXE$QP1KDQCCG3Z,BPS-INNERWALL_3_0.01_0.15_0.01,0.30,0.703,0.846,0.12,0.12,90.00,90.00,E
,0YZGM98EP0UGCPOKH9ITXP,BPS-INNERWALL_3_0.01_0.15_0.01,0.30,0.703,0.846,0.70,0.70,0.00,90.00,N
,1DUDBLHLNFW8WIVLTGSZRD,BPS-INNERWALL_3_0.01_0.15_0.01,0.30,0.703,0.846,0.09,0.09,270.00,90.00,W
,3FN7FCWLR6BE91GJUCFHB9,BPS-INNERWALL_3_0.01_0.15_0.01,0.30,0.703,0.846,0.53,0.53,270.00,90.00,W
,2XLFBBA0V7QGPTYM3PD1SL,BPS-INNERWALL_3_0.01_0.15_0.01,0.30,0.703,0.846,0.75,0.75,270.00,90.00,W
,1X7NUU$GJ33VTLN5QZ1ZWS,BPS-INNERWALL_3_0.01_0.15_0.01,0.30,0.703,0.846,0.75,0.75,0.00,90.00,N
,38NRTMPUZ2LWDEA6QWJ6AP,BPS-INNERWALL_3_0.01_0.15_0.01,0.30,0.703,0.846,0.75,0.75,90.00,90.00,E
,12GKHC0WJ7BGMU31AVAPNX,BPS-INNERWALL_3_0.01_0.15_0.01,0.30,0.703,0.846,4.11,4.11,270.00,90.00,W
,0Q5RMUORV9EF1H114OIAGK,BPS-INNERWALL_3_0.01_0.15_0.01,0.30,0.703,0.846,0.75,0.75,180.00,90.00,S
,2E9KD9VET2SRVKMY6$NLPP,BPS-INNERFLOOR_3_0.04_0.06_0.16,0.30,0.542,0.623,1.69,1.69,180.00,90.00,S
,0EIH6DXHXB68BYOE58PXWY,BPS-INNERWALL_3_0.01_0.15_0.01,0.30,0.703,0.846,0.75,0.75,90.00,90.00,E
,2P1QGNBXVBEWJRRRR3WKPU,BPS-INNERWALL_3_0.01_0.15_0.01,0.30,0.703,0.846,0.75,0.75,90.00,90.00,E
,2L4EINRONAKPB9TWK4EEP9,BPS-INNERWALL_3_0.01_0.15_0.01,0.30,0.703,0.846,23.62,23.62,180.00,90.00,S
,1N3CZQCWZ6ZFB0G7UCU2OS,BPS-INNERWALL_3_0.01_0.15_0.01,0.30,0.703,0.846,14.18,11.95,270.00,90.00,W
,0XHOXSEBZ1ZA66EBJHHHFI,BPS-INNERWALL_3_0.01_0.15_0.01,0.30,0.703,0.846,0.75,0.75,270.00,90.00,W
,1GGDGT3AT26G945BRA7K0E,BPS-INNERWALL_3_0.01_0.15_0.01,0.30,0.703,0.846,0.12,0.12,0.00,90.00,N
,31VQLRYLZ6T8C5PLK$9RR6,BPS-INNERWALL_3_0.01_0.15_0.01,0.30,0.703,0.846,0.53,0.53,0.00,90.00,N
,2GW1PHEV9DAQUFCYDDRF7P,BPS-INNERWALL_3_0.01_0.15_0.01,0.30,0.703,0.846,0.52,0.52,180.00,90.00,S
,0ENTHTFLV6PO5FTU75PFWD,BPS-INNERWALL_3_0.01_0.15_0.01,0.30,0.703,0.846,0.53,0.53,90.00,90.00,E
,2WWA1ZYU98DPGSZRSVFF$_,BPS-INNERWALL_3_0.01_0.15_0.01,0.30,0.703,0.846,0.88,0.88,0.00,90.00,N
,0BRE42B499QUSHLRTR8YLY,BPS-INNERWALL_3_0.01_0.15_0.01,0.30,0.703,0.846,9.80,9.80,0.00,90.00,N
,3HH8BFS41BLE34HWWSS2A$,BPS-INNERWALL_3_0.01_0.15_0.01,0.30,0.703,0.846,0.01,0.01,270.00,90.00,W
,0ZBH$6Q69E9XFTOBSJXE0N,BPS-INNERWALL_3_0.01_0.15_0.01,0.30,0.703,0.846,0.75,0.75,0.00,90.00,N
,1VE3UTJ9XFBRHOXTBPUYMW,BPS-INNERWALL_3_0.01_0.15_0.01,0.30,0.703,0.846,0.23,0.23,180.00,90.00,S
,0U28YXOI5DEPZFDN6U4U$$,BPS-INNERWALL_3_0.01_0.15_0.01,0.30,0.703,0.846,0.88,0.88,180.00,90.00,S
,277GWQSED9_GPKYNSQKAUO,BPS-INNERWALL_3_0.01_0.15_0.01,0.30,0.703,0.846,0.75,0.75,90.00,90.00,E
,0XTFV$RS14WVOLT8EDHSM1,BPS-INNERFLOOR_3_0.04_0.06_0.16,0.30,0.542,0.623,1.34,1.34,270.00,90.00,W
,1EPOPAM6X0RWRQGFCIERP7,BPS-INNERWALL_3_0.01_0.15_0.01,0.30,0.703,0.846,0.15,0.15,0.00,90.00,N
,3QWBBEL1TFPOGNH6ZIXFVN,BPS-INNERWALL_3_0.01_0.15_0.01,0.30,0.703,0.846,4.20,4.20,90.00,90.00,E
,31L08EAEP04GNISBFWMNUX,BPS-INNERWALL_3_0.01_0.15_0.01,0.30,0.703,0.846,13.12,13.12,0.00,90.00,N
,3OAG4O5EP0S8ZHLODKHMBQ,BPS-INNERWALL_3_0.01_0.15_0.01,0.30,0.703,0.846,0.75,0.75,180.00,90.00,S
,1YENZI9BH7QVON7ZJ5TJ03,BPS-INNERWALL_3_0.01_0.15_0.01,0.30,0.703,0.846,0.75,0.75,270.00,90.00,W
,3IRVSUR4V57EMQF5PWEOAB,BPS-INNERWALL_3_0.01_0.15_0.01,0.30,0.703,0.846,0.35,0.35,0.00,90.00,N
,2NRIBFA05FUH9J8ZROGFLK,BPS-INNERWALL_3_0.01_0.15_0.01,0.30,0.703,0.846,0.88,0.88,180.00,90.00,S
,1RSBD7Y4FE_84TBH9836A2,BPS-INNERWALL_3_0.01_0.15_0.01,0.30,0.703,0.846,0.52,0.52,0.00,90.00,N
,3S2FSSRBBAQFB7XDQXH8HP,BPS-INNERWALL_3_0.01_0.15_0.01,0.30,0.703,0.846,19.26,19.26,90.00,90.00,E
,0UGKJLMWF1I9ZCDIGACAS4,BPS-INNERWALL_3_0.01_0.15_0.01,0.30,0.703,0.846,0.23,0.23,180.00,90.00,S
,0CVX1COFB1OUOJRNSV451T,BPS-INNERWALL_3_0.01_0.15_0.01,0.30,0.703,0.846,0.53,0.53,270.00,90.00,W
,1UUHW$WD595V4DLCXIRTX7,BPS-INNERWALL_3_0.01_0.15_0.01,0.30,0.703,0.846,0.88,0.88,180.00,90.00,S
,1WZXKWIYBAAAZWHRPLTVBZ,BPS-INNERWALL_3_0.01_0.15_0.01,0.30,0.703,0.846,0.88,0.88,90.00,90.00,E
,3K_OUINDT5BPA0TG3SP8RM,BPS-INNERWALL_3_0.01_0.15_0.01,0.30,0.703,0.846,0.75,0.75,270.00,90.00,W
,3M5ZQF18XCAR8NS1T5IGBF,BPS-INNERWALL_3_0.01_0.15_0.01,0.30,0.703,0.846,0.75,0.75,90.00,90.00,E
,2XOSOEX3V2IAB89$FJWDMC,BPS-INNERWALL_3_0.01_0.15_0.01,0.30,0.703,0.846,0.75,0.75,270.00,90.00,W
,2_ZCKQQSRDDVZWS6NJ2DQC,BPS-INNERWALL_3_0.01_0.15_0.01,0.30,0.703,0.846,0.53,0.53,270.00,90.00,W
,1SOUNQGDN7KGNEUHEDW4Z6,BPS-INNERWALL_3_0.01_0.15_0.01,0.30,0.703,0.846,0.53,0.53,0.00,90.00,N
,0N7XSEWT1BP93Q43ZAP8$N,BPS-INNERWALL_3_0.01_0.15_0.01,0.30,0.703,0.846,0.88,0.88,0.00,90.00,N
,2R_WGEL7FDFEKUVV6CKME$,BPS-INNERWALL_3_0.01_0.15_0.01,0.30,0.703,0.846,0.75,0.75,180.00,90.00,S
,3WCUKK4I523AFJJNHOU8M1,BPS-INNERWALL_3_0.01_0.15_0.01,0.30,0.703,0.846,0.75,0.75,90.00,90.00,E
,3DGBUAABD3I8HBIMOXIV0U,BPS-INNERWALL_3_0.01_0.15_0.01,0.30,0.703,0.846,17.57,17.57,0.00,90.00,N
,0BM4AMVIF1RU0PEZROAIIO,BPS-INNERWALL_3_0.01_0.15_0.01,0.30,0.703,0.846,23.62,21.35,180.00,90.00,S
,0GLWVHQUVEPV8HWUTIYOAY,BPS-INNERWALL_3_0.01_0.15_0.01,0.30,0.703,0.846,17.57,17.57,180.00,90.00,S
,1WT$D_2DR6JF1D7RHVDI3O,BPS-INNERWALL_3_0.01_0.15_0.01,0.30,0.703,0.846,0.75,0.75,180.00,90.00,S
,1DO6ZK3CT1PFWNUNGZJP1C,BPS-INNERWALL_3_0.01_0.15_0.01,0.30,0.703,0.846,18.67,18.67,0.00,90.00,N
,1HUZFSOFZFKVQTZSHB3HMX,BPS-INNERWALL_3_0.01_0.15_0.01,0.30,0.703,0.846,0.53,0.53,180.00,90.00,S
,0KTCHCIF16J8I_I6_7GGZG,BPS-INNERWALL_3_0.01_0.15_0.01,0.30,0.703,0.846,0.88,0.88,270.00,90.00,W
,1I$21ODPR9383CKE0TOU2M,BPS-INNERWALL_3_0.01_0.15_0.01,0.30,0.703,0.846,0.70,0.70,0.00,90.00,N
,2MIYB1TDD8ZBX$ZTIJR_CQ,BPS-INNERFLOOR_3_0.04_0.06_0.16,0.30,0.542,0.623,1.69,1.69,0.00,90.00,N
,1U5K$JQTZ3QGG0JKHEDPSK,BPS-INNERWALL_3_0.01_0.15_0.01,0.30,0.703,0.846,0.88,0.88,180.00,90.00,S
,2IBAW7S7T1AUA1DR_GCAMP,BPS-INNERWALL_3_0.01_0.15_0.01,0.30,0.703,0.846,0.88,0.88,0.00,90.00,N
,2ZRWGYYWLEDWVHCZDQHFWM,BPS-INNERWALL_3_0.01_0.15_0.01,0.30,0.703,0.846,0.12,0.12,270.00,90.00,W
,0EEQNIF11BL8BQ5RUZJBFV,BPS-INNERWALL_3_0.01_0.15_0.01,0.30,0.703,0.846,0.88,0.88,0.00,90.00,N
,3GHNL6FLDENPGFL1WPV5GD,BPS-INNERWALL_3_0.01_0.15_0.01,0.30,0.703,0.846,0.88,0.88,270.00,90.00,W
,126XYWGOBDKFY7GPLTIOTO,BPS-INNERWALL_3_0.01_0.15_0.01,0.30,0.703,0.846,0.52,0.52,180.00,90.00,S
,3ULGGMYVTESPMA9MSHEJAQ,BPS-INNERWALL_3_0.01_0.15_0.01,0.30,0.703,0.846,13.13,13.13,0.00,90.00,N
,10ISSV59FDKBX0UC5YIOWL,BPS-INNERWALL_3_0.01_0.15_0.01,0.30,0.703,0.846,9.80,9.80,0.00,90.00,N
,10NZZ$EZX1KFWFWUFL_R$L,BPS-INNERWALL_3_0.01_0.15_0.01,0.30,0.703,0.846,0.88,0.88,90.00,90.00,E
,0OS0LK58V2UHYAYBG_0T1L,BPS-INNERWALL_3_0.01_0.15_0.01,0.30,0.703,0.846,0.75,0.75,90.00,90.00,E
,0RQQQCC2X5XWFH4KQGPPTQ,BPS-INNERWALL_3_0.01_0.15_0.01,0.30,0.703,0.846,0.75,0.75,90.00,90.00,E
,0HSJXRQONALQVG86HANP$S,BPS-INNERWALL_3_0.01_0.15_0.01,0.30,0.703,0.846,0.88,0.88,0.00,90.00,N
,2CJCGF44P0X8$2XVRE4TAR,BPS-INNERWALL_3_0.01_0.15_0.01,0.30,0.703,0.846,48.65,44.19,180.00,90.00,S
,2PW4YMY_X4YV9IJW48JRZG,BPS-INNERWALL_3_0.01_0.15_0.01,0.30,0.703,0.846,0.12,0.12,0.00,90.00,N
,0NFISUAMX9PEDBHEKLRKNM,BPS-INNERWALL_3_0.01_0.15_0.01,0.30,0.703,0.846,0.75,0.75,270.00,90.00,W
,1PVJKHBCJ9JAHOP3HVYF1J,BPS-INNERWALL_3_0.01_0.15_0.01,0.30,0.703,0.846,8.58,6.80,270.00,90.00,W
,1_OZMC4FVD8P_R$OAZDMHZ,BPS-INNERWALL_3_0.01_0.15_0.01,0.30,0.703,0.846,23.62,23.62,180.00,90.00,S
,1XIWQXFSJ8THQZK2SYEC1J,BPS-INNERWALL_3_0.01_0.15_0.01,0.30,0.703,0.846,0.88,0.88,180.00,90.00,S
,35SJTSJYDFYXOYX7OGMZ4P,BPS-INNERWALL_3_0.01_0.15_0.01,0.30,0.703,0.846,13.81,11.59,90.00,90.00,E
,3CZZJCLYRFZ8SEZQ8UAHKW,BPS-INNERWALL_3_0.01_0.15_0.01,0.30,0.703,0.846,0.12,0.12,0.00,90.00,N
,2AS7AZ5CV2FX20SWRGRORO,BPS-INNERWALL_3_0.01_0.15_0.01,0.30,0.703,0.846,0.15,0.15,180.00,90.00,S
,0LGBAQ2RP8CEAC9YPQ$ONX,BPS-INNERWALL_3_0.01_0.15_0.01,0.30,0.703,0.846,23.97,21.75,180.00,90.00,S
,2CRSFRHKZ2EFNYZNN5R5FY,BPS-INNERWALL_3_0.01_0.15_0.01,0.30,0.703,0.846,3.84,1.61,270.00,90.00,W
,006W$XSMF7Z9X7W52KFVTL,BPS-INNERWALL_3_0.01_0.15_0.01,0.30,0.703,0.846,0.52,0.52,0.00,90.00,N
,0XSPZCQ9D99XXNK3ZGIVTL,BPS-INNERWALL_3_0.01_0.15_0.01,0.30,0.703,0.846,23.98,21.75,180.00,90.00,S
,3VL1NGDJHEAROSVA16M0E5,BPS-INNERWALL_3_0.01_0.15_0.01,0.30,0.703,0.846,1.40,1.40,90.00,90.00,E
,2MGL8W2TT5YBHLL6ZUB8HX,BPS-INNERWALL_3_0.01_0.15_0.01,0.30,0.703,0.846,0.53,0.53,0.00,90.00,N
,37QF4HXMJDZO_ELQ2GLGKN,BPS-INNERWALL_3_0.01_0.15_0.01,0.30,0.703,0.846,0.53,0.53,0.00,90.00,N
,3KGJVJEFP2QEJLL_GYCO7V,BPS-INNERWALL_3_0.01_0.15_0.01,0.30,0.703,0.846,72.98,68.52,0.00,90.00,N
,0_2EOW_IL8WR4UXOK1JTX$,BPS-INNERWALL_3_0.01_0.15_0.01,0.30,0.703,0.846,4.38,2.15,0.00,90.00,N
,25DL7JM2V9TGICBMQ0RAK5,BPS-INNERWALL_3_0.01_0.15_0.01,0.30,0.703,0.846,0.53,0.53,270.00,90.00,W
,26_CRY3AB0TO31CDWETBIV,BPS-INNERWALL_3_0.01_0.15_0.01,0.30,0.703,0.846,0.15,0.15,0.00,90.00,N
,2ZFNVQLV19RFCE33BP2_WW,BPS-INNERWALL_3_0.01_0.15_0.01,0.30,0.703,0.846,0.52,0.52,0.00,90.00,N
,1XE7NGXMX7VWJ_RFIATF7U,BPS-INNERWALL_3_0.01_0.15_0.01,0.30,0.703,0.846,9.45,7.68,90.00,90.00,E
,2BURV3COT9MQEJU5X0DHDC,BPS-INNERWALL_3_0.01_0.15_0.01,0.30,0.703,0.846,1.40,1.40,270.00,90.00,W
,2DI7DNWVFCUVSQ9EBO2FQ2,BPS-INNERWALL_3_0.01_0.15_0.01,0.30,0.703,0.846,0.52,0.52,270.00,90.00,W
,1YMAQZWJL5FAFMFACXP9UF,BPS-INNERWALL_3_0.01_0.15_0.01,0.30,0.703,0.846,0.15,0.15,180.00,90.00,S
,2AKZIJT$LDDQMHXXFE7KAP,BPS-INNERFLOOR_3_0.04_0.06_0.16,0.30,0.542,0.623,0.80,0.80,270.00,90.00,W
,3IDFLSLYL5XVFJDU9DCFFU,BPS-INNERFLOOR_3_0.04_0.06_0.16,0.30,0.542,0.623,0.80,0.80,90.00,90.00,E
,0QZUNOVBDBGQ93H9W7EIUP,BPS-INNERWALL_3_0.01_0.15_0.01,0.30,0.703,0.846,0.88,0.88,0.00,90.00,N
,0AP6H3MNR3MOZYL9$V_DWU,BPS-INNERWALL_3_0.01_0.15_0.01,0.30,0.703,0.846,13.12,13.12,0.00,90.00,N
,28_EBHHTD9XOBW7JZLRMIC,BPS-INNERWALL_3_0.01_0.15_0.01,0.30,0.703,0.846,0.35,0.35,0.00,90.00,N
,3ZZX0ZBFZCE9Y2ZGUO8FYT,BPS-INNERWALL_3_0.01_0.15_0.01,0.30,0.703,0.846,18.90,18.90,90.00,90.00,E
,2GLL7TXBD4XGQADYDSOZYW,BPS-INNERWALL_3_0.01_0.15_0.01,0.30,0.703,0.846,0.12,0.12,90.00,90.00,E
,1JBKQ8OB96CHNMJA5ANZ8Z,BPS-INNERWALL_3_0.01_0.15_0.01,0.30,0.703,0.846,0.12,0.12,180.00,90.00,S
,21RANZ$2JCG9BLS_$6CBLX,BPS-INNERFLOOR_3_0.04_0.06_0.16,0.30,0.542,0.623,3.44,3.44,180.00,90.00,S
,1GFK2MUFZ2WEMBKCLFBPYW,BPS-INNERWALL_3_0.01_0.15_0.01,0.30,0.703,0.846,0.12,0.12,180.00,90.00,S
,3RBUQ31QFDJRELQFZI1U1J,BPS-INNERWALL_3_0.01_0.15_0.01,0.30,0.703,0.846,0.75,0.75,270.00,90.00,W
,1FLOSDMRXFX927XPLN973R,BPS-INNERWALL_3_0.01_0.15_0.01,0.30,0.703,0.846,9.45,7.68,270.00,90.00,W
,1HWEQZ5PXD1EXHBZ81ZDCQ,BPS-INNERWALL_3_0.01_0.15_0.01,0.30,0.703,0.846,13.81,11.59,270.00,90.00,W
,3RK6GFAPF8RBX6WJFZTQV5,BPS-INNERWALL_3_0.01_0.15_0.01,0.30,0.703,0.846,23.63,21.35,180.00,90.00,S
,2PKOGZ7DJ92FTQTMA9HKRC,BPS-INNERWALL_3_0.01_0.15_0.01,0.30,0.703,0.846,6.47,4.70,270.00,90.00,W
,2JD34QHMX82UZHODMK0PJF,BPS-INNERWALL_3_0.01_0.15_0.01,0.30,0.703,0.846,0.88,0.88,90.00,90.00,E
,0Y549UZPV8YG4GK8OIBOUP,BPS-INNERWALL_3_0.01_0.15_0.01,0.30,0.703,0.846,0.70,0.70,0.00,90.00,N
,2JQ334PGXFHAI$KLHD58MP,BPS-INNERWALL_3_0.01_0.15_0.01,0.30,0.703,0.846,0.12,0.12,90.00,90.00,E
,2PFJJE9YPAERNYRC91OUJX,BPS-INNERFLOOR_3_0.04_0.06_0.16,0.30,0.542,0.623,1.34,1.34,90.00,90.00,E
,0CDWBW2XX2TAMJ14CZPIBU,BPS-INNERWALL_3_0.01_0.15_0.01,0.30,0.703,0.846,0.12,0.12,270.00,90.00,W
,0$T9GDRNRCJORBEQWJCWID,BPS-INNERFLOOR_3_0.04_0.06_0.16,0.30,0.542,0.623,1.34,1.34,270.00,90.00,W
,3_CWJ5EUNF$GRCA26Y4XMI,BPS-INNERWALL_3_0.01_0.15_0.01,0.30,0.703,0.846,0.75,0.75,180.00,90.00,S
,22SGBOG9Z5HRGKCSQYLSIA,BPS-INNERWALL_3_0.01_0.15_0.01,0.30,0.703,0.846,0.75,0.75,90.00,90.00,E
,2CEYDVIAP8SQRN_ZDHXG8G,BPS-INNERWALL_3_0.01_0.15_0.01,0.30,0.703,0.846,0.75,0.75,180.00,90.00,S
,3VGVR_IEDAT824NCBTWBUZ,BPS-INNERWALL_3_0.01_0.15_0.01,0.30,0.703,0.846,0.75,0.75,90.00,90.00,E
,0$VMY8SVF3NARAODEA_BPT,BPS-INNERFLOOR_3_0.04_0.06_0.16,0.30,0.542,0.623,1.69,1.69,180.00,90.00,S
,2R5HNYREVFGO4ZWX5PXZMH,BPS-INNERFLOOR_3_0.04_0.06_0.16,0.30,0.542,0.623,1.34,1.34,90.00,90.00,E
,0IMFVSBAR51WVDR9QYEK03,BPS-INNERWALL_3_0.01_0.15_0.01,0.30,0.703,0.846,0.12,0.12,90.00,90.00,E
,3EWQAJ9F18CQDLNRXXGOEL,BPS-INNERWALL_3_0.01_0.15_0.01,0.30,0.703,0.846,0.70,0.70,0.00,90.00,N
,14GJNYMFJ3OPM4GLAGF4JS,BPS-INNERWALL_3_0.01_0.15_0.01,0.30,0.703,0.846,0.88,0.88,270.00,90.00,W
,2YGITUTFVDCWMERITXGRZM,BPS-INNERWALL_3_0.01_0.15_0.01,0.30,0.703,0.846,0.75,0.75,180.00,90.00,S
,2MBE8MXP5869LXZ7CCTVEY,BPS-INNERWALL_3_0.01_0.15_0.01,0.30,0.703,0.846,0.12,0.12,270.00,90.00,W
,14VYMMP_10_B23CJ0QEKLO,BPS-INNERWALL_3_0.01_0.15_0.01,0.30,0.703,0.846,0.88,0.88,0.00,90.00,N
,0SJGMCQMH0K89IJCTJ8WYP,BPS-INNERFLOOR_3_0.04_0.06_0.16,0.30,0.518,0.623,169.00,169.00,0.00,180.00,
,1UAG12Z111V9MFJSLDMBCY,BPS-INNERFLOOR_3_0.04_0.06_0.16,0.30,0.534,0.623,37.17,37.17,0.00,180.00,
,3DZIAP3JL0D9MC43YCUKB_,BPS-INNERFLOOR_3_0.04_0.06_0.16,0.30,0.534,0.623,6.99,6.99,0.00,180.00,
,1FR7QDCZ5ESGJHO0GYHC5L,BPS-INNERFLOOR_3_0.04_0.06_0.16,0.30,0.518,0.623,1.69,1.69,0.00,180.00,
,1MV_Y1QQHBF9R$FXI5HSAC,BPS-INNERFLOOR_3_0.04_0.06_0.16,0.30,0.518,0.623,1.69,1.69,0.00,180.00,
,0ZHXLNP0LD78IZ_LLDSJSD,BPS-INNERFLOOR_3_0.04_0.06_0.16,0.30,0.518,0.623,1.69,1.69,0.00,180.00,
,3KKE7V8S9579HZJGCY$NH_,BPS-INNERFLOOR_3_0.04_0.06_0.16,0.30,0.518,0.623,1.34,1.34,0.00,180.00,
,1XEBDY$1HC1VC_E0QT5IYF,BPS-INNERFLOOR_3_0.04_0.06_0.16,0.30,0.518,0.623,1.69,1.69,0.00,180.00,
,2HHNBHFAV7AAUL00MO5RLQ,BPS-INNERFLOOR_3_0.04_0.06_0.16,0.30,0.518,0.623,1.34,1.34,0.00,180.00,
,2ZH$VKZOF4K9HY1GY0YND3,BPS-INNERFLOOR_3_0.04_0.06_0.16,0.30,0.518,0.623,17.89,17.89,0.00,180.00,
,0CCJHHO5VD5H5XBP6WBBRH,BPS-INNERFLOOR_3_0.04_0.06_0.16,0.30,0.518,0.623,0.23,0.23,0.00,180.00,
,1F4C08NXL9XW7JZJHCKGYV,BPS-INNERFLOOR_3_0.04_0.06_0.16,0.30,0.518,0.623,0.59,0.59,0.00,180.00,
,0MC4GPV8L6EEV9TATPKQT_,BPS-INNERFLOOR_3_0.04_0.06_0.16,0.30,0.518,0.623,0.59,0.59,0.00,180.00,
,2IFTW55MN8YWAIJ3HQ0F5P,BPS-INNERFLOOR_3_0.04_0.06_0.16,0.30,0.518,0.623,0.23,0.23,0.00,180.00,
,0AYYKAJYBBMGLFNJDBIAKA,BPS-INNERFLOOR_3_0.04_0.06_0.16,0.30,0.534,0.623,47.95,47.95,0.00,180.00,
,3SOXO$81H3UUWNDONFH7XX,BPS-INNERFLOOR_3_0.04_0.06_0.16,0.30,0.518,0.623,0.16,0.16,0.00,180.00,
,3IWZN1XEL8BRQSORJ7JRIY,BPS-INNERFLOOR_3_0.04_0.06_0.16,0.30,0.534,0.623,6.61,6.61,0.00,180.00,
,1_6YMQFMP89AIVST5I$$MW,BPS-INNERFLOOR_3_0.04_0.06_0.16,0.30,0.518,0.623,0.30,0.30,0.00,180.00,
,0OE0NWTXX1_9LAOJGP7GV9,BPS-INNERFLOOR_3_0.04_0.06_0.16,0.30,0.534,0.623,4.66,4.66,0.00,180.00,
,1_K60UZDP2ZFCVHIN5H3EZ,BPS-INNERFLOOR_3_0.04_0.06_0.16,0.30,0.518,0.623,1.35,1.35,0.00,180.00,
,1WF8EFO3D9KPCD63N6CLYD,BPS-INNERFLOOR_3_0.04_0.06_0.16,0.30,0.534,0.623,37.70,37.70,0.00,180.00,
,0ITYQSSI5AQEN0GG29YKVC,BPS-INNERFLOOR_3_0.04_0.06_0.16,0.30,0.518,0.623,0.03,0.03,0.00,180.00,
,3ZHB_TOYN6AEHGN4BWGZDK,BPS-INNERFLOOR_3_0.04_0.06_0.16,0.30,0.518,0.623,0.03,0.03,0.00,180.00,
,1M7VAHLFX85O4VYRR346H7,BPS-INNERFLOOR_3_0.04_0.06_0.16,0.30,0.534,0.623,4.66,4.66,0.00,180.00,
,1MDFQTA$BF_ACTNJBEF6VF,BPS-INNERFLOOR_3_0.04_0.06_0.16,0.30,0.518,0.623,1.35,1.35,0.00,180.00,
,2_HNT5G$H39UPRPIFQBNGN,BPS-INNERFLOOR_3_0.04_0.06_0.16,0.30,0.534,0.623,1.41,1.41,0.00,180.00,
,2BWA2$THTD1VUI0M6BFL4E,BPS-INNERFLOOR_3_0.04_0.06_0.16,0.30,0.518,0.623,2.24,2.24,0.00,180.00,
,1ZE0OEGJT06GENZ_2N2I3J,BPS-INNERFLOOR_3_0.04_0.06_0.16,0.30,0.534,0.623,1.41,1.41,0.00,180.00,
,1BZ5WCPHD7V8TE11A58TTW,BPS-INNERFLOOR_3_0.04_0.06_0.16,0.30,0.534,0.623,6.39,6.39,0.00,180.00,
,05QKZH8UZCPOMOTTVCYXRW,BPS-INNERFLOOR_3_0.04_0.06_0.16,0.30,0.534,0.623,0.33,0.33,0.00,180.00,
,3RS1OKNJR3KBJANG6I$0G8,BPS-INNERFLOOR_3_0.04_0.06_0.16,0.30,0.518,0.623,1.03,1.03,0.00,180.00,
,0JONMJ3YBCTEFQDH1QXM9A,BPS-INNERFLOOR_3_0.04_0.06_0.16,0.30,0.518,0.623,1.03,1.03,0.00,180.00,
,3OCJUK0BZ3HVPKENVQRJG3,BPS-INNERFLOOR_3_0.04_0.06_0.16,0.30,0.518,0.623,0.24,0.24,0.00,180.00,
,19OKMVB1D0_FWX9SWZCML3,BPS-INNERFLOOR_3_0.04_0.06_0.16,0.30,0.518,0.623,0.24,0.24,0.00,180.00,
,30LLFMKUJC1QN5HM_9XUVS,BPS-INNERFLOOR_3_0.04_0.06_0.16,0.30,0.518,0.623,0.24,0.24,0.00,180.00,
,2N7JQGVXZEVEQH4I9PY_VC,BPS-INNERFLOOR_3_0.04_0.06_0.16,0.30,0.518,0.623,0.23,0.23,0.00,180.00,
,2VTU7RTYZAEBPLHYTAIC_E,BPS-INNERFLOOR_3_0.04_0.06_0.16,0.30,0.534,0.623,126.96,126.96,0.00,180.00,
,2KMOOHSKF0OHNLVU1XT0RJ,BPS-INNERFLOOR_3_0.04_0.06_0.16,0.30,0.518,0.623,0.30,0.30,0.00,180.00,
,3RSSGXZYD20AXQ9BB84G0K,BPS-INNERFLOOR_3_0.04_0.06_0.16,0.30,0.534,0.623,6.39,6.39,0.00,180.00,
,2$RVAF_H17GOQ0O12PW89H,BPS-INNERFLOOR_3_0.04_0.06_0.16,0.30,0.518,0.623,1.23,1.23,0.00,180.00,
,1Q8FEMOSB8VPLHY9IWBSTA,BPS-INNERFLOOR_3_0.04_0.06_0.16,0.30,0.518,0.623,0.16,0.16,0.00,180.00,
,1YPOEEWNR32WMUSBURZW4V,BPS-INNERFLOOR_3_0.04_0.06_0.16,0.30,0.518,0.623,1.35,1.35,0.00,180.00,
,2HJJN11YP4JO2J6PQFB72K,BPS-INNERFLOOR_3_0.04_0.06_0.16,0.30,0.550,0.623,1.69,1.69,0.00,0.00,
,32IHNEXNH1JFDZRIIRWLJC,BPS-INNERFLOOR_3_0.04_0.06_0.16,0.30,0.534,0.623,36.11,36.11,0.00,0.00,
,0WHMONYAJB3OV9U04TOH7D,BPS-INNERFLOOR_3_0.04_0.06_0.16,0.30,0.534,0.623,36.11,36.11,0.00,0.00,
,1GG5AWOXVFK8PKPJAO4GKE,BPS-INNERFLOOR_3_0.04_0.06_0.16,0.30,0.550,0.623,169.00,169.00,0.00,0.00,
,0QXD5SXZHAWABTKVQNRGTF,BPS-INNERFLOOR_3_0.04_0.06_0.16,0.30,0.534,0.623,76.22,76.22,0.00,0.00,
,2PO1ZWXVZ4XBYC3HCSK5D1,BPS-INNERFLOOR_3_0.04_0.06_0.16,0.30,0.534,0.623,6.33,6.33,0.00,0.00,
,0NDFI_MKB5IWKSQME8G94K,BPS-INNERFLOOR_3_0.04_0.06_0.16,0.30,0.550,0.623,1.69,1.69,0.00,0.00,
,1X5CKHVCP5SOW$4BSBCM9D,BPS-INNERFLOOR_3_0.04_0.06_0.16,0.30,0.550,0.623,1.34,1.34,0.00,0.00,
,0AFIV6VIP0WFATBAADU7NK,BPS-INNERFLOOR_3_0.04_0.06_0.16,0.30,0.550,0.623,1.69,1.69,0.00,0.00,
,2UTHQYOAVEBEOAJOLLZAJQ,BPS-INNERFLOOR_3_0.04_0.06_0.16,0.30,0.550,0.623,1.69,1.69,0.00,0.00,
,2MXAPPMHDENQXT476ZTIQX,BPS-INNERFLOOR_3_0.04_0.06_0.16,0.30,0.550,0.623,0.18,0.18,0.00,0.00,
,2PDWIETLB98GHIDCJH6CFL,BPS-INNERFLOOR_3_0.04_0.06_0.16,0.30,0.550,0.623,0.18,0.18,0.00,0.00,
,1P9MPYV9TARP87U72LEC0L,BPS-INNERFLOOR_3_0.04_0.06_0.16,0.30,0.534,0.623,37.70,37.70,0.00,0.00,
,3LPMFQAP56MRC19XKIK3HV,BPS-INNERFLOOR_3_0.04_0.06_0.16,0.30,0.534,0.623,6.33,6.33,0.00,0.00,
,0ZGNKIM7L3ARN0GHLDHRZQ,BPS-INNERFLOOR_3_0.04_0.06_0.16,0.30,0.550,0.623,1.34,1.34,0.00,0.00,
,02S$N9VQB1OR8BNROZWXMV,BPS-INNERFLOOR_3_0.04_0.06_0.16,0.30,0.550,0.623,3.95,3.95,0.00,0.00,
,1VHPFT5OXAQRGVGUMQ$HSJ,BPS-INNERWALL_3_0.01_0.15_0.01,0.30,0.703,0.846,41.25,38.91,180.00,90.00,S
,1RCCM2NSRCE9LSKIDABOE$,BPS-INNERWALL_3_0.01_0.15_0.01,0.30,0.703,0.846,11.78,11.78,270.00,90.00,W
,0PKHTEVCX5L9UFPGJQAH55,BPS-INNERWALL_3_0.01_0.15_0.01,0.30,0.703,0.846,11.78,11.78,90.00,90.00,E
,1BDZKM2JR5QAGT46KMD5CZ,BPS-INNERFLOOR_3_0.04_0.06_0.16,0.30,0.534,0.623,53.97,53.97,0.00,0.00,
,0EQU0ONXH8SFD2P8OYW9LO,BPS-INNERWALL_3_0.01_0.15_0.01,0.30,0.703,0.846,0.52,0.52,180.00,90.00,S
,1IM3HF5P91PHMY90NINDXZ,BPS-INNERWALL_3_0.01_0.15_0.01,0.30,0.703,0.846,18.90,18.90,180.00,90.00,S
,0EM6LBQBLE8BKLQ_J7RCFV,BPS-INNERWALL_3_0.01_0.15_0.01,0.30,0.703,0.846,4.38,2.15,180.00,90.00,S
,2JHSKMGYNB9OHT8NYKEVP5,BPS-INNERWALL_3_0.01_0.15_0.01,0.30,0.703,0.846,18.90,18.90,270.00,90.00,W
,36E10OO7N3XRAIYSUKM6YW,BPS-INNERFLOOR_3_0.04_0.06_0.16,0.30,0.534,0.623,36.72,36.72,0.00,180.00,
,0DBSMIMD9EFBPCTWMCH6SR,BPS-INNERWALL_3_0.01_0.15_0.01,0.30,0.703,0.846,11.93,11.93,180.00,90.00,S
,3AUCOZGUV7LWVGX4JZ5DEF,BPS-INNERWALL_3_0.01_0.15_0.01,0.30,0.703,0.846,7.80,5.57,90.00,90.00,E
,0QOCVS0EPC89B3Q6W0GHBU,BPS-INNERWALL_3_0.01_0.15_0.01,0.30,0.703,0.846,0.40,0.40,0.00,90.00,N
,2KFJZLLLVF49D$BXMODUXZ,BPS-INNERWALL_3_0.01_0.15_0.01,0.30,0.703,0.846,11.53,11.53,0.00,90.00,N
,3FVUX7KCZFRVU4X0MD_I66,BPS-INNERWALL_3_0.01_0.15_0.01,0.30,0.703,0.846,0.52,0.52,270.00,90.00,W
,3PB$SNE1JBF8JERK9BZJO5,BPS-INNERFLOOR_3_0.04_0.06_0.16,0.30,0.550,0.623,0.60,0.60,0.00,0.00,
,1V_VVARKFAHPBHNPIZTV57,BPS-INNERFLOOR_3_0.04_0.06_0.16,0.30,0.550,0.623,0.10,0.10,0.00,0.00,
,2KL73NVDZAHVNDQGDNI9FZ,BPS-INNERFLOOR_3_0.04_0.06_0.16,0.30,0.534,0.623,4.66,4.66,0.00,0.00,
,0NYEPQJ1T9DBGFW5VHDDZ3,BPS-INNERFLOOR_3_0.04_0.06_0.16,0.30,0.534,0.623,4.98,4.98,0.00,0.00,
,1Q09XDTDD6UA4KG5JDPT0Z,BPS-INNERWALL_3_0.01_0.15_0.01,0.30,0.703,0.846,18.90,18.90,270.00,90.00,W
,0VTVQKWLV379IFAOY3WZHF,BPS-INNERWALL_3_0.01_0.15_0.01,0.30,0.703,0.846,18.90,18.90,90.00,90.00,E
,1UCAJA0AVANR2B0ESMFA8Q,BPS-INNERWALL_3_0.01_0.15_0.01,0.30,0.703,0.846,23.97,21.75,180.00,90.00,S
,1ATKI81SV7MEHNUZIQMVCO,BPS-INNERFLOOR_3_0.04_0.06_0.16,0.30,0.534,0.623,36.99,36.99,0.00,180.00,
,1FMQM2OD9CQH3LK1NORVJD,BPS-INNERWALL_3_0.01_0.15_0.01,0.30,0.703,0.846,18.99,18.99,270.00,90.00,W
,3NPWQVGU91AWZUWZSS2_K3,BPS-INNERWALL_3_0.01_0.15_0.01,0.30,0.703,0.846,18.99,18.99,90.00,90.00,E
,0MSOEXGFR8FXJYWRXV4KRR,BPS-INNERWALL_3_0.01_0.15_0.01,0.30,0.703,0.846,23.98,21.75,180.00,90.00,S
,0BTWOW7VX0EB_TWHFOQNV7,BPS-INNERFLOOR_3_0.04_0.06_0.16,0.30,0.518,0.623,2.42,2.42,0.00,180.00,
,0QBX4QE9X078QKVRGFPXEJ,BPS-INNERFLOOR_3_0.04_0.06_0.16,0.30,0.534,0.623,4.98,4.98,0.00,180.00,
,1ZCV_0CJT9EOZDYMD57XK5,BPS-INNERFLOOR_3_0.04_0.06_0.16,0.30,0.534,0.623,3.29,3.29,0.00,180.00,
,0FN9AKQ_9FWPPHFOFPZFHZ,BPS-INNERFLOOR_3_0.04_0.06_0.16,0.30,0.534,0.623,26.49,26.49,0.00,180.00,
,1COAZ6FXLDNGBJCO0TXOC0,BPS-INNERFLOOR_3_0.04_0.06_0.16,0.30,0.550,0.623,0.18,0.18,0.00,0.00,
,27GBEALP9ECEAWVQZ2TKP2,BPS-INNERFLOOR_3_0.04_0.06_0.16,0.30,0.534,0.623,36.99,36.99,0.00,0.00,
,2AYRXBVYT0JEXFBD5CXI6G,BPS-INNERWALL_3_0.01_0.15_0.01,0.30,0.703,0.846,0.53,0.53,0.00,90.00,N
,24Z0HJHX97$OCSIAOWPFLI,BPS-INNERWALL_3_0.01_0.15_0.01,0.30,0.703,0.846,48.65,45.40,0.00,90.00,N
,3GZPYPVZDDVUOG4MYBWQMC,BPS-INNERWALL_3_0.01_0.15_0.01,0.30,0.703,0.846,19.26,19.26,90.00,90.00,E
,19NBWDBC98HV6T1E2KJUH9,BPS-INNERWALL_3_0.01_0.15_0.01,0.30,0.703,0.846,23.62,20.13,0.00,90.00,N
,3VRJQPN0B3QGBICLWGRCC6,BPS-INNERFLOOR_3_0.04_0.06_0.16,0.30,0.534,0.623,37.42,37.42,0.00,0.00,
,2LLL7AC6VAYXSLT83UUDOH,BPS-INNERFLOOR_3_0.04_0.06_0.16,0.30,0.550,0.623,0.83,0.83,0.00,0.00,
,2BIWKOP6NE6HMWFF5S5FDX,BPS-INNERFLOOR_3_0.04_0.06_0.16,0.30,0.534,0.623,37.70,37.70,0.00,0.00,
,2VIPGSF9F3CUMEIBSPHQZ4,BPS-INNERFLOOR_3_0.04_0.06_0.16,0.30,0.550,0.623,0.83,0.83,0.00,0.00,
,0AFHZAQWPA7VC9OXIW4NJ_,BPS-INNERFLOOR_3_0.04_0.06_0.16,0.30,0.534,0.623,37.70,37.70,0.00,0.00,
,3HVLHOEJ54V9MIBT9Y8NSU,BPS-INNERWALL_3_0.01_0.15_0.01,0.30,0.703,0.846,23.62,23.62,0.00,90.00,N
,1GGBQ6MA17EQLOYIORPPF3,BPS-INNERWALL_3_0.01_0.15_0.01,0.30,0.703,0.846,23.62,23.62,180.00,90.00,S
,3Y1KUL$KRFGXBIEJNMEAMG,BPS-INNERWALL_3_0.01_0.15_0.01,0.30,0.703,0.846,4.11,1.84,90.00,90.00,E
,2MTWBGF0R1QX8ZRDSZEQYN,BPS-INNERFLOOR_3_0.04_0.06_0.16,0.30,0.518,0.623,0.29,0.29,0.00,180.00,
,1SW9P7P$V10GCG8J8VCWFI,BPS-INNERFLOOR_3_0.04_0.06_0.16,0.30,0.518,0.623,0.06,0.06,0.00,180.00,
,2RVOFDGDX1RFUQQH5JG$VE,BPS-INNERFLOOR_3_0.04_0.06_0.16,0.30,0.518,0.623,0.10,0.10,0.00,180.00,
,3WMYMEFL1FYBB81GLHCZZZ,BPS-INNERFLOOR_3_0.04_0.06_0.16,0.30,0.518,0.623,0.08,0.08,0.00,180.00,
,23ENCJTRL3D9JSZG9JC3FU,BPS-INNERFLOOR_3_0.04_0.06_0.16,0.30,0.518,0.623,0.04,0.04,0.00,180.00,
,3ZBR8WGWJCDR_44SGHLUUR,BPS-INNERFLOOR_3_0.04_0.06_0.16,0.30,0.550,0.623,0.18,0.18,0.00,0.00,
,29GMEKN31CJBP8RTOYJ8VG,BPS-INNERFLOOR_3_0.04_0.06_0.16,0.30,0.534,0.623,6.35,6.35,0.00,0.00,
,1YDMEZ2JL51ARVNXO0WRBS,BPS-INNERFLOOR_3_0.04_0.06_0.16,0.30,0.534,0.623,1.41,1.41,0.00,0.00,
,1AVS2HQZN7OXIGMBQMSEMZ,BPS-INNERWALL_3_0.01_0.15_0.01,0.30,0.703,0.846,0.53,0.53,0.00,90.00,N
,0RS_YLVPZFJVNNRVNQCMRC,BPS-INNERWALL_3_0.01_0.15_0.01,0.30,0.703,0.846,19.26,19.26,90.00,90.00,E
,2HBDIMTIFCKHTFJ6SJCF0E,BPS-INNERWALL_3_0.01_0.15_0.01,0.30,0.703,0.846,4.38,2.15,0.00,90.00,N
,2PYBDE7ZV3L8W1ZDYDT_Y2,BPS-INNERWALL_3_0.01_0.15_0.01,0.30,0.703,0.846,18.90,18.90,0.00,90.00,N
,3WLNT69YFCTOP7L9LCYXZM,BPS-INNERFLOOR_3_0.04_0.06_0.16,0.30,0.534,0.623,37.42,37.42,0.00,180.00,
,2X42GYSYD2NWIW5N24132U,BPS-INNERWALL_3_0.01_0.15_0.01,0.30,0.703,0.846,11.78,11.78,270.00,90.00,W
,3GOOOM5XJ2A8QZ5TC5XZFW,BPS-INNERWALL_3_0.01_0.15_0.01,0.30,0.703,0.846,11.78,11.78,90.00,90.00,E
,3QBVZRVILEQHXVPPD6C_HH,BPS-INNERWALL_3_0.01_0.15_0.01,0.30,0.703,0.846,20.25,17.91,180.00,90.00,S
,2DVLEZCSZAVWXFG56YIVGS,BPS-INNERFLOOR_3_0.04_0.06_0.16,0.30,0.534,0.623,26.49,26.49,0.00,0.00,
,1_OQWEWVP8RXZUP_H5P7JV,BPS-INNERWALL_3_0.01_0.15_0.01,0.30,0.703,0.846,18.90,18.90,90.00,90.00,E
,3L2PU4_IR6WESGKUJNQOAB,BPS-INNERWALL_3_0.01_0.15_0.01,0.30,0.703,0.846,18.90,18.90,270.00,90.00,W
,0VLWXZKHDFWAVFARVAXNYG,BPS-INNERWALL_3_0.01_0.15_0.01,0.30,0.703,0.846,72.98,68.52,180.00,90.00,S
,3A2S6RB8L3UFOYLJLIYQMK,BPS-INNERFLOOR_3_0.04_0.06_0.16,0.30,0.534,0.623,112.59,112.59,0.00,180.00,
,2HAXJ57UX5CFWBSI1ID6GP,BPS-INNERFLOOR_3_0.04_0.06_0.16,0.30,0.534,0.623,36.11,36.11,0.00,180.00,
,0R0084VNDBC8WKI0POY$GV,BPS-INNERWALL_3_0.01_0.15_0.01,0.30,0.703,0.846,0.18,0.18,90.00,90.00,E
,3PZDF7G49FFGO07WUZC_X9,BPS-INNERWALL_3_0.01_0.15_0.01,0.30,0.703,0.846,10.04,10.04,90.00,90.00,E
,3AXOA$VRT2PQEGBO7WJINL,BPS-INNERWALL_3_0.01_0.15_0.01,0.30,0.703,0.846,4.68,4.68,270.00,90.00,W
,3QMZXZMFF2I8CPU9V5UAA6,BPS-INNERWALL_3_0.01_0.15_0.01,0.30,0.703,0.846,0.75,0.75,0.00,90.00,N
,2VFV6ZXTT0Q8BMNLHZ0ALT,BPS-INNERWALL_3_0.01_0.15_0.01,0.30,0.703,0.846,0.18,0.18,90.00,90.00,E
,23B5IGBZF9VHNWPUHA2ZAJ,BPS-INNERWALL_3_0.01_0.15_0.01,0.30,0.703,0.846,6.05,6.05,0.00,90.00,N
,3ZXR0CSQVBNHHXK9N3_UNA,BPS-INNERWALL_3_0.01_0.15_0.01,0.30,0.703,0.846,6.05,6.05,180.00,90.00,S
,1G_RQT7DNEXP2RELKGELOG,BPS-INNERWALL_3_0.01_0.15_0.01,0.30,0.703,0.846,0.75,0.75,0.00,90.00,N
,26NH7X_SJD780MLACU3IXV,BPS-INNERWALL_3_0.01_0.15_0.01,0.30,0.703,0.846,104.25,97.24,0.00,90.00,N
,3_0IWAEBR3WVT9N8NOA7ZL,BPS-INNERWALL_3_0.01_0.15_0.01,0.30,0.703,0.846,0.23,0.23,0.00,90.00,N
,1_7GSWAWH5DEAJDBXLK9FU,BPS-INNERWALL_3_0.01_0.15_0.01,0.30,0.703,0.846,7.30,7.30,0.00,90.00,N
,2P5JRVNITE6UODKU0KZVP0,BPS-INNERWALL_3_0.01_0.15_0.01,0.30,0.703,0.846,4.65,4.65,0.00,90.00,N
,0UYRJHNN168EI7VP2Y1TYZ,BPS-INNERWALL_3_0.01_0.15_0.01,0.30,0.703,0.846,0.56,0.56,180.00,90.00,S
,12EBTAEDP80BLO9B2HSS2E,BPS-INNERWALL_3_0.01_0.15_0.01,0.30,0.703,0.846,0.73,0.73,0.00,90.00,N
,0MXQQO4AV0W8U$YK4RCDE_,BPS-INNERWALL_3_0.01_0.15_0.01,0.30,0.703,0.846,0.39,0.39,0.00,90.00,N
,1AOJLBG2L67B88VG538FP2,BPS-INNERWALL_3_0.01_0.15_0.01,0.30,0.703,0.846,3.33,3.33,270.00,90.00,W
,3XR7ECSN99MEZREABK6ULZ,BPS-INNERWALL_3_0.01_0.15_0.01,0.30,0.703,0.846,0.23,0.23,0.00,90.00,N
,0OAQ95MM5C1F44P_4TKY7M,BPS-INNERWALL_3_0.01_0.15_0.01,0.30,0.703,0.846,6.44,6.44,0.00,90.00,N
,2GRVKFDILAYQBJVAQZ83R5,BPS-INNERWALL_3_0.01_0.15_0.01,0.30,0.703,0.846,5.43,5.43,0.00,90.00,N
,1LUQLVBADEJO7FFOSKXZBG,BPS-INNERWALL_3_0.01_0.15_0.01,0.30,0.703,0.846,5.42,5.42,0.00,90.00,N
,1UT_KJQKZBEGURBHUYKRQE,BPS-INNERWALL_3_0.01_0.15_0.01,0.30,0.703,0.846,0.39,0.39,0.00,90.00,N
,0AAHMW3Y59BX3HHBI6JI_L,BPS-INNERWALL_3_0.01_0.15_0.01,0.30,0.703,0.846,4.68,4.68,90.00,90.00,E
,1FFLQSJJH5X9XILOOSRIMO,BPS-INNERWALL_3_0.01_0.15_0.01,0.30,0.703,0.846,6.04,6.04,0.00,90.00,N
,0CYB3BSTVCUQ2KFBXOSBPQ,BPS-INNERWALL_3_0.01_0.15_0.01,0.30,0.703,0.846,13.12,13.12,180.00,90.00,S
,0EQQ71YPVC1HULTIQ3ZJN$,BPS-INNERWALL_3_0.01_0.15_0.01,0.30,0.703,0.846,0.56,0.56,180.00,90.00,S
,0T5EQCC1FDCRMVYGUMYYHR,BPS-INNERWALL_3_0.01_0.15_0.01,0.30,0.703,0.846,8.29,8.29,90.00,90.00,E
,1Q_ROYUT54BQ3WXYN8MLBS,BPS-INNERWALL_3_0.01_0.15_0.01,0.30,0.703,0.846,0.73,0.73,0.00,90.00,N
,2FJRF5IV129U4KR3SXPHPU,BPS-INNERWALL_3_0.01_0.15_0.01,0.30,0.703,0.846,0.78,0.78,0.00,90.00,N
,1DRITQCAH0NHYRBMN16I6T,BPS-INNERWALL_3_0.01_0.15_0.01,0.30,0.703,0.846,9.40,9.40,270.00,90.00,W
,0RMM4K$G9BKOCSSBXEIE5N,BPS-INNERWALL_3_0.01_0.15_0.01,0.30,0.703,0.846,4.29,4.29,90.00,90.00,E
,3A2JRF9F18XPJQ3G3I995U,BPS-INNERWALL_3_0.01_0.15_0.01,0.30,0.703,0.846,3.33,3.33,90.00,90.00,E
,0XU5HQWOZ3Q9BSULKSCDHB,BPS-INNERFLOOR_3_0.04_0.06_0.16,0.30,0.542,0.623,0.87,0.87,270.00,90.00,W
,1XLVMUURFFWQJKI_GIAUK6,BPS-INNERFLOOR_3_0.04_0.06_0.16,0.30,0.542,0.623,0.94,0.94,180.00,90.00,S
,0GSQXI7J5AORCQGIME_DUN,BPS-INNERWALL_3_0.01_0.15_0.01,0.30,0.703,0.846,13.13,13.13,180.00,90.00,S
,1BAEOEZKL5JFHNRIFC5GDC,BPS-INNERWALL_3_0.01_0.15_0.01,0.30,0.703,0.846,0.56,0.56,180.00,90.00,S
,02YKHTGDHCCRM549SJME1F,BPS-INNERWALL_3_0.01_0.15_0.01,0.30,0.703,0.846,4.20,4.20,270.00,90.00,W
,3DJIBGMODFYELS5UZ5IDEC,BPS-INNERWALL_3_0.01_0.15_0.01,0.30,0.703,0.846,0.60,0.60,270.00,90.00,W
,339RKOF8D69FLD05RZLGSP,BPS-INNERWALL_3_0.01_0.15_0.01,0.30,0.703,0.846,7.80,7.80,0.00,90.00,N
,2SUVIM64L8MQ0S3BI1OAEX,BPS-INNERWALL_3_0.01_0.15_0.01,0.30,0.703,0.846,0.18,0.18,270.00,90.00,W
,3JXBL1Z2D6GQPUOXYSZWPT,BPS-INNERWALL_3_0.01_0.15_0.01,0.30,0.703,0.846,0.23,0.23,0.00,90.00,N
,2NXEHJBHH808ATWHPXYRAX,BPS-INNERWALL_3_0.01_0.15_0.01,0.30,0.703,0.846,4.65,4.65,0.00,90.00,N
,1MKGOF_HJARXL5$XKXUMKX,BPS-INNERFLOOR_3_0.04_0.06_0.16,0.30,0.542,0.623,0.94,0.94,180.00,90.00,S
,21IHVKFN98OGOIVCSBDHKR,BPS-INNERWALL_3_0.01_0.15_0.01,0.30,0.703,0.846,0.23,0.23,0.00,90.00,N
,1_SBB7CKN9HHBHJXD1HX92,BPS-INNERWALL_3_0.01_0.15_0.01,0.30,0.703,0.846,4.20,4.20,270.00,90.00,W
,3AKP0FE1N7PUNXZYLLGDKK,BPS-INNERWALL_3_0.01_0.15_0.01,0.30,0.703,0.846,0.18,0.18,270.00,90.00,W
,0$NI$_FFL1LHXA9UZBCDFB,BPS-INNERWALL_3_0.01_0.15_0.01,0.30,0.703,0.846,5.66,5.66,0.00,90.00,N
,3NI5V8IQL1R8K9G9JHIJZW,BPS-INNERWALL_3_0.01_0.15_0.01,0.30,0.703,0.846,5.66,5.66,180.00,90.00,S
,2JAVT5W1TF$X$G1KEF9LQX,BPS-INNERFLOOR_3_0.04_0.06_0.16,0.30,0.542,0.623,0.30,0.30,90.00,90.00,E
,2LQK_DW0D1G9$LYFHTPNII,BPS-INNERFLOOR_3_0.04_0.06_0.16,0.30,0.542,0.623,0.82,0.82,180.00,90.00,S
,2PIGHUYEN7POATESQQGQKZ,BPS-INNERWALL_3_0.01_0.15_0.01,0.30,0.703,0.846,6.04,6.04,180.00,90.00,S
,3OWL5YGJH0NRPIWK1K$W52,BPS-INNERWALL_3_0.01_0.15_0.01,0.30,0.703,0.846,4.29,4.29,270.00,90.00,W
,32IALYBYVFJHVJ8ZFGSBMX,BPS-INNERWALL_3_0.01_0.15_0.01,0.30,0.703,0.846,13.13,13.13,180.00,90.00,S
,3DFBKTAHT2SGB2LJUELP5V,BPS-INNERWALL_3_0.01_0.15_0.01,0.30,0.703,0.846,8.29,8.29,270.00,90.00,W
,1FKRJCH41FUWSMSJXU$BGL,BPS-INNERWALL_3_0.01_0.15_0.01,0.30,0.703,0.846,4.20,4.20,90.00,90.00,E
,33EVIDCIV4HBV$V0LH3UKO,BPS-INNERWALL_3_0.01_0.15_0.01,0.30,0.703,0.846,7.30,7.30,0.00,90.00,N
,391FNFBNVCPG0ZP9SBHM9J,BPS-INNERWALL_3_0.01_0.15_0.01,0.30,0.703,0.846,3.60,3.60,270.00,90.00,W
,1ZOQHLH69E4BG2YSVASQ83,BPS-INNERFLOOR_3_0.04_0.06_0.16,0.30,0.542,0.623,0.30,0.30,270.00,90.00,W
,1RNBOPIAXE5VULO89GASVG,BPS-INNERFLOOR_3_0.04_0.06_0.16,0.30,0.542,0.623,0.64,0.64,270.00,90.00,W
,0GN3Z0CVN0AUHK$R5IBMYZ,BPS-INNERWALL_3_0.01_0.15_0.01,0.30,0.703,0.846,5.42,5.42,0.00,90.00,N
,3E_IGQLW5ES9AQQFTTIZ1V,BPS-INNERWALL_3_0.01_0.15_0.01,0.30,0.703,0.846,0.60,0.60,90.00,90.00,E
,2Z7Y6BGDD6SGQRM9BK9U9U,BPS-INNERWALL_3_0.01_0.15_0.01,0.30,0.703,0.846,3.86,3.86,90.00,90.00,E
,3HKABR5KH889$POUPVBKIO,BPS-INNERWALL_3_0.01_0.15_0.01,0.30,0.703,0.846,9.40,9.40,90.00,90.00,E
,22GDOH7ZJ1OXSVCQ8XELZR,BPS-INNERWALL_3_0.01_0.15_0.01,0.30,0.703,0.846,4.38,4.38,90.00,90.00,E
,24CSGCN55DWEMOOMXSQIVV,BPS-INNERWALL_3_0.01_0.15_0.01,0.30,0.703,0.846,3.60,3.60,90.00,90.00,E
,126MWIBXX2EAT61TOGZKHB,BPS-INNERWALL_3_0.01_0.15_0.01,0.30,0.703,0.846,5.66,5.66,0.00,90.00,N
,2R$URRJMRCDABIIMZ5RR2C,BPS-INNERWALL_3_0.01_0.15_0.01,0.30,0.703,0.846,0.64,0.64,0.00,90.00,N
,1HPUJBX9FCUHNWUI6IYY1H,BPS-INNERWALL_3_0.01_0.15_0.01,0.30,0.703,0.846,13.12,13.12,180.00,90.00,S
,2G6ZRI6PFF4WJFKD7UL$NM,BPS-INNERWALL_3_0.01_0.15_0.01,0.30,0.703,0.846,9.01,9.01,90.00,90.00,E
,3LVACKDTJBQAHRMX5KLDRC,BPS-INNERWALL_3_0.01_0.15_0.01,0.30,0.703,0.846,8.55,8.55,180.00,90.00,S
,3LO0PZRBNAJEKFXTQAGMS7,BPS-INNERWALL_3_0.01_0.15_0.01,0.30,0.703,0.846,7.80,7.80,0.00,90.00,N
,2F28TS5F9BUXE6GG7L8MYK,BPS-INNERWALL_3_0.01_0.15_0.01,0.30,0.703,0.846,4.20,4.20,90.00,90.00,E
,2I0XQFHYT4QUSJB9IND89S,BPS-INNERWALL_3_0.01_0.15_0.01,0.30,0.703,0.846,0.64,0.64,270.00,90.00,W
,1IMYNPUWD9QQAOM4AH8EYP,BPS-INNERWALL_3_0.01_0.15_0.01,0.30,0.703,0.846,0.31,0.31,0.00,0.00,
,2LFYI0EYNEXU4W4QZ3RAWG,BPS-INNERWALL_3_0.01_0.15_0.01,0.30,0.703,0.846,0.39,0.39,90.00,90.00,E
,3H$W_E1MBEGGE_HQSCIMOT,BPS-INNERWALL_3_0.01_0.15_0.01,0.30,0.703,0.846,1.79,1.79,90.00,90.00,E
,04H_54JKFDK8YOMOVXL65I,BPS-INNERWALL_3_0.01_0.15_0.01,0.30,0.703,0.846,0.56,0.56,180.00,90.00,S
,25CP9CYELE8ENKC1QY9YJF,BPS-INNERFLOOR_3_0.04_0.06_0.16,0.30,0.542,0.623,0.34,0.34,0.00,90.00,N
,0QKCM$RJH6GVHI1$LEZVXQ,BPS-INNERWALL_3_0.01_0.15_0.01,0.30,0.703,0.846,3.86,3.86,270.00,90.00,W
,3PINLYJ65ABQV5WUWEW8JJ,BPS-INNERWALL_3_0.01_0.15_0.01,0.30,0.703,0.846,1.79,1.79,270.00,90.00,W
,3DTBPEKNB1GVZMQ7PIUVTJ,BPS-INNERWALL_3_0.01_0.15_0.01,0.30,0.703,0.846,6.44,6.44,0.00,90.00,N
,3IESTXNHF2ZXSUT_JISJWR,BPS-INNERWALL_3_0.01_0.15_0.01,0.30,0.703,0.846,10.04,10.04,270.00,90.00,W
,3I_$B7IUJETVF4STEE30BO,BPS-INNERFLOOR_3_0.04_0.06_0.16,0.30,0.542,0.623,0.82,0.82,180.00,90.00,S
,3JN64KKRJ7BOM63DDT4FKY,BPS-INNERFLOOR_3_0.04_0.06_0.16,0.30,0.542,0.623,0.34,0.34,0.00,90.00,N
,1LKFSG3CH21V$DKFHZEVUA,BPS-INNERWALL_3_0.01_0.15_0.01,0.30,0.703,0.846,5.43,5.43,0.00,90.00,N
,3Q_QCSCQTBQ9YUU9$JFCVJ,BPS-INNERFLOOR_3_0.04_0.06_0.16,0.30,0.542,0.623,0.87,0.87,90.00,90.00,E
,3TEQGJDL5EEPRKE$_CP4Q$,BPS-INNERWALL_3_0.01_0.15_0.01,0.30,0.703,0.846,0.31,0.31,0.00,0.00,
,1KIW6FDUTA1RIGVHXN4XEI,BPS-INNERWALL_3_0.01_0.15_0.01,0.30,0.703,0.846,0.78,0.78,0.00,90.00,N
,2YJBX8B3P9THAD0KIXXFUJ,BPS-INNERWALL_3_0.01_0.15_0.01,0.30,0.703,0.846,0.64,0.64,0.00,90.00,N
,05LMRNC2B469RECPIUPXBS,BPS-INNERWALL_3_0.01_0.15_0.01,0.30,0.703,0.846,0.64,0.64,90.00,90.00,E
,0DAGORXS97CGRF4RXP6KJX,BPS-INNERWALL_3_0.01_0.15_0.01,0.30,0.703,0.846,9.01,9.01,270.00,90.00,W
,01D9WR4UT8GPGQR4VVROD7,BPS-INNERWALL_3_0.01_0.15_0.01,0.30,0.703,0.846,4.38,4.38,270.00,90.00,W
,1DMT8TYAX4ZP2PASFYQ2IJ,BPS-INNERWALL_3_0.01_0.15_0.01,0.30,0.703,0.846,0.39,0.39,270.00,90.00,W
,0UHN5AWOB7MXUNSUWN8S2L,BPS-INNERFLOOR_3_0.04_0.06_0.16,0.30,0.542,0.623,0.64,0.64,90.00,90.00,E
,3FFJONLK1AKOWDRVXS7P6K,BPS-INNERWALL_3_0.01_0.15_0.01,0.30,0.703,0.846,5.66,5.66,180.00,90.00,S
,0CAA7UOT1CC8WXUJ_BNA0G,BPS-INNERFLOOR_3_0.04_0.06_0.16,0.30,0.534,0.623,0.66,0.66,0.00,0.00,
,1TMFKSPEPERQABE8VK1QWA,BPS-INNERFLOOR_3_0.04_0.06_0.16,0.30,0.534,0.623,1.23,1.23,0.00,0.00,
,0YC_KBCRB4BR8ZUQB0GTA9,BPS-INNERFLOOR_3_0.04_0.06_0.16,0.30,0.550,0.623,4.83,4.83,0.00,0.00,
,27SVU2LJN0ROC0FBSRA2EC,BPS-INNERFLOOR_3_0.04_0.06_0.16,0.30,0.534,0.623,2.35,2.35,0.00,0.00,
,3CNSF2DBNBUXPG7QOQSRCK,BPS-INNERFLOOR_3_0.04_0.06_0.16,0.30,0.534,0.623,2.35,2.35,0.00,0.00,
,3K3AHR5AD2YGZCOAAE9F30,BPS-INNERFLOOR_3_0.04_0.06_0.16,0.30,0.534,0.623,0.05,0.05,0.00,0.00,
,2YIRIONUFF_EJ0CX8DHWWA,BPS-INNERFLOOR_3_0.04_0.06_0.16,0.30,0.534,0.623,0.05,0.05,0.00,0.00,
,2I3I7XMLPA1OQTWZVTZSXB,BPS-INNERFLOOR_3_0.04_0.06_0.16,0.30,0.534,0.623,1.23,1.23,0.00,0.00,
,2ATKNTY4R3WUIXQ053OCL7,BPS-INNERFLOOR_3_0.04_0.06_0.16,0.30,0.534,0.623,0.05,0.05,0.00,0.00,
,1D4FVMQZNE2X$VPBFQ7THU,BPS-INNERFLOOR_3_0.04_0.06_0.16,0.30,0.534,0.623,1.12,1.12,0.00,0.00,
,0IUHHOOWF6LRU$E5C6F86C,BPS-INNERFLOOR_3_0.04_0.06_0.16,0.30,0.534,0.623,1.12,1.12,0.00,0.00,
,3$73G_VZF2IBVOIHENUYY0,BPS-INNERFLOOR_3_0.04_0.06_0.16,0.30,0.534,0.623,1.23,1.23,0.00,0.00,
,1NWDWOTXB2PBUPA66KZ7MK,BPS-INNERFLOOR_3_0.04_0.06_0.16,0.30,0.534,0.623,0.05,0.05,0.00,0.00,
,2FUGZLWCNDOOZVVQP7NJPS,BPS-INNERFLOOR_3_0.04_0.06_0.16,0.30,0.534,0.623,1.23,1.23,0.00,0.00,
,0FD86K8$R63U4YFAMJEDQH,BPS-INNERFLOOR_3_0.04_0.06_0.16,0.30,0.534,0.623,0.05,0.05,0.00,0.00,
,0SBSLSTBT0OUCRUZBIC8CQ,BPS-INNERFLOOR_3_0.04_0.06_0.16,0.30,0.550,0.623,4.84,4.84,0.00,0.00,
,1P4Z6DHSLFMBTCUP8ZVX_9,BPS-INNERFLOOR_3_0.04_0.06_0.16,0.30,0.534,0.623,9.17,9.17,0.00,0.00,
,1AXQTEERF6WAGXDXU0RWOC,BPS-INNERFLOOR_3_0.04_0.06_0.16,0.30,0.534,0.623,9.24,9.24,0.00,0.00,
,1W7SLYPON4NOI9HKOVYXMD,BPS-INNERFLOOR_3_0.04_0.06_0.16,0.30,0.534,0.623,0.05,0.05,0.00,0.00,
,2TIL0HJW18CWA05866YO6A,BPS-INNERFLOOR_3_0.04_0.06_0.16,0.30,0.534,0.623,10.08,10.08,0.00,0.00,
,1ORXW_MNNBWWBM$FMPDXFW,BPS-INNERFLOOR_3_0.04_0.06_0.16,0.30,0.534,0.623,0.66,0.66,0.00,0.00,
,3W$5JWINVEVXYQR5JRU$KN,BPS-INNERFLOOR_3_0.04_0.06_0.16,0.30,0.534,0.623,0.05,0.05,0.00,0.00,
,2UTMDHCMF03HCDWH0MMMAV,BPS-INNERFLOOR_3_0.04_0.06_0.16,0.30,0.534,0.623,10.02,10.02,0.00,0.00,
,3HXZNND4F3IVJ7JAQWRNYS,BPS-INNERFLOOR_3_0.04_0.06_0.16,0.30,0.534,0.623,126.96,126.96,0.00,0.00,
,1TQZ9OJE91VO$UMNBM672V,BPS-INNERFLOOR_3_0.04_0.06_0.16,0.30,0.534,0.623,0.05,0.05,0.00,0.00,
,0YBZFOB4FEQ9OPVAMOZROI,BPS-INNERWALL_3_0.01_0.15_0.01,0.30,0.703,0.846,18.90,18.90,180.00,90.00,S
,1YKCQZQTZCAG$19J_EEWTL,BPS-INNERWALL_3_0.01_0.15_0.01,0.30,0.703,0.846,18.90,18.90,0.00,90.00,N
,1S0DHQSFXDXQVSOQTDLXZV,BPS-INNERWALL_3_0.01_0.15_0.01,0.30,0.703,0.846,13.81,11.59,270.00,90.00,W
,2A$CKFKUDDXEB1WWK5TFI3,BPS-INNERFLOOR_3_0.04_0.06_0.16,0.30,0.534,0.623,21.31,21.31,0.00,180.00,
,0BPKZZERBEPHGJKTWAGJQQ,BPS-INNERWALL_3_0.01_0.15_0.01,0.30,0.703,0.846,18.99,18.99,270.00,90.00,W
,1J$SI668Z9LA6OH0MWLBVE,BPS-INNERWALL_3_0.01_0.15_0.01,0.30,0.703,0.846,72.97,68.52,180.00,90.00,S
,0Z3DBYLXFBHOWBYTRNB8AV,BPS-INNERWALL_3_0.01_0.15_0.01,0.30,0.703,0.846,18.99,18.99,90.00,90.00,E
,0_9CUD2PJ7QBRSTLAHEL5P,BPS-INNERFLOOR_3_0.04_0.06_0.16,0.30,0.534,0.623,26.10,26.10,0.00,180.00,
,0Y7423LWBEA8YYROTKFHLG,BPS-INNERFLOOR_3_0.04_0.06_0.16,0.30,0.518,0.623,6.59,6.59,0.00,180.00,
,2LSIBRKK19JROEW3BNWQYM,BPS-INNERFLOOR_3_0.04_0.06_0.16,0.30,0.534,0.623,26.49,26.49,0.00,180.00,
,3TBYYICVREJ8LDKJZMJWRP,BPS-INNERFLOOR_3_0.04_0.06_0.16,0.30,0.534,0.623,53.97,53.97,0.00,180.00,
,0DZYKDZGJ6OB4PZF96L7RZ,BPS-INNERFLOOR_3_0.04_0.06_0.16,0.30,0.550,0.623,0.56,0.56,0.00,0.00,
,3POX54KMHAHFNSQX5QNQCW,BPS-INNERFLOOR_3_0.04_0.06_0.16,0.30,0.534,0.623,112.59,112.59,0.00,0.00,
,3WDLJGH5VBVF69XLVND1MV,BPS-INNERWALL_3_0.01_0.15_0.01,0.30,0.703,0.846,0.88,0.88,0.00,90.00,N
,3J8G33MINA8HGZFYEGNAFF,BPS-INNERWALL_3_0.01_0.15_0.01,0.30,0.703,0.846,6.25,6.25,270.00,90.00,W
,1MOCDASK9CHBD08G8YZZXT,BPS-INNERWALL_3_0.01_0.15_0.01,0.30,0.703,0.846,0.18,0.18,90.00,90.00,E
,3RHFNUJRL1CFNWEW3SY6WW,BPS-INNERWALL_3_0.01_0.15_0.01,0.30,0.703,0.846,6.25,6.25,270.00,90.00,W
,2NG8D_T214O8I2_HHTRHTJ,BPS-INNERWALL_3_0.01_0.15_0.01,0.30,0.703,0.846,0.88,0.88,180.00,90.00,S
,0X21SVLEFAWASFVIGISWXA,BPS-INNERWALL_3_0.01_0.15_0.01,0.30,0.703,0.846,4.11,4.11,90.00,90.00,E
,03H8FU2BV0EV6FS89AEW6O,BPS-INNERWALL_3_0.01_0.15_0.01,0.30,0.703,0.846,0.35,0.35,90.00,90.00,E
,3BP3NXCHDAHUDUVFPOF33R,BPS-INNERWALL_3_0.01_0.15_0.01,0.30,0.703,0.846,0.70,0.70,90.00,90.00,E
,2ETCUZWC97IO4I5QJP_FEX,BPS-INNERWALL_3_0.01_0.15_0.01,0.30,0.703,0.846,9.01,9.01,90.00,90.00,E
,3G8OWAJYNBAESVADOUUW3H,BPS-INNERWALL_3_0.01_0.15_0.01,0.30,0.703,0.846,1.40,1.40,270.00,90.00,W
,3NUSANSWH2JRVWTGKJH4IR,BPS-INNERWALL_3_0.01_0.15_0.01,0.30,0.703,0.846,0.22,0.22,270.00,90.00,W
,0_HZS6LP10FOZPH_HR5C0I,BPS-INNERWALL_3_0.01_0.15_0.01,0.30,0.703,0.846,0.22,0.22,270.00,90.00,W
,1ABYIE$STEH9TS_M2QFPOT,BPS-INNERFLOOR_3_0.04_0.06_0.16,0.30,0.518,0.623,0.10,0.10,0.00,180.00,
,1KUX6BKVJ6SBW$JQURAII5,BPS-INNERFLOOR_3_0.04_0.06_0.16,0.30,0.534,0.623,0.67,0.67,0.00,180.00,
,0PXYF8U0BDCEUOSTF2K7FG,BPS-INNERFLOOR_3_0.04_0.06_0.16,0.30,0.534,0.623,0.25,0.25,0.00,180.00,
,3QEKL$8YNCHVRRPCB0TUVX,BPS-INNERWALL_3_0.01_0.15_0.01,0.30,0.703,0.846,18.90,18.90,270.00,90.00,W
,2XSDDLL457MHWLOO8OBS3T,BPS-INNERWALL_3_0.01_0.15_0.01,0.30,0.703,0.846,23.97,21.75,180.00,90.00,S
,2AIF6ZDCJ5BOC$AWSTXYZA,BPS-INNERWALL_3_0.01_0.15_0.01,0.30,0.703,0.846,18.90,18.90,90.00,90.00,E
,3BIJHUXKB4NGBOMMBFTKR6,BPS-INNERFLOOR_3_0.04_0.06_0.16,0.30,0.534,0.623,36.99,36.99,0.00,180.00,
,1KP620ORDCDPQXY5APUWND,BPS-INNERWALL_3_0.01_0.15_0.01,0.30,0.703,0.846,0.88,0.88,180.00,90.00,S
,27OYTQHBBEKPQ56_QQ_OOD,BPS-INNERWALL_3_0.01_0.15_0.01,0.30,0.703,0.846,0.09,0.09,270.00,90.00,W
,0YBRI2PCH29P0NBSN$FO_C,BPS-INNERWALL_3_0.01_0.15_0.01,0.30,0.703,0.846,0.70,0.70,270.00,90.00,W
,1F3O_2CUN60OLE958TWGTV,BPS-INNERWALL_3_0.01_0.15_0.01,0.30,0.703,0.846,0.22,0.22,90.00,90.00,E
,2VD_F895XDT8UVOZGHUCKP,BPS-INNERWALL_3_0.01_0.15_0.01,0.30,0.703,0.846,0.88,0.88,0.00,90.00,N
,0N0IFOXVTARQLAJFL6QYGA,BPS-INNERWALL_3_0.01_0.15_0.01,0.30,0.703,0.846,0.22,0.22,90.00,90.00,E
,3X9MGKNCL2XHSTAD9_FI91,BPS-INNERWALL_3_0.01_0.15_0.01,0.30,0.703,0.846,9.01,9.01,270.00,90.00,W
,2$RCKJH99AZPIBAZVTSMRR,BPS-INNERWALL_3_0.01_0.15_0.01,0.30,0.703,0.846,0.35,0.35,270.00,90.00,W
,2GMPH5WUT5D9IGCZ8$NCHL,BPS-INNERWALL_3_0.01_0.15_0.01,0.30,0.703,0.846,6.25,6.25,90.00,90.00,E
,2JVHBEXG15LWJ7X8ZAWQND,BPS-INNERWALL_3_0.01_0.15_0.01,0.30,0.703,0.846,4.20,4.20,270.00,90.00,W
,31MSCGVHR3E8Q2DWP2JH29,BPS-INNERWALL_3_0.01_0.15_0.01,0.30,0.703,0.846,6.25,6.25,90.00,90.00,E
,0GRDSDXCN8EEN$LKB7BAT$,BPS-INNERWALL_3_0.01_0.15_0.01,0.30,0.703,0.846,1.40,1.40,90.00,90.00,E
,0PPOZTARJ669RBCOYA3KBM,BPS-INNERFLOOR_3_0.04_0.06_0.16,0.30,0.534,0.623,0.61,0.61,0.00,180.00,
,3DVFJBLCV1JPYCVWNOFX8W,BPS-INNERFLOOR_3_0.04_0.06_0.16,0.30,0.534,0.623,0.31,0.31,0.00,180.00,
,3BI2RTVS990AFKZ2BMWREI,BPS-INNERFLOOR_3_0.04_0.06_0.16,0.30,0.518,0.623,0.10,0.10,0.00,180.00,
,0N4HTECSN4CUSXTFLYZ7JB,BPS-INNERWALL_3_0.01_0.15_0.01,0.30,0.703,0.846,14.18,11.95,90.00,90.00,E
,1W$4Y8J$XF$EF8STS59CNQ,BPS-INNERWALL_3_0.01_0.15_0.01,0.30,0.703,0.846,18.90,18.90,0.00,90.00,N
,2VWCS0HZD2CFUWDEUZOOXG,BPS-INNERWALL_3_0.01_0.15_0.01,0.30,0.703,0.846,18.90,18.90,180.00,90.00,S
,0ISYBLVQF2JRJPHDSNY9UN,BPS-INNERFLOOR_3_0.04_0.06_0.16,0.30,0.518,0.623,1.35,1.35,0.00,180.00,
,1ZLH0VQ9L7S8PTEXH4YLZC,BPS-INNERFLOOR_3_0.04_0.06_0.16,0.30,0.534,0.623,6.62,6.62,0.00,180.00,
,0NVQP$4ADFP8OSWNUYBNDZ,BPS-INNERFLOOR_3_0.04_0.06_0.16,0.30,0.518,0.623,0.15,0.15,0.00,180.00,
,2WJ0KMVQZ1Y9DDMA5G$HDG,BPS-INNERFLOOR_3_0.04_0.06_0.16,0.30,0.518,0.623,1.08,1.08,0.00,180.00,
,11X1_16RBCSAEHEFSFIOST,BPS-INNERFLOOR_3_0.04_0.06_0.16,0.30,0.534,0.623,6.33,6.33,0.00,180.00,
,3E0_A_DZF0ZXTC41SFHBXM,BPS-INNERFLOOR_3_0.04_0.06_0.16,0.30,0.534,0.623,6.35,6.35,0.00,180.00,
,1OYXO1WA12OF5EWCMU9NJI,BPS-INNERWALL_3_0.01_0.15_0.01,0.30,0.703,0.846,23.98,21.75,0.00,90.00,N
,01MYF3LBNEF9PPHWC8VGWV,BPS-INNERWALL_3_0.01_0.15_0.01,0.30,0.703,0.846,19.26,19.26,90.00,90.00,E
,0NVIURHXD5YRYON5GHRN5Z,BPS-INNERWALL_3_0.01_0.15_0.01,0.30,0.703,0.846,19.26,19.26,270.00,90.00,W
,0M1SOTV3J5AWYL7XRAMAAI,BPS-INNERFLOOR_3_0.04_0.06_0.16,0.30,0.534,0.623,37.70,37.70,0.00,180.00,
,2KHYRASVJBB955C8NCCNUC,BPS-INNERWALL_3_0.01_0.15_0.01,0.30,0.703,0.846,0.06,0.06,0.00,90.00,N
,2XKW3JS4H2ZPJUGCYF_JVW,BPS-INNERWALL_3_0.01_0.15_0.01,0.30,0.703,0.846,7.30,7.30,180.00,90.00,S
,1ZXKHJ3VT8QOLJPQYXBWOW,BPS-INNERWALL_3_0.01_0.15_0.01,0.30,0.703,0.846,8.23,8.23,270.00,90.00,W
,2WBCF9Y5LAW8NLVDRC9NOK,BPS-INNERWALL_3_0.01_0.15_0.01,0.30,0.703,0.846,7.00,4.48,0.00,90.00,N
,1LYP36XAP0P906TGFNP8HQ,BPS-INNERWALL_3_0.01_0.15_0.01,0.30,0.703,0.846,6.00,3.30,0.00,90.00,N
,2LRX3CNO9459XRDWBU2DZU,BPS-INNERWALL_3_0.01_0.15_0.01,0.30,0.703,0.846,7.00,4.48,0.00,90.00,N
,3GYOYLS0B8BOQ2E_MTVT2H,BPS-INNERWALL_3_0.01_0.15_0.01,0.30,0.703,0.846,8.29,8.29,90.00,90.00,E
,3SLBDMKH1DKUGWUXUHJARM,BPS-INNERFLOOR_3_0.04_0.06_0.16,0.30,0.542,0.623,0.18,0.18,0.00,90.00,N
,1ITBHT5UP8OOOG0NXBDUV1,BPS-INNERFLOOR_3_0.04_0.06_0.16,0.30,0.542,0.623,0.18,0.18,0.00,90.00,N
,2ZP0STRRRA$PHXWW5HBRMB,BPS-INNERWALL_3_0.01_0.15_0.01,0.30,0.703,0.846,0.06,0.06,0.00,90.00,N
,2WGNU5FTRDW9DTDY3ERZUF,BPS-INNERWALL_3_0.01_0.15_0.01,0.30,0.703,0.846,0.02,0.02,270.00,90.00,W
,3PFREQJCX7_WW$RQZDZGFW,BPS-INNERWALL_3_0.01_0.15_0.01,0.30,0.703,0.846,10.04,10.04,90.00,90.00,E
,0LAO80CKXBKVDOTGB4A2K4,BPS-INNERFLOOR_3_0.04_0.06_0.16,0.30,0.542,0.623,0.44,0.44,0.00,90.00,N
,0IXJON4$L6CFVIDP8GOYQ3,BPS-INNERWALL_3_0.01_0.15_0.01,0.30,0.703,0.846,9.40,9.40,270.00,90.00,W
,3NFHNSMRTDBOV9TF3GPLTF,BPS-INNERWALL_3_0.01_0.15_0.01,0.30,0.703,0.846,0.50,0.50,0.00,90.00,N
,1C4T6RQQT2HRTAPRNFP0VN,BPS-INNERWALL_3_0.01_0.15_0.01,0.30,0.703,0.846,7.80,7.80,180.00,90.00,S
,2BRQZSSRH3QX2ITYJD$NLF,BPS-INNERWALL_3_0.01_0.15_0.01,0.30,0.703,0.846,0.06,0.06,270.00,90.00,W
,23GOA$PY9AHPE5TOCVZKQW,BPS-INNERWALL_3_0.01_0.15_0.01,0.30,0.703,0.846,10.02,10.02,270.00,90.00,W
,36ZAOOJDX4AGMFX1K4CR9N,BPS-INNERWALL_3_0.01_0.15_0.01,0.30,0.703,0.846,0.06,0.06,0.00,90.00,N
,2TQYG0AWZ6CEXTUQL8GQUF,BPS-INNERWALL_3_0.01_0.15_0.01,0.30,0.703,0.846,9.40,9.40,90.00,90.00,E
,1N4EHHMJV0PQHEMHLGIYGQ,BPS-INNERWALL_3_0.01_0.15_0.01,0.30,0.703,0.846,0.06,0.06,0.00,90.00,N
,2RSD3RMXT9NERWV9UHNN$T,BPS-INNERWALL_3_0.01_0.15_0.01,0.30,0.703,0.846,6.44,6.44,180.00,90.00,S
,0QBQE3QYD8AGG7JU$_HKVV,BPS-INNERWALL_3_0.01_0.15_0.01,0.30,0.703,0.846,1.26,1.26,270.00,90.00,W
,0WGN15BGL9IHNA620XWV02,BPS-INNERWALL_3_0.01_0.15_0.01,0.30,0.703,0.846,4.35,4.35,180.00,90.00,S
,2$7JOVUVZ1CURFRR4_NXL$,BPS-INNERWALL_3_0.01_0.15_0.01,0.30,0.703,0.846,0.05,0.05,0.00,180.00,
,3QH97KNXVAQWNCKSDFZVBK,BPS-INNERWALL_3_0.01_0.15_0.01,0.30,0.703,0.846,2.55,2.55,270.00,90.00,W
,3ZP2C6SMB2RAQM6ZU3GGNC,BPS-INNERWALL_3_0.01_0.15_0.01,0.30,0.703,0.846,17.27,17.27,180.00,90.00,S
,0D7PWEWETBHF15VI1MNDB5,BPS-INNERWALL_3_0.01_0.15_0.01,0.30,0.703,0.846,6.47,4.70,270.00,90.00,W
,3Y2ZSSG$HAE9YR$W73BGHN,BPS-INNERWALL_3_0.01_0.15_0.01,0.30,0.703,0.846,0.05,0.05,0.00,180.00,
,0X5JRID7JEYPBCS3RLTU1Y,BPS-INNERWALL_3_0.01_0.15_0.01,0.30,0.703,0.846,0.15,0.15,0.00,90.00,N
,2V5ESCPPL1C9GSZPZ5KEN2,BPS-INNERWALL_3_0.01_0.15_0.01,0.30,0.703,0.846,0.30,0.30,180.00,90.00,S
,0AEMZYFSF7SFU5MYBJPPBC,BPS-INNERWALL_3_0.01_0.15_0.01,0.30,0.703,0.846,0.02,0.02,0.00,180.00,
,0R1$KQKBZEOEZHBKJKEIV0,BPS-INNERWALL_3_0.01_0.15_0.01,0.30,0.703,0.846,0.05,0.05,0.00,0.00,
,1YJEO7$MV7UP$B5K$9M6XC,BPS-INNERWALL_3_0.01_0.15_0.01,0.30,0.703,0.846,6.25,6.25,90.00,90.00,E
,2RVCZ$RPT3OUKXYMIYIPWA,BPS-INNERWALL_3_0.01_0.15_0.01,0.30,0.703,0.846,0.15,0.15,180.00,90.00,S
,1PQDBREID8LEBBGLFLEN0P,BPS-INNERWALL_3_0.01_0.15_0.01,0.30,0.703,0.846,0.22,0.22,90.00,90.00,E
,1SFRPI0XR1LH5VMGLLAKQ0,BPS-INNERWALL_3_0.01_0.15_0.01,0.30,0.703,0.846,1.26,1.26,90.00,90.00,E
,3IFU0BS758EFBWBVVYHIKP,BPS-INNERWALL_3_0.01_0.15_0.01,0.30,0.703,0.846,0.09,0.09,0.00,180.00,
,2LE74IPRT0XXFLPX9GDMET,BPS-INNERWALL_3_0.01_0.15_0.01,0.30,0.703,0.846,0.11,0.11,0.00,180.00,
,3AF5DRG9Z3$XNKXR1QPWTL,BPS-INNERWALL_3_0.01_0.15_0.01,0.30,0.703,0.846,1.26,1.26,90.00,90.00,E
,3RYQK5FGV3VRMCNNIUYDSA,BPS-INNERWALL_3_0.01_0.15_0.01,0.30,0.703,0.846,0.05,0.05,0.00,0.00,
,06LKMYCIH3ZXXUGGYXDSW9,BPS-INNERWALL_3_0.01_0.15_0.01,0.30,0.703,0.846,1.26,1.26,270.00,90.00,W
,0L2WAC__5A8F4UFK4FEA8Z,BPS-INNERWALL_3_0.01_0.15_0.01,0.30,0.703,0.846,17.57,17.57,0.00,90.00,N
,29TSOMGDV8JEJTBFFPQYHM,BPS-INNERWALL_3_0.01_0.15_0.01,0.30,0.703,0.846,4.35,4.35,0.00,90.00,N
,2NYZ81PSF6BGOVGVOUMZUJ,BPS-INNERWALL_3_0.01_0.15_0.01,0.30,0.703,0.846,0.15,0.15,0.00,90.00,N
,3QPGE26_NAJA2RDBFL$UGS,BPS-INNERWALL_3_0.01_0.15_0.01,0.30,0.703,0.846,2.55,2.55,90.00,90.00,E
,29M$MPSWH1IUISXPCJRHFZ,BPS-INNERWALL_3_0.01_0.15_0.01,0.30,0.703,0.846,0.15,0.15,180.00,90.00,S
,1RG61O_7DEAER8SHKMZQHP,BPS-INNERFLOOR_3_0.04_0.06_0.16,0.30,0.534,0.623,1.29,1.29,0.00,180.00,
,0ZHLJ7HA98HFEN8GGTURHR,BPS-INNERFLOOR_3_0.04_0.06_0.16,0.30,0.534,0.623,6.50,6.50,0.00,180.00,
,3T$S0H$LZ3WWT1ZKK$XR6L,BPS-INNERFLOOR_3_0.04_0.06_0.16,0.30,0.534,0.623,0.05,0.05,0.00,180.00,
,2VRI9JC711EGY9JJKJQVD6,BPS-INNERFLOOR_3_0.04_0.06_0.16,0.30,0.534,0.623,1.29,1.29,0.00,180.00,
,0YHG3RRBVE7RU2INSMZ$CC,BPS-INNERFLOOR_3_0.04_0.06_0.16,0.30,0.534,0.623,0.05,0.05,0.00,180.00,
,2NKX8_BIR5HQECWESOKUIE,BPS-INNERWALL_3_0.01_0.15_0.01,0.30,0.703,0.846,0.15,0.15,180.00,90.00,S
,2U7N_URVJ1RPINEZ6LWC4V,BPS-INNERWALL_3_0.01_0.15_0.01,0.30,0.703,0.846,0.15,0.15,180.00,90.00,S
,0$NP2PLN93NB3YOKAOG_XC,BPS-INNERWALL_3_0.01_0.15_0.01,0.30,0.703,0.846,10.92,10.92,0.00,90.00,N
,108DYRE9TEHRKR5URL8JZW,BPS-INNERWALL_3_0.01_0.15_0.01,0.30,0.703,0.846,0.05,0.05,0.00,180.00,
,1FUMQRQ658YX_IYKNFHAV8,BPS-INNERWALL_3_0.01_0.15_0.01,0.30,0.703,0.846,6.47,4.70,90.00,90.00,E
,0T6AH$CSB908JXMLXXKIUE,BPS-INNERWALL_3_0.01_0.15_0.01,0.30,0.703,0.846,0.15,0.15,0.00,90.00,N
,0VHZ$ZZDZCGGJTVNZXFRRM,BPS-INNERWALL_3_0.01_0.15_0.01,0.30,0.703,0.846,6.25,6.25,270.00,90.00,W
,0AOAEF9B5FQQ5LLIX1ELBI,BPS-INNERWALL_3_0.01_0.15_0.01,0.30,0.703,0.846,1.26,1.26,270.00,90.00,W
,2D4WUDMOB98VVNTKKQIGQO,BPS-INNERWALL_3_0.01_0.15_0.01,0.30,0.703,0.846,2.66,2.66,90.00,90.00,E
,0MCEFMXHR2LGYDCAQMOFTM,BPS-INNERWALL_3_0.01_0.15_0.01,0.30,0.703,0.846,0.22,0.22,270.00,90.00,W
,0JCT965H92ARBHRUNAGFKE,BPS-INNERWALL_3_0.01_0.15_0.01,0.30,0.703,0.846,0.15,0.15,0.00,90.00,N
,1PWZDMRBB0S9XRLNTF5_FR,BPS-INNERWALL_3_0.01_0.15_0.01,0.30,0.703,0.846,0.02,0.02,0.00,180.00,
,11MTLY5_D6QGHR5GRWEIPW,BPS-INNERWALL_3_0.01_0.15_0.01,0.30,0.703,0.846,1.26,1.26,270.00,90.00,W
,38HMG9KB15EEHGERMADI9P,BPS-INNERWALL_3_0.01_0.15_0.01,0.30,0.703,0.846,0.05,0.05,0.00,180.00,
,2SVVBACWXDCV7C1BVWWYNE,BPS-INNERWALL_3_0.01_0.15_0.01,0.30,0.703,0.846,4.35,4.35,180.00,90.00,S
,1UJOP1GHHETUBUFXVCLUWK,BPS-INNERWALL_3_0.01_0.15_0.01,0.30,0.703,0.846,0.11,0.11,0.00,180.00,
,3HMXH3BXXCUX3WMU392XPV,BPS-INNERWALL_3_0.01_0.15_0.01,0.30,0.703,0.846,4.35,4.35,0.00,90.00,N
,3GKLHKTZRFQ9CCDMBA4DUP,BPS-INNERWALL_3_0.01_0.15_0.01,0.30,0.703,0.846,0.05,0.05,0.00,0.00,
,3VFO8FWOL7E9CNF4JR3AN9,BPS-INNERWALL_3_0.01_0.15_0.01,0.30,0.703,0.846,1.26,1.26,90.00,90.00,E
,2KVB1JEX50SBEM9PSUI7RE,BPS-INNERWALL_3_0.01_0.15_0.01,0.30,0.703,0.846,0.05,0.05,0.00,0.00,
,3KVK$6WKFAFRULCHFCZ2$4,BPS-INNERWALL_3_0.01_0.15_0.01,0.30,0.703,0.846,1.26,1.26,90.00,90.00,E
,1TVNCAQ5HFVXTXJATIIFZ1,BPS-INNERWALL_3_0.01_0.15_0.01,0.30,0.703,0.846,0.35,0.35,0.00,90.00,N
,3TFTB3GO5CMOWEP7GH6CVK,BPS-INNERWALL_3_0.01_0.15_0.01,0.30,0.703,0.846,6.30,6.30,0.00,90.00,N
,3W1HNZ9EZE2XV7SWO_TL0E,BPS-INNERWALL_3_0.01_0.15_0.01,0.30,0.703,0.846,17.57,17.57,180.00,90.00,S
,2U0S3TZDBCNGGD4O42DLYH,BPS-INNERWALL_3_0.01_0.15_0.01,0.30,0.703,0.846,2.66,2.66,270.00,90.00,W
,0KSDIY6$B7MQRDTVGFS70H,BPS-INNERFLOOR_3_0.04_0.06_0.16,0.30,0.518,0.623,0.03,0.03,0.00,180.00,
,0CGHIEORR4HBRDSAXDYRZT,BPS-INNERFLOOR_3_0.04_0.06_0.16,0.30,0.534,0.623,6.48,6.48,0.00,180.00,
,0ZJCYQIS5CMHPJLZTT5_ER,BPS-INNERFLOOR_3_0.04_0.06_0.16,0.30,0.534,0.623,1.29,1.29,0.00,180.00,
,0EFPOKXQ9AP98JRDUGKB2I,BPS-INNERFLOOR_3_0.04_0.06_0.16,0.30,0.534,0.623,0.05,0.05,0.00,180.00,
,3MSXE6QFV4ERQYAPYMH3FP,BPS-INNERFLOOR_3_0.04_0.06_0.16,0.30,0.534,0.623,1.29,1.29,0.00,180.00,
,0M0SIAR8BD1E3POU43MYWP,BPS-INNERFLOOR_3_0.04_0.06_0.16,0.30,0.534,0.623,0.05,0.05,0.00,180.00,
,0IBLQ7AT5ARAOASWTTOVGA,BPS-INNERWALL_3_0.01_0.15_0.01,0.30,0.703,0.846,0.22,0.22,270.00,90.00,W
,25YH_JAGX7VHUR8DMYXMQT,BPS-INNERWALL_3_0.01_0.15_0.01,0.30,0.703,0.846,4.11,4.11,90.00,90.00,E
,1IL$CEM1P7QFETGCYOQHRY,BPS-INNERWALL_3_0.01_0.15_0.01,0.30,0.703,0.846,9.00,9.00,270.00,90.00,W
,1MSF_2U09DOWUFDB_WKFUZ,BPS-INNERWALL_3_0.01_0.15_0.01,0.30,0.703,0.846,0.88,0.88,180.00,90.00,S
,0IHZYRJUL8JHG9TWK8OZPK,BPS-INNERWALL_3_0.01_0.15_0.01,0.30,0.703,0.846,0.88,0.88,0.00,90.00,N
,3W0IFTSMBC0PNMRIOOHMLB,BPS-INNERWALL_3_0.01_0.15_0.01,0.30,0.703,0.846,0.35,0.35,90.00,90.00,E
,30EMFRLR55QGC10VPFZHRQ,BPS-INNERWALL_3_0.01_0.15_0.01,0.30,0.703,0.846,4.29,4.29,90.00,90.00,E
,24HXYWHFVFUGACKFWCWDWF,BPS-INNERWALL_3_0.01_0.15_0.01,0.30,0.703,0.846,0.70,0.70,90.00,90.00,E
,12DVQU5HJ91PUWARLS1BKE,BPS-INNERWALL_3_0.01_0.15_0.01,0.30,0.703,0.846,0.23,0.23,270.00,90.00,W
,3JQSZUQQPES81EROQZNQVA,BPS-INNERFLOOR_3_0.04_0.06_0.16,0.30,0.518,0.623,0.02,0.02,0.00,180.00,
,3OVSSRBF11DVPRZ0BDVTSP,BPS-INNERFLOOR_3_0.04_0.06_0.16,0.30,0.534,0.623,0.66,0.66,0.00,180.00,
,2ZTNLMCJV9_E9VTPDAHAXQ,BPS-INNERFLOOR_3_0.04_0.06_0.16,0.30,0.534,0.623,0.67,0.67,0.00,0.00,
,3ZQKCSM$R0RHRY0R8OO_TW,BPS-INNERWALL_3_0.01_0.15_0.01,0.30,0.703,0.846,0.52,0.52,0.00,90.00,N
,3K$ZQOHWVF_OT3ODZIM8VZ,BPS-INNERWALL_3_0.01_0.15_0.01,0.30,0.703,0.846,18.90,18.90,0.00,90.00,N
,2OLPR3SJJ6SWCRKO0KLURI,BPS-INNERWALL_3_0.01_0.15_0.01,0.30,0.703,0.846,19.26,19.26,270.00,90.00,W
,3ABSYZPTT0Q9SD0JBJTUK$,BPS-INNERWALL_3_0.01_0.15_0.01,0.30,0.703,0.846,4.41,2.18,0.00,90.00,N
,35DESU$SV70OBTVA3_9YFQ,BPS-INNERFLOOR_3_0.04_0.06_0.16,0.30,0.534,0.623,37.15,37.15,0.00,180.00,
,063B7ZGSLDSXEDIA$4G4FS,BPS-INNERFLOOR_3_0.04_0.06_0.16,0.30,0.518,0.623,0.34,0.34,0.00,180.00,
,3L4ABTFGN9GE5SCG01HSFB,BPS-INNERWALL_3_0.01_0.15_0.01,0.30,0.703,0.846,0.70,0.70,270.00,90.00,W
,0ACXPCTXL1FXLLTKQDG1NE,BPS-INNERWALL_3_0.01_0.15_0.01,0.30,0.703,0.846,0.22,0.22,90.00,90.00,E
,1LOIWRPGDDHELZYCMHFEVV,BPS-INNERWALL_3_0.01_0.15_0.01,0.30,0.703,0.846,0.88,0.88,180.00,90.00,S
,3LLDHHRLV8ZFZ9XIW65FOU,BPS-INNERWALL_3_0.01_0.15_0.01,0.30,0.703,0.846,0.88,0.88,0.00,90.00,N
,3BXO$OGTVD8QRI8T1U7B14,BPS-INNERWALL_3_0.01_0.15_0.01,0.30,0.703,0.846,0.35,0.35,270.00,90.00,W
,2OYAF2PKTBS9QWIKZGNSKE,BPS-INNERWALL_3_0.01_0.15_0.01,0.30,0.703,0.846,0.23,0.23,90.00,90.00,E
,3TYZKGPLRAGBT0YCJILHRT,BPS-INNERWALL_3_0.01_0.15_0.01,0.30,0.703,0.846,4.29,4.29,270.00,90.00,W
,3UXUCGKYV5L9RXZKVZPM1J,BPS-INNERWALL_3_0.01_0.15_0.01,0.30,0.703,0.846,9.00,9.00,90.00,90.00,E
,1R1XXQFEL4AVIH54YMUMNV,BPS-INNERWALL_3_0.01_0.15_0.01,0.30,0.703,0.846,4.11,4.11,270.00,90.00,W
,2T_8$HGSHFHRP2VNNI54A9,BPS-INNERFLOOR_3_0.04_0.06_0.16,0.30,0.534,0.623,0.66,0.66,0.00,180.00,
,3GMYIX71D0UBJNWF$CY0UD,BPS-INNERFLOOR_3_0.04_0.06_0.16,0.30,0.518,0.623,0.02,0.02,0.00,180.00,
,268FXAWOJ39Q4_9NJZG8LJ,BPS-INNERFLOOR_3_0.04_0.06_0.16,0.30,0.534,0.623,0.33,0.33,0.00,0.00,
,0LHWIPQRVAFFNJQPB5TX_E,BPS-INNERFLOOR_3_0.04_0.06_0.16,0.30,0.550,0.623,0.04,0.04,0.00,0.00,
,1DWSSICZPENGNY2NT5YJ9_,BPS-INNERFLOOR_3_0.04_0.06_0.16,0.30,0.534,0.623,0.31,0.31,0.00,0.00,
,1SMI_93XF9NUK_G9TDDYRY,BPS-INNERWALL_3_0.01_0.15_0.01,0.30,0.703,0.846,14.18,11.95,270.00,90.00,W
,24YNHL4NRCOVCQTHZA6LBC,BPS-INNERWALL_3_0.01_0.15_0.01,0.30,0.703,0.846,18.90,18.90,180.00,90.00,S
,3AZAVG$0ZEQBAANLNDJ1VM,BPS-INNERWALL_3_0.01_0.15_0.01,0.30,0.703,0.846,18.90,18.90,0.00,90.00,N
,1ESC9GRMHB1WU7LBFABWI3,BPS-INNERFLOOR_3_0.04_0.06_0.16,0.30,0.518,0.623,1.35,1.35,0.00,180.00,
,3HL7ADXB1EJPM6N5KMHPUP,BPS-INNERFLOOR_3_0.04_0.06_0.16,0.30,0.518,0.623,1.08,1.08,0.00,180.00,
,2DEU8SVLP9WGJX31TJUUQG,BPS-INNERFLOOR_3_0.04_0.06_0.16,0.30,0.534,0.623,6.33,6.33,0.00,180.00,
,2NY8OELPZ46BIW4XPQNSAL,BPS-INNERFLOOR_3_0.04_0.06_0.16,0.30,0.534,0.623,6.35,6.35,0.00,180.00,
,14KH_800X83A38WXBBC6D$,BPS-INNERFLOOR_3_0.04_0.06_0.16,0.30,0.534,0.623,6.62,6.62,0.00,180.00,
,2KJ_DT8ZHDD9OGPTJWBIN0,BPS-INNERFLOOR_3_0.04_0.06_0.16,0.30,0.518,0.623,0.15,0.15,0.00,180.00,
,2PLRDPQDL04QSAHCKSXEBC,BPS-INNERWALL_3_0.01_0.15_0.01,0.30,0.703,0.846,18.90,18.90,180.00,90.00,S
,1QO2FZLHN30X0_BBPQANMI,BPS-INNERWALL_3_0.01_0.15_0.01,0.30,0.703,0.846,13.81,11.59,90.00,90.00,E
,3YBPOMUOZCXQKMJ2GH7UGI,BPS-INNERWALL_3_0.01_0.15_0.01,0.30,0.703,0.846,18.90,18.90,0.00,90.00,N
,1TGWGPT0Z5APAYLB43OBNQ,BPS-INNERFLOOR_3_0.04_0.06_0.16,0.30,0.534,0.623,21.31,21.31,0.00,180.00,
,0RUBT7FEVE98AZB_B7H2WP,BPS-INNERWALL_3_0.01_0.15_0.01,0.30,0.703,0.846,0.05,0.05,0.00,180.00,
,3S0NPNUQD6NAGVOWJX0CVO,BPS-INNERWALL_3_0.01_0.15_0.01,0.30,0.703,0.846,0.15,0.15,0.00,90.00,N
,10KUSYXEX0UFZ8XUHEONV1,BPS-INNERWALL_3_0.01_0.15_0.01,0.30,0.703,0.846,10.78,10.78,0.00,90.00,N
,2AOHXTSGN6_9YM$IF6NSFD,BPS-INNERWALL_3_0.01_0.15_0.01,0.30,0.703,0.846,5.08,5.08,270.00,90.00,W
,2KUYRA1_L0DXARPNFBZD4E,BPS-INNERWALL_3_0.01_0.15_0.01,0.30,0.703,0.846,8.58,6.80,90.00,90.00,E
,1L4YYJNAJ2IH140FCBKYUK,BPS-INNERWALL_3_0.01_0.15_0.01,0.30,0.703,0.846,0.35,0.35,0.00,90.00,N
,2TYRZILEH4KFFS5QZ4VD76,BPS-INNERWALL_3_0.01_0.15_0.01,0.30,0.703,0.846,0.05,0.05,0.00,0.00,
,1XQ4A1FQ14TRD0YNNFNUPC,BPS-INNERWALL_3_0.01_0.15_0.01,0.30,0.703,0.846,0.13,0.13,0.00,180.00,
,2698WDD0517FBCVRSIW8HR,BPS-INNERWALL_3_0.01_0.15_0.01,0.30,0.703,0.846,5.08,5.08,90.00,90.00,E
,2Z1GXCSIT8YO2GFTGSJVUR,BPS-INNERWALL_3_0.01_0.15_0.01,0.30,0.703,0.846,0.88,0.88,0.00,90.00,N
,0ML2OGAWR4UE21ARWJBNMN,BPS-INNERWALL_3_0.01_0.15_0.01,0.30,0.703,0.846,0.15,0.15,0.00,90.00,N
,0BKI4YIXLAMFJHVRDKRMES,BPS-INNERWALL_3_0.01_0.15_0.01,0.30,0.703,0.846,0.07,0.07,0.00,90.00,N
,04DWUR8R9E6VPTLH_SPOS6,BPS-INNERWALL_3_0.01_0.15_0.01,0.30,0.703,0.846,6.30,6.30,0.00,90.00,N
,1ABTEJGVDBGHK$_IRJD0JS,BPS-INNERWALL_3_0.01_0.15_0.01,0.30,0.703,0.846,4.20,4.20,270.00,90.00,W
,0GODNJ4NZ1KHCJSE5WRW$A,BPS-INNERWALL_3_0.01_0.15_0.01,0.30,0.703,0.846,5.95,5.95,270.00,90.00,W
,2Q3FUXYJB0W91T6VWZKPUW,BPS-INNERWALL_3_0.01_0.15_0.01,0.30,0.703,0.846,0.15,0.15,180.00,90.00,S
,0OBLG1GWJB2E7APGOSZCAN,BPS-INNERWALL_3_0.01_0.15_0.01,0.30,0.703,0.846,0.23,0.23,0.00,90.00,N
,3UBF6DNW5BBEVNFQJPGILO,BPS-INNERWALL_3_0.01_0.15_0.01,0.30,0.703,0.846,5.95,5.95,90.00,90.00,E
,239T7U5IZEKOSMRFQ2GSSY,BPS-INNERWALL_3_0.01_0.15_0.01,0.30,0.703,0.846,18.76,18.76,180.00,90.00,S
,0YMVOEQ3X6RANXOHWSVTTT,BPS-INNERWALL_3_0.01_0.15_0.01,0.30,0.703,0.846,0.35,0.35,270.00,90.00,W
,29PLOHSQD9KFUIMTA$FBOH,BPS-INNERWALL_3_0.01_0.15_0.01,0.30,0.703,0.846,3.33,3.33,270.00,90.00,W
,2CI2HKAOB49XK7U6HGYZ8E,BPS-INNERWALL_3_0.01_0.15_0.01,0.30,0.703,0.846,0.70,0.70,270.00,90.00,W
,0ROZ63$SFFUO_BYATDCMRZ,BPS-INNERFLOOR_3_0.04_0.06_0.16,0.30,0.534,0.623,2.35,2.35,0.00,180.00,
,2XB0BLYJBD98QTHESLY$UL,BPS-INNERFLOOR_3_0.04_0.06_0.16,0.30,0.518,0.623,0.54,0.54,0.00,180.00,
,04FI1OG0T9BQB3NSIJHBMO,BPS-INNERFLOOR_3_0.04_0.06_0.16,0.30,0.534,0.623,10.08,10.08,0.00,180.00,
,2H176ZZUF9HBGW81GHO3_T,BPS-INNERFLOOR_3_0.04_0.06_0.16,0.30,0.534,0.623,0.05,0.05,0.00,180.00,
,3ZS9VK9HXABUEH2D7CSLXJ,BPS-INNERFLOOR_3_0.04_0.06_0.16,0.30,0.550,0.623,0.77,0.77,0.00,0.00,
,3QII1O1YZBE9507SUBUHRB,BPS-INNERFLOOR_3_0.04_0.06_0.16,0.30,0.534,0.623,6.48,6.48,0.00,0.00,
,3W3A5T9BLCDOQ4NVUW9$KN,BPS-INNERFLOOR_3_0.04_0.06_0.16,0.30,0.534,0.623,0.05,0.05,0.00,0.00,
,0VR8XY8E96YQK4TL3UVCPH,BPS-INNERFLOOR_3_0.04_0.06_0.16,0.30,0.534,0.623,1.29,1.29,0.00,0.00,
,0FNXPOWKR8NO63GXXGWHIV,BPS-INNERFLOOR_3_0.04_0.06_0.16,0.30,0.534,0.623,1.29,1.29,0.00,0.00,
,1UTZ6HJLDFIGXHMPX9QSTM,BPS-INNERFLOOR_3_0.04_0.06_0.16,0.30,0.534,0.623,0.29,0.29,0.00,0.00,
,3INNEZ7W12ARQDINKFD6OZ,BPS-INNERFLOOR_3_0.04_0.06_0.16,0.30,0.534,0.623,0.33,0.33,0.00,0.00,
,3MBI70_WRDSR6QZ$CCIKAW,BPS-INNERFLOOR_3_0.04_0.06_0.16,0.30,0.550,0.623,1.61,1.61,0.00,0.00,
,2GWIAE1YJDSOLIJW9YSXAC,BPS-INNERFLOOR_3_0.04_0.06_0.16,0.30,0.534,0.623,0.61,0.61,0.00,0.00,
,3XN0FXVHZ0QQF7BYLUNQJ5,BPS-INNERFLOOR_3_0.04_0.06_0.16,0.30,0.534,0.623,0.05,0.05,0.00,0.00,
,2STPQ0L_11BP2X4TAQYP9I,BPS-INNERFLOOR_3_0.04_0.06_0.16,0.30,0.534,0.623,0.36,0.36,0.00,0.00,
,3CC0LILVP7CFOZK7CPECV2,BPS-INNERWALL_3_0.01_0.15_0.01,0.30,0.703,0.846,23.98,21.75,180.00,90.00,S
,15BMGXO2NACUCBBDLC1TOC,BPS-INNERWALL_3_0.01_0.15_0.01,0.30,0.703,0.846,18.99,18.99,90.00,90.00,E
,0OKKSQ1GZ56BFB$OFV5C_Z,BPS-INNERWALL_3_0.01_0.15_0.01,0.30,0.703,0.846,18.99,18.99,270.00,90.00,W
,2BJBRZYO9AS8N0QK7O4UYK,BPS-INNERFLOOR_3_0.04_0.06_0.16,0.30,0.518,0.623,2.11,2.11,0.00,180.00,
,2HTCAN8RR17XAIH8PVEXMH,BPS-INNERFLOOR_3_0.04_0.06_0.16,0.30,0.534,0.623,26.49,26.49,0.00,180.00,
,26KIPUDXHEIP2GGKQGSFYE,BPS-INNERFLOOR_3_0.04_0.06_0.16,0.30,0.534,0.623,8.58,8.58,0.00,180.00,
,2OUIUP58BDKQQISEFJQGU7,BPS-INNERFLOOR_3_0.04_0.06_0.16,0.30,0.534,0.623,37.17,37.17,0.00,0.00,
,1BVLONHOZBLVLISUIFIBBJ,BPS-INNERWALL_3_0.01_0.15_0.01,0.30,0.703,0.846,0.23,0.23,0.00,90.00,N
,3XA2SHVWH7$H1WZBQ0SLJF,BPS-INNERWALL_3_0.01_0.15_0.01,0.30,0.703,0.846,0.13,0.13,0.00,180.00,
,1TR66ONP56A8PIIXGPOCX9,BPS-INNERWALL_3_0.01_0.15_0.01,0.30,0.703,0.846,0.15,0.15,0.00,90.00,N
,2CFB6OYOJFLEO2WQ2DYYPC,BPS-INNERWALL_3_0.01_0.15_0.01,0.30,0.703,0.846,5.95,5.95,90.00,90.00,E
,3PJY9YF256AGBTEZY7USD6,BPS-INNERWALL_3_0.01_0.15_0.01,0.30,0.703,0.846,0.15,0.15,180.00,90.00,S
,0GM_YIS_BDREMSCATJIX07,BPS-INNERWALL_3_0.01_0.15_0.01,0.30,0.703,0.846,10.70,10.70,0.00,90.00,N
,3OGUM0EFLBLBGL$EUHPBFV,BPS-INNERWALL_3_0.01_0.15_0.01,0.30,0.703,0.846,3.33,3.33,90.00,90.00,E
,09C4UKOUF1ORHQGOPIYYCD,BPS-INNERWALL_3_0.01_0.15_0.01,0.30,0.703,0.846,0.05,0.05,0.00,90.00,N
,3_7TYFBZFADB7ZN03JLR$K,BPS-INNERWALL_3_0.01_0.15_0.01,0.30,0.703,0.846,0.05,0.05,0.00,180.00,
,0MCZ_XVZL95VWTZD_GY4CW,BPS-INNERWALL_3_0.01_0.15_0.01,0.30,0.703,0.846,0.35,0.35,0.00,90.00,N
,2DY1Z1P315QWFV6VCSLPVP,BPS-INNERWALL_3_0.01_0.15_0.01,0.30,0.703,0.846,0.17,0.17,0.00,90.00,N
,14DBZM6WH8SBE0YYMEI4RT,BPS-INNERWALL_3_0.01_0.15_0.01,0.30,0.703,0.846,5.08,5.08,270.00,90.00,W
,0DKZ2J9S52VXT7WDK66Y2Y,BPS-INNERWALL_3_0.01_0.15_0.01,0.30,0.703,0.846,0.70,0.70,90.00,90.00,E
,0DRXAD5Z9FIROJYVUMETKE,BPS-INNERWALL_3_0.01_0.15_0.01,0.30,0.703,0.846,18.67,18.67,180.00,90.00,S
,1W4QNLCWH38OV5VZ0VVTN6,BPS-INNERWALL_3_0.01_0.15_0.01,0.30,0.703,0.846,0.35,0.35,90.00,90.00,E
,3FB1HHU8BBLOIV$YQSJAX3,BPS-INNERWALL_3_0.01_0.15_0.01,0.30,0.703,0.846,6.30,6.30,0.00,90.00,N
,3V4SLNK5J8HPHFKXGGM4H7,BPS-INNERWALL_3_0.01_0.15_0.01,0.30,0.703,0.846,0.05,0.05,0.00,0.00,
,3WVU9JSOD2BUNMOU7LHVX1,BPS-INNERWALL_3_0.01_0.15_0.01,0.30,0.703,0.846,5.95,5.95,270.00,90.00,W
,3CEQ6M0SN6CBSXPY2M4JNM,BPS-INNERWALL_3_0.01_0.15_0.01,0.30,0.703,0.846,4.20,4.20,90.00,90.00,E
,366KTMP_BFJPAKXHCCSMGL,BPS-INNERWALL_3_0.01_0.15_0.01,0.30,0.703,0.846,8.58,6.80,270.00,90.00,W
,3SQ8J7QND5VHTL3NDG4X63,BPS-INNERWALL_3_0.01_0.15_0.01,0.30,0.703,0.846,5.08,5.08,90.00,90.00,E
,38K9PYF1N0OQ3JVZOQ1ZWX,BPS-INNERWALL_3_0.01_0.15_0.01,0.30,0.703,0.846,0.88,0.88,0.00,90.00,N
,0NW2ZYJXL0IH$1IGKRVTMI,BPS-INNERFLOOR_3_0.04_0.06_0.16,0.30,0.534,0.623,0.05,0.05,0.00,180.00,
,30WQ_XAA10SEJAGGYRJBSQ,BPS-INNERFLOOR_3_0.04_0.06_0.16,0.30,0.534,0.623,2.35,2.35,0.00,180.00,
,3VYJVKCVR8$OUX0VS14VS_,BPS-INNERFLOOR_3_0.04_0.06_0.16,0.30,0.518,0.623,0.53,0.53,0.00,180.00,
,16XBN1XI96WFCHG$Y6VNQS,BPS-INNERFLOOR_3_0.04_0.06_0.16,0.30,0.534,0.623,10.02,10.02,0.00,180.00,
,0L449Z7LP6EX$Y0KQBUEUG,BPS-INNERFLOOR_3_0.04_0.06_0.16,0.30,0.534,0.623,0.05,0.05,0.00,0.00,
,0JNKIESR5AUE3GDIJJT4OC,BPS-INNERFLOOR_3_0.04_0.06_0.16,0.30,0.534,0.623,0.05,0.05,0.00,0.00,
,3NTU6FG6V4D9GLZI8BUVCL,BPS-INNERFLOOR_3_0.04_0.06_0.16,0.30,0.534,0.623,1.80,1.80,0.00,0.00,
,0MQBDSI2FDLUE2AHOTLNRE,BPS-INNERFLOOR_3_0.04_0.06_0.16,0.30,0.550,0.623,0.72,0.72,0.00,0.00,
,2JG7ULV_R6JUJPB0ZNV1T5,BPS-INNERFLOOR_3_0.04_0.06_0.16,0.30,0.534,0.623,1.29,1.29,0.00,0.00,
,33ZP_ONBT45HYWXAJRAMEG,BPS-INNERFLOOR_3_0.04_0.06_0.16,0.30,0.550,0.623,0.27,0.27,0.00,0.00,
,1_CSKH4WZFXUTQWD3M$4DA,BPS-INNERFLOOR_3_0.04_0.06_0.16,0.30,0.534,0.623,6.99,6.99,0.00,0.00,
,0DRGIALPLARPVHQK4PXC54,BPS-INNERFLOOR_3_0.04_0.06_0.16,0.30,0.534,0.623,0.25,0.25,0.00,0.00,
,2TOAKNYQF1IAOFNRVWYODR,BPS-INNERFLOOR_3_0.04_0.06_0.16,0.30,0.534,0.623,1.66,1.66,0.00,0.00,
,369Q7KUDL5B88K_PWE06RF,BPS-INNERWALL_3_0.01_0.15_0.01,0.30,0.703,0.846,20.25,17.91,180.00,90.00,S
,074YCQVGB45R9LAZZP4SOF,BPS-INNERWALL_3_0.01_0.15_0.01,0.30,0.703,0.846,11.38,11.38,270.00,90.00,W
,0MKEFY_1ZDUWZEYF5XHVEE,BPS-INNERWALL_3_0.01_0.15_0.01,0.30,0.703,0.846,11.78,11.78,90.00,90.00,E
,0LYJM9AEH9NEQKD9CULAFP,BPS-INNERWALL_3_0.01_0.15_0.01,0.30,0.703,0.846,0.39,0.39,270.00,90.00,W
,1$GUHZGBBBZUB36UN_75HA,BPS-INNERFLOOR_3_0.04_0.06_0.16,0.30,0.534,0.623,26.49,26.49,0.00,0.00,
,1OFDLZHBNAMF7KOBLHDBLH,BPS-INNERWALL_3_0.01_0.15_0.01,0.30,0.703,0.846,9.80,9.80,180.00,90.00,S
,1LVJ6QWHDCSAEO01ON2_VZ,BPS-INNERWALL_3_0.01_0.15_0.01,0.30,0.703,0.846,0.56,0.56,180.00,90.00,S
,0JTOOGETD8YWQX_W4V56RD,BPS-INNERFLOOR_3_0.04_0.06_0.16,0.30,0.542,0.623,0.29,0.29,0.00,90.00,N
,1ABCPR3DX3WXVR282NC31Y,BPS-INNERFLOOR_3_0.04_0.06_0.16,0.30,0.542,0.623,0.29,0.29,0.00,90.00,N
,21IKFJSQ94EEXRCRUL2S_J,BPS-INNERFLOOR_3_0.04_0.06_0.16,0.30,0.542,0.623,0.87,0.87,90.00,90.00,E
,26L3FQP$9A5RIUD34MO4YX,BPS-INNERWALL_3_0.01_0.15_0.01,0.30,0.703,0.846,0.75,0.75,270.00,90.00,W
,3BZ3ESHMX8FGR1CC2LKQE0,BPS-INNERWALL_3_0.01_0.15_0.01,0.30,0.703,0.846,0.70,0.70,180.00,90.00,S
,2IGMGGLLJ7HR_HGEUU3IPL,BPS-INNERWALL_3_0.01_0.15_0.01,0.30,0.703,0.846,5.42,5.42,180.00,90.00,S
,2LF6GVHAH94RAQ3CI13L1L,BPS-INNERWALL_3_0.01_0.15_0.01,0.30,0.703,0.846,10.02,10.02,270.00,90.00,W
,2FI2W4ENN3PGDDUJEAYURT,BPS-INNERFLOOR_3_0.04_0.06_0.16,0.30,0.542,0.623,0.01,0.01,90.00,90.00,E
,3JIKDI$TD9AREAP4NDY0C2,BPS-INNERWALL_3_0.01_0.15_0.01,0.30,0.703,0.846,13.91,13.91,90.00,90.00,E
,3LC6GWSTR8RPVOGKU_CIGL,BPS-INNERWALL_3_0.01_0.15_0.01,0.30,0.703,0.846,0.70,0.70,180.00,90.00,S
,0E1CMN6URFRRFKLMELWLNT,BPS-INNERWALL_3_0.01_0.15_0.01,0.30,0.703,0.846,0.60,0.60,0.00,90.00,N
,2IHZWMIOXBOO3VK4BGYTR8,BPS-INNERWALL_3_0.01_0.15_0.01,0.30,0.703,0.846,11.93,11.93,0.00,90.00,N
,2NPEE_RZB1V8YX0XY3I6WM,BPS-INNERWALL_3_0.01_0.15_0.01,0.30,0.703,0.846,4.11,4.11,270.00,90.00,W
,3EMP8MZ4J63QPQXKUT5XHY,BPS-INNERFLOOR_3_0.04_0.06_0.16,0.30,0.542,0.623,0.01,0.01,270.00,90.00,W
,31JW8NFE51FW8NXAS1D0LR,BPS-INNERWALL_3_0.01_0.15_0.01,0.30,0.703,0.846,23.62,21.35,0.00,90.00,N
,1KVDWYDAZ8TUXJEBJKQAVK,BPS-INNERWALL_3_0.01_0.15_0.01,0.30,0.703,0.846,1.32,1.32,90.00,90.00,E
,34BD4$ZWZCDWGFOO$IR0L0,BPS-INNERWALL_3_0.01_0.15_0.01,0.30,0.703,0.846,6.00,3.30,180.00,90.00,S
,2HZ28EQ3LFEQPKGXGKDGTD,BPS-INNERWALL_3_0.01_0.15_0.01,0.30,0.703,0.846,5.42,5.42,180.00,90.00,S
,17FSQFYQL0YBF974T6WQBV,BPS-INNERWALL_3_0.01_0.15_0.01,0.30,0.703,0.846,4.11,4.11,270.00,90.00,W
,3T_TKKDALDMEODIIHK5QF9,BPS-INNERFLOOR_3_0.04_0.06_0.16,0.30,0.542,0.623,0.04,0.04,90.00,90.00,E
,1KEKU32_X3Y8P2LXHUYDNE,BPS-INNERWALL_3_0.01_0.15_0.01,0.30,0.703,0.846,4.11,1.84,90.00,90.00,E
,0M9WRWSGH4YQ3COTGU8AYR,BPS-INNERWALL_3_0.01_0.15_0.01,0.30,0.703,0.846,0.70,0.70,180.00,90.00,S
,2ZQ11SCJVCHG1QZAA8T7E4,BPS-INNERWALL_3_0.01_0.15_0.01,0.30,0.703,0.846,3.60,3.60,270.00,90.00,W
,3ILPYCECVD5XBC24SSMWAB,BPS-INNERWALL_3_0.01_0.15_0.01,0.30,0.703,0.846,3.86,3.86,270.00,90.00,W
,0PLO90UEJ7Z865DWH5$OU0,BPS-INNERWALL_3_0.01_0.15_0.01,0.30,0.703,0.846,8.23,8.23,270.00,90.00,W
,1ZRGWC6JTCPH9CVYUGMDNI,BPS-INNERWALL_3_0.01_0.15_0.01,0.30,0.703,0.846,0.73,0.73,270.00,90.00,W
,2MFAUQZFP8QFD7U$CQ1IDI,BPS-INNERWALL_3_0.01_0.15_0.01,0.30,0.703,0.846,4.68,4.68,270.00,90.00,W
,06ZGXJO$NDG91XBT8FTXBK,BPS-INNERFLOOR_3_0.04_0.06_0.16,0.30,0.542,0.623,0.04,0.04,0.00,90.00,N
,3FEJVLJN14HO_FZ5JD$OJM,BPS-INNERWALL_3_0.01_0.15_0.01,0.30,0.703,0.846,1.07,1.07,90.00,90.00,E
,13YHZP1G5B5EDUD_ADVHLL,BPS-INNERWALL_3_0.01_0.15_0.01,0.30,0.703,0.846,7.73,5.39,0.00,90.00,N
,0SBC4QXEPFLH91DZ8CGC_O,BPS-INNERWALL_3_0.01_0.15_0.01,0.30,0.703,0.846,0.78,0.78,270.00,90.00,W
,303FOSTW1DOAVVWW6JMO_S,BPS-INNERFLOOR_3_0.04_0.06_0.16,0.30,0.542,0.623,0.28,0.28,0.00,90.00,N
,20XANRLDZDRQCY8U6DRUUA,BPS-INNERWALL_3_0.01_0.15_0.01,0.30,0.703,0.846,4.38,4.38,270.00,90.00,W
,1GPJD6NRV288ATTCXTBCDB,BPS-INNERFLOOR_3_0.04_0.06_0.16,0.30,0.542,0.623,1.04,1.04,90.00,90.00,E
,1$QPJAL0H4DHPO2SDZQHGS,BPS-INNERWALL_3_0.01_0.15_0.01,0.30,0.703,0.846,0.60,0.60,270.00,90.00,W
,01RDUU5796IWC0FNAWGOBM,BPS-INNERWALL_3_0.01_0.15_0.01,0.30,0.703,0.846,0.42,0.42,180.00,90.00,S
,1WHUYKPC13$VCSUY3D7D7M,BPS-INNERFLOOR_3_0.04_0.06_0.16,0.30,0.542,0.623,0.62,0.62,180.00,90.00,S
,0WJ5HKACPF3PRJDQ4OIG4W,BPS-INNERFLOOR_3_0.04_0.06_0.16,0.30,0.542,0.623,0.70,0.70,180.00,90.00,S
,2B78OCQKT1SHDRXXCO5EM6,BPS-INNERWALL_3_0.01_0.15_0.01,0.30,0.703,0.846,4.65,4.65,180.00,90.00,S
,3XG3XQIQP5XQ83$B4TXAQK,BPS-INNERWALL_3_0.01_0.15_0.01,0.30,0.703,0.846,0.73,0.73,270.00,90.00,W
,26RPLTVO1E8UTMUDTUDIK3,BPS-INNERFLOOR_3_0.04_0.06_0.16,0.30,0.542,0.623,0.22,0.22,0.00,90.00,N
,2XBVTWQ0Z8DXXUT5ZSVGFJ,BPS-INNERWALL_3_0.01_0.15_0.01,0.30,0.703,0.846,9.40,9.40,270.00,90.00,W
,2MO7TFTNRDTW0PFEERNGGI,BPS-INNERWALL_3_0.01_0.15_0.01,0.30,0.703,0.846,0.63,0.63,90.00,90.00,E
,15V_CQY7B1CE9OEH1AKKRN,BPS-INNERWALL_3_0.01_0.15_0.01,0.30,0.703,0.846,9.80,9.80,180.00,90.00,S
,2XXU8MFDJEJWKWXATLEWFM,BPS-INNERFLOOR_3_0.04_0.06_0.16,0.30,0.542,0.623,0.19,0.19,0.00,90.00,N
,3CRQMTVK9BV9BXI9TFADZ5,BPS-INNERWALL_3_0.01_0.15_0.01,0.30,0.703,0.846,0.60,0.60,180.00,90.00,S
,1S3CQBUDZ8UR9_XEBTH7RA,BPS-INNERWALL_3_0.01_0.15_0.01,0.30,0.703,0.846,0.60,0.60,180.00,90.00,S
,3USSC$LZH6X9KI7NUGR_EV,BPS-INNERWALL_3_0.01_0.15_0.01,0.30,0.703,0.846,7.00,4.48,180.00,90.00,S
,19BWU0TJD4FQJDKGXRTWL_,BPS-INNERFLOOR_3_0.04_0.06_0.16,0.30,0.542,0.623,0.11,0.11,270.00,90.00,W
,0KTOZ_6MR1DFPA9R1J64N3,BPS-INNERWALL_3_0.01_0.15_0.01,0.30,0.703,0.846,23.63,21.35,0.00,90.00,N
,3D1ZQR2JJ1UR0HJTDCEZKV,BPS-INNERFLOOR_3_0.04_0.06_0.16,0.30,0.542,0.623,0.70,0.70,0.00,90.00,N
,1BSRNNBQL8BRZQDUHIB5B_,BPS-INNERFLOOR_3_0.04_0.06_0.16,0.30,0.542,0.623,0.05,0.05,270.00,90.00,W
,3IWZYP_GTAH8I_NYJGYAZY,BPS-INNERWALL_3_0.01_0.15_0.01,0.30,0.703,0.846,7.00,4.48,180.00,90.00,S
,2N0SC8BOZ0OHSUNWMEAH6J,BPS-INNERWALL_3_0.01_0.15_0.01,0.30,0.703,0.846,0.70,0.70,180.00,90.00,S
,0TDWJ11SNCB9VJV5SY5BUZ,BPS-INNERFLOOR_3_0.04_0.06_0.16,0.30,0.542,0.623,0.15,0.15,0.00,90.00,N
,2FRPDETQD7SWLATYCUHSJV,BPS-INNERWALL_3_0.01_0.15_0.01,0.30,0.703,0.846,0.42,0.42,180.00,90.00,S
,2P5VENWA5COGJUDQJHEERH,BPS-INNERWALL_3_0.01_0.15_0.01,0.30,0.703,0.846,18.73,18.73,90.00,90.00,E
,091X1PPVL5MFCNX9ZKHBWF,BPS-INNERWALL_3_0.01_0.15_0.01,0.30,0.703,0.846,0.64,0.64,270.00,90.00,W
,2KU1VJ7KH8MHTB1G21AKD0,BPS-INNERFLOOR_3_0.04_0.06_0.16,0.30,0.518,0.623,0.17,0.17,0.00,180.00,
,3DGASN_NV5JAXZT__K4VAL,BPS-INNERFLOOR_3_0.04_0.06_0.16,0.30,0.518,0.623,0.16,0.16,0.00,180.00,
,3WJRXMJSXF8R5VUOAHL0ZV,BPS-INNERFLOOR_3_0.04_0.06_0.16,0.30,0.518,0.623,8.40,8.40,0.19,180.00,
,3IOPS5XRL2OWDIQSQXYM5P,BPS-INNERFLOOR_3_0.04_0.06_0.16,0.30,0.518,0.623,0.25,0.25,0.00,180.00,
,3VPUQ3ZHBCURILKKHFAJC3,BPS-INNERFLOOR_3_0.04_0.06_0.16,0.30,0.518,0.623,0.17,0.17,0.00,180.00,
,3IHVKIEZNDJQCEXRVQXTD6,BPS-INNERFLOOR_3_0.04_0.06_0.16,0.30,0.518,0.623,7.77,7.77,0.00,180.00,
,1TAWAVQON7NOKHQLFU22OU,BPS-INNERFLOOR_3_0.04_0.06_0.16,0.30,0.550,0.623,0.17,0.17,0.00,0.00,
,1EPSOLCDJBKWHGOBL91$ZT,BPS-INNERFLOOR_3_0.04_0.06_0.16,0.30,0.550,0.623,0.17,0.17,0.00,0.00,
,17KXJDC7T0XO237ROSTAQ7,BPS-INNERFLOOR_3_0.04_0.06_0.16,0.30,0.550,0.623,0.16,0.16,0.00,0.00,
,2S5MZDJYH6LRS5GFVYXGST,BPS-INNERFLOOR_3_0.04_0.06_0.16,0.30,0.550,0.623,8.40,8.40,0.00,0.00,
,2ACEUUO_B9TPKZ2ZQ8DAGS,BPS-INNERFLOOR_3_0.04_0.06_0.16,0.30,0.550,0.623,0.25,0.25,0.00,0.00,
,1BIF3HUFXDHPT6Q27GZBLN,BPS-INNERFLOOR_3_0.04_0.06_0.16,0.30,0.550,0.623,7.77,7.77,0.00,0.00,
,2HYKZY25LB8GVGYW$KEM5H,BPS-INNERFLOOR_3_0.04_0.06_0.16,0.30,0.550,0.623,0.17,0.17,0.00,0.00,
,1MCMYIZV19SVRWYAHRDAUX,BPS-INNERWALL_3_0.01_0.15_0.01,0.30,0.703,0.846,0.15,0.15,0.00,90.00,N
,1HCSG0LNHB2ERUFZWEOBUS,BPS-INNERWALL_3_0.01_0.15_0.01,0.30,0.703,0.846,0.05,0.05,0.00,180.00,
,2MPOAIDSR1H90N4BCFZDH7,BPS-INNERWALL_3_0.01_0.15_0.01,0.30,0.703,0.846,1.26,1.26,90.00,90.00,E
,03_ER0PHPBDO4BNJQOE8RK,BPS-INNERWALL_3_0.01_0.15_0.01,0.30,0.703,0.846,0.09,0.09,0.00,180.00,
,0KKQ4BSUX1WRJAKKJBBIII,BPS-INNERWALL_3_0.01_0.15_0.01,0.30,0.703,0.846,0.30,0.30,0.00,90.00,N
,1YEJJW23X76BEJOIJEAS9E,BPS-INNERWALL_3_0.01_0.15_0.01,0.30,0.703,0.846,1.26,1.26,90.00,90.00,E
,3ASUV4H5VBL9ILKCNCMYIT,BPS-INNERWALL_3_0.01_0.15_0.01,0.30,0.703,0.846,17.27,17.27,0.00,90.00,N
,2Q2YBHARVF8FJY4V5KUOJ1,BPS-INNERWALL_3_0.01_0.15_0.01,0.30,0.703,0.846,6.47,4.70,270.00,90.00,W
,1RN4CXO8P5KEIL04KTU5OV,BPS-INNERWALL_3_0.01_0.15_0.01,0.30,0.703,0.846,4.35,4.35,180.00,90.00,S
,1GAUXF6AZ7RQKSRBEY7EI4,BPS-INNERWALL_3_0.01_0.15_0.01,0.30,0.703,0.846,0.05,0.05,0.00,180.00,
,0NOXACNQZFFEZFRZ8QGSO7,BPS-INNERWALL_3_0.01_0.15_0.01,0.30,0.703,0.846,0.22,0.22,90.00,90.00,E
,3AJCCOQML6BEC5LHTLCO0W,BPS-INNERWALL_3_0.01_0.15_0.01,0.30,0.703,0.846,0.02,0.02,0.00,180.00,
,2TKX0J6ZDDQWOTZIWJV4U0,BPS-INNERWALL_3_0.01_0.15_0.01,0.30,0.703,0.846,2.55,2.55,270.00,90.00,W
,0E7MWSBW9DARJ0$NO2HXVJ,BPS-INNERWALL_3_0.01_0.15_0.01,0.30,0.703,0.846,0.05,0.05,0.00,0.00,
,3K93RKHXD2S8AQG0YLKQVD,BPS-INNERWALL_3_0.01_0.15_0.01,0.30,0.703,0.846,1.26,1.26,270.00,90.00,W
,2HM1_AG9N5ZAYR0OUON7SI,BPS-INNERWALL_3_0.01_0.15_0.01,0.30,0.703,0.846,0.05,0.05,0.00,0.00,
,0TUP8UPJH6ZFF2$IGB93TY,BPS-INNERWALL_3_0.01_0.15_0.01,0.30,0.703,0.846,0.11,0.11,0.00,180.00,
,2NXQETQ7ZCLRY9F4SM4BSL,BPS-INNERWALL_3_0.01_0.15_0.01,0.30,0.703,0.846,0.15,0.15,180.00,90.00,S
,3O1LABD494LOCCQO7LCG$K,BPS-INNERWALL_3_0.01_0.15_0.01,0.30,0.703,0.846,2.55,2.55,90.00,90.00,E
,3M1FNUMOJ1YQXIKENYK6Z9,BPS-INNERWALL_3_0.01_0.15_0.01,0.30,0.703,0.846,0.15,0.15,0.00,90.00,N
,3OT65NJX9CHGRTHTSQQADA,BPS-INNERWALL_3_0.01_0.15_0.01,0.30,0.703,0.846,6.25,6.25,90.00,90.00,E
,1C$RSLFYXACRACASLUKJPO,BPS-INNERWALL_3_0.01_0.15_0.01,0.30,0.703,0.846,0.15,0.15,180.00,90.00,S
,0LLEE7XWP2KXDX6YGGQGVN,BPS-INNERWALL_3_0.01_0.15_0.01,0.30,0.703,0.846,4.35,4.35,0.00,90.00,N
,2M4AZE5GHF_P1LW4YTVQUL,BPS-INNERWALL_3_0.01_0.15_0.01,0.30,0.703,0.846,1.26,1.26,270.00,90.00,W
,22MBMUBNXBFONP0YLGPDGR,BPS-INNERWALL_3_0.01_0.15_0.01,0.30,0.703,0.846,17.57,17.57,180.00,90.00,S
,3P95CWHBB38VYO280JC9PK,BPS-INNERFLOOR_3_0.04_0.06_0.16,0.30,0.534,0.623,0.05,0.05,0.00,180.00,
,0YJPHHAKR8GBIGHAFR5GHK,BPS-INNERFLOOR_3_0.04_0.06_0.16,0.30,0.534,0.623,1.66,1.66,0.00,180.00,
,3BLHAI4CV7_Q$KVSAOOW4O,BPS-INNERFLOOR_3_0.04_0.06_0.16,0.30,0.518,0.623,1.27,1.27,0.00,180.00,
,1CRWRP98V0SH38Y5OPYWL5,BPS-INNERFLOOR_3_0.04_0.06_0.16,0.30,0.534,0.623,0.75,0.75,0.00,180.00,
,25VZKRZ5J4LGLN2JZLBSCR,BPS-INNERFLOOR_3_0.04_0.06_0.16,0.30,0.534,0.623,0.65,0.65,0.00,180.00,
,3QGXD3UKV76AVNPNLIQLDU,BPS-INNERFLOOR_3_0.04_0.06_0.16,0.30,0.534,0.623,0.81,0.81,0.00,180.00,
,3$DSPIKHP3FGNFEHYHZBTC,BPS-INNERFLOOR_3_0.04_0.06_0.16,0.30,0.518,0.623,0.10,0.10,0.00,180.00,
,3CUPYG1IT4QPVFRWPDH191,BPS-INNERFLOOR_3_0.04_0.06_0.16,0.30,0.534,0.623,1.29,1.29,0.00,180.00,
,10RDF21KZ62QTXUDUXOKIU,BPS-INNERFLOOR_3_0.04_0.06_0.16,0.30,0.534,0.623,0.03,0.03,0.00,180.00,
,0262Q_Z5B6HBWG3VDUVAG7,BPS-INNERFLOOR_3_0.04_0.06_0.16,0.30,0.518,0.623,0.72,0.72,0.00,180.00,
,0XLMVUIAPCZAMWJDFWAITV,BPS-INNERFLOOR_3_0.04_0.06_0.16,0.30,0.534,0.623,1.80,1.80,0.00,180.00,
,04DYJFCNV6TOGQ8RUK$3RO,BPS-INNERFLOOR_3_0.04_0.06_0.16,0.30,0.534,0.623,0.05,0.05,0.00,180.00,
,3LGTB6O_HBUG8QB4N7ZWNT,BPS-INNERWALL_3_0.01_0.15_0.01,0.30,0.703,0.846,23.80,21.57,180.00,90.00,S
,3CQHKX_EL2IXJ9XRTFO45G,BPS-INNERWALL_3_0.01_0.15_0.01,0.30,0.703,0.846,18.99,18.99,270.00,90.00,W
,3AX_DM4BLBEWCNUJV12NRN,BPS-INNERFLOOR_3_0.04_0.06_0.16,0.30,0.518,0.623,1.58,1.58,180.00,180.00,
,1FQGJ4H3B7WWV3PETC1U53,BPS-INNERFLOOR_3_0.04_0.06_0.16,0.30,0.534,0.623,36.72,36.72,0.00,0.00,
,3T9MFOJ_D27BSUHGI8ZDUN,BPS-INNERFLOOR_3_0.04_0.06_0.16,0.30,0.550,0.623,0.18,0.18,0.00,0.00,
,2$ISEXX0V9NQ7WNAZYYABP,BPS-INNERWALL_3_0.01_0.15_0.01,0.30,0.703,0.846,23.98,21.75,180.00,90.00,S
,0EMSVAFSH3RVV1MR683IBU,BPS-INNERWALL_3_0.01_0.15_0.01,0.30,0.703,0.846,18.90,18.90,90.00,90.00,E
,1MOQAASWH5EFSMSW09WONN,BPS-INNERWALL_3_0.01_0.15_0.01,0.30,0.703,0.846,18.90,18.90,270.00,90.00,W
,1HNEU4SP59JFICKVN2VYJL,BPS-INNERFLOOR_3_0.04_0.06_0.16,0.30,0.534,0.623,36.99,36.99,0.00,180.00,
,3MGGUPMZP2WP9EURXKE29X,BPS-INNERWALL_3_0.01_0.15_0.01,0.30,0.703,0.846,18.99,18.99,90.00,90.00,E
,1USGX5WALEUOR1XKKV_U$X,BPS-INNERWALL_3_0.01_0.15_0.01,0.30,0.703,0.846,23.80,21.57,180.00,90.00,S
,3IWQONI8XFRBBAHOPLPWFW,BPS-INNERFLOOR_3_0.04_0.06_0.16,0.30,0.518,0.623,1.58,1.58,0.00,180.00,
,1YEPXUHOZ2YVFKVBDNYYZB,BPS-INNERFLOOR_3_0.04_0.06_0.16,0.30,0.550,0.623,0.18,0.18,0.00,0.00,
,2JVKNAIHRCJGZBSAVIWCZI,BPS-INNERFLOOR_3_0.04_0.06_0.16,0.30,0.534,0.623,36.72,36.72,0.00,0.00,
,1VN6FE1HN1PW9THOCUZ2YZ,BPS-INNERWALL_3_0.01_0.15_0.01,0.30,0.703,0.846,19.26,19.26,270.00,90.00,W
,2WJ84Y8NL7VG3AL5IXAIDV,BPS-INNERWALL_3_0.01_0.15_0.01,0.30,0.703,0.846,23.97,21.75,0.00,90.00,N
,0EAY5EWIB3B9IVJAZLWM8B,BPS-INNERWALL_3_0.01_0.15_0.01,0.30,0.703,0.846,19.26,19.26,90.00,90.00,E
,1HCQHZJV5FEHWATD18OOZ$,BPS-INNERFLOOR_3_0.04_0.06_0.16,0.30,0.534,0.623,37.70,37.70,0.00,180.00,
,0JKW3U0ZL7ZEJPF8_ZSHR6,BPS-INNERFLOOR_3_0.04_0.06_0.16,0.30,0.534,0.623,36.11,36.11,0.00,180.00,
,10FNNC2E5EHVF0TU$2SE8Y,BPS-INNERWALL_3_0.01_0.15_0.01,0.30,0.703,0.846,19.26,19.26,270.00,90.00,W
,0YB4THLRPD2UEK3F$WJBZX,BPS-INNERWALL_3_0.01_0.15_0.01,0.30,0.703,0.846,19.26,19.26,90.00,90.00,E
,3B9SIEXNJ2ZWA$$MLEWH2G,BPS-INNERWALL_3_0.01_0.15_0.01,0.30,0.703,0.846,48.65,44.19,0.00,90.00,N
,212Y0SXDN2JGUXC1VMYGSN,BPS-INNERFLOOR_3_0.04_0.06_0.16,0.30,0.534,0.623,37.64,37.64,0.00,0.00,
,0PME7JVYT9AVXUOMPMNYLT,BPS-INNERFLOOR_3_0.04_0.06_0.16,0.30,0.534,0.623,37.70,37.70,0.00,0.00,
,2GPBFRYYLAHQYFCFUUFJJQ,BPS-INNERFLOOR_3_0.04_0.06_0.16,0.30,0.550,0.623,0.83,0.83,0.00,0.00,
,38YF$CRPB439TYT8F7PPH$,BPS-INNERFLOOR_3_0.04_0.06_0.16,0.30,0.550,0.623,0.34,0.34,0.00,0.00,


Exterior Fenestration

,,Construction,Glass Area [m2],Frame Area [m2],Divider Area [m2],Area of One Opening [m2],Area of Multiplied Openings [m2],Glass U-Factor [W/m2-K],Glass SHGC,Glass Visible Transmittance,Frame Conductance [W/m2-K],Divider Conductance [W/m2-K],Shade Control,Parent Surface,Azimuth [deg],Tilt [deg],Cardinal Direction
,0_AEZEI0R8AUR0DFZILKEB,WINDOW_WM_GLAS1995_2015ALUODERSTAHLFENSTERWAERMESCHUTZVERGLASUNGZWEIFACH_0.024,8.61,0.00,0.00,8.61,8.61,0.704,0.651,0.580,,,No,0SFMTTC9T1NVUGFIFDHXC5,180.00,90.00,S
,3$XSFJKUT7CXEWASZGNVGM,WINDOW_WM_GLAS1995_2015ALUODERSTAHLFENSTERWAERMESCHUTZVERGLASUNGZWEIFACH_0.024,8.61,0.00,0.00,8.61,8.61,0.704,0.651,0.580,,,No,2GF06UWBXFXOY$WFHREUGD,0.00,90.00,N
,0L0AHSIXFBSX_MBFL1P4FQ,WINDOW_WM_GLAS1995_2015ALUODERSTAHLFENSTERWAERMESCHUTZVERGLASUNGZWEIFACH_0.024,8.61,0.00,0.00,8.61,8.61,0.704,0.651,0.580,,,No,0JXHPWPWJ4IQETJZLHCRR0,0.00,90.00,N
,3JYVYN8N10WELBNML1SC_L,WINDOW_WM_GLAS1995_2015ALUODERSTAHLFENSTERWAERMESCHUTZVERGLASUNGZWEIFACH_0.024,8.61,0.00,0.00,8.61,8.61,0.704,0.651,0.580,,,No,051_YLSRXC_9AKHS2$WJOF,180.00,90.00,S
,3PXNUPHGT4IBNHUZ4ZE2_M,WINDOW_WM_GLAS1995_2015ALUODERSTAHLFENSTERWAERMESCHUTZVERGLASUNGZWEIFACH_0.024,5.71,0.00,0.00,5.71,5.71,0.704,0.651,0.580,,,No,3H2HQSQKV4NG3MSUFJ6X1F,90.00,90.00,E
,274J5BTANFMENFKHHK_4XT,WINDOW_WM_GLAS1995_2015ALUODERSTAHLFENSTERWAERMESCHUTZVERGLASUNGZWEIFACH_0.024,8.61,0.00,0.00,8.61,8.61,0.704,0.651,0.580,,,No,2KRCXCQVBFBX1MMOKJLPKX,180.00,90.00,S
,2DNL5P9F94TROQWJ2D0SIH,WINDOW_WM_GLAS1995_2015ALUODERSTAHLFENSTERWAERMESCHUTZVERGLASUNGZWEIFACH_0.024,8.61,0.00,0.00,8.61,8.61,0.704,0.651,0.580,,,No,26_$HPFTLBOQ3XZGUV5X91,180.00,90.00,S
,3UXGKYIEB96HTKB$QLVUPZ,WINDOW_WM_GLAS1995_2015ALUODERSTAHLFENSTERWAERMESCHUTZVERGLASUNGZWEIFACH_0.024,8.61,0.00,0.00,8.61,8.61,0.704,0.651,0.580,,,No,0M$GR$GXT9AR2WH5LC0HYW,180.00,90.00,S
,0MLVXK9AN6YVK_SNUHIKCM,WINDOW_WM_GLAS1995_2015ALUODERSTAHLFENSTERWAERMESCHUTZVERGLASUNGZWEIFACH_0.024,5.71,0.00,0.00,5.71,5.71,0.704,0.651,0.580,,,No,2M2UBVK4TFPEW8HOJ46QOO,270.00,90.00,W
,3XHJNJPDFBSWHTZFYOEPWO,WINDOW_WM_GLAS1995_2015ALUODERSTAHLFENSTERWAERMESCHUTZVERGLASUNGZWEIFACH_0.024,8.61,0.00,0.00,8.61,8.61,0.704,0.651,0.580,,,No,15U1LEEJ10AVUALCIUGWMP,0.00,90.00,N
,2DPKG8B1X0LX81EVRLSF6V,WINDOW_WM_GLAS1995_2015ALUODERSTAHLFENSTERWAERMESCHUTZVERGLASUNGZWEIFACH_0.024,8.61,0.00,0.00,8.61,8.61,0.704,0.651,0.580,,,No,1QYZUC2EJERG4XO1TTYIKX,0.00,90.00,N
,1GA12U2ETFHO3XPZAMGRRU,WINDOW_WM_GLAS1995_2015ALUODERSTAHLFENSTERWAERMESCHUTZVERGLASUNGZWEIFACH_0.024,8.61,0.00,0.00,8.61,8.61,0.704,0.651,0.580,,,No,1ROMIXJ0J638NLFYBRCD3$,180.00,90.00,S
,2F6D16NDFCLE93OW_7XVQB,WINDOW_WM_GLAS1995_2015ALUODERSTAHLFENSTERWAERMESCHUTZVERGLASUNGZWEIFACH_0.024,8.61,0.00,0.00,8.61,8.61,0.704,0.651,0.580,,,No,0LR_FF7WP9JBVNGSOHKYFB,180.00,90.00,S
,1C$QVMIGDCCXIZJ3WIARX8,WINDOW_WM_GLAS1995_2015ALUODERSTAHLFENSTERWAERMESCHUTZVERGLASUNGZWEIFACH_0.024,8.61,0.00,0.00,8.61,8.61,0.704,0.651,0.580,,,No,0X0CKA0Z9A5XAMHRA8EFBY,180.00,90.00,S
,1NJ4K8IJLCDXUWVM$DTCFP,WINDOW_WM_GLAS1995_2015ALUODERSTAHLFENSTERWAERMESCHUTZVERGLASUNGZWEIFACH_0.024,5.71,0.00,0.00,5.71,5.71,0.704,0.651,0.580,,,No,3C6WGT5KVAPROMVHPYG1IL,90.00,90.00,E
,3XCJ8AASNBFOBNAK7UHT2U,WINDOW_WM_GLAS1995_2015ALUODERSTAHLFENSTERWAERMESCHUTZVERGLASUNGZWEIFACH_0.024,8.61,0.00,0.00,8.61,8.61,0.704,0.651,0.580,,,No,1UZOKUFAJ9Z9L8U4URCDZ3,0.00,90.00,N
,2UNG4GNOXFR8TXMUJORYAY,WINDOW_WM_GLAS1995_2015ALUODERSTAHLFENSTERWAERMESCHUTZVERGLASUNGZWEIFACH_0.024,8.61,0.00,0.00,8.61,8.61,0.704,0.651,0.580,,,No,1DAXRXCFX5BUHCN25DG7PP,0.00,90.00,N
,3KYMUXVQPAKQNH84N$CMP9,WINDOW_WM_GLAS1995_2015ALUODERSTAHLFENSTERWAERMESCHUTZVERGLASUNGZWEIFACH_0.024,8.61,0.00,0.00,8.61,8.61,0.704,0.651,0.580,,,No,3SANQ2RUF1OOL_0FEQC_ZI,0.00,90.00,N
,3FAOPX3$R2VH$Y_JJB$IVL,WINDOW_WM_GLAS1995_2015ALUODERSTAHLFENSTERWAERMESCHUTZVERGLASUNGZWEIFACH_0.024,8.61,0.00,0.00,8.61,8.61,0.704,0.651,0.580,,,No,1PHGL47Q9DKVMOP6INW9X_,180.00,90.00,S
,0X5FFQUYP70UTCVYGOGRUT,WINDOW_WM_GLAS1995_2015ALUODERSTAHLFENSTERWAERMESCHUTZVERGLASUNGZWEIFACH_0.024,8.61,0.00,0.00,8.61,8.61,0.704,0.651,0.580,,,No,31_MZ6GVDCMBNYR2YN8JAG,180.00,90.00,S
,3JWZMVT1VF4UHZN8A0ROC7,WINDOW_WM_GLAS1995_2015ALUODERSTAHLFENSTERWAERMESCHUTZVERGLASUNGZWEIFACH_0.024,5.71,0.00,0.00,5.71,5.71,0.704,0.651,0.580,,,No,2YUWNAY5H7_UIVERPTXZXS,270.00,90.00,W
,2OCP1LLAL8GXFBVTDGUSAQ,WINDOW_WM_GLAS1995_2015ALUODERSTAHLFENSTERWAERMESCHUTZVERGLASUNGZWEIFACH_0.024,8.61,0.00,0.00,8.61,8.61,0.704,0.651,0.580,,,No,2TROSKYCT8SGMXTHT93OTD,180.00,90.00,S
,382GBHDAN3Y8CWWPI4T4PP,WINDOW_WM_GLAS1995_2015ALUODERSTAHLFENSTERWAERMESCHUTZVERGLASUNGZWEIFACH_0.024,5.71,0.00,0.00,5.71,5.71,0.704,0.651,0.580,,,No,3BRBKMJ5N64QV4Q668WGHJ,270.00,90.00,W
,0IDRVQ7PL7QH7EGPJUQZJO,WINDOW_WM_GLAS1995_2015ALUODERSTAHLFENSTERWAERMESCHUTZVERGLASUNGZWEIFACH_0.024,8.61,0.00,0.00,8.61,8.61,0.704,0.651,0.580,,,No,1QCJ4VANF3XXRTKZS69QUP,180.00,90.00,S
,29SHQRTSJDPEFTO5ONGDUP,WINDOW_WM_GLAS1995_2015ALUODERSTAHLFENSTERWAERMESCHUTZVERGLASUNGZWEIFACH_0.024,8.61,0.00,0.00,8.61,8.61,0.704,0.651,0.580,,,No,21CAMMXJ17QWPVF0ZLOJOP,0.00,90.00,N
,3UIUKWZMXFDXHBBH7Z18I$,WINDOW_WM_GLAS1995_2015ALUODERSTAHLFENSTERWAERMESCHUTZVERGLASUNGZWEIFACH_0.024,8.61,0.00,0.00,8.61,8.61,0.704,0.651,0.580,,,No,1IKQTBRNF69FUOJN86B3KC,0.00,90.00,N
,3AEIZFWBLCGXIUAVEYEW52,WINDOW_WM_GLAS1995_2015ALUODERSTAHLFENSTERWAERMESCHUTZVERGLASUNGZWEIFACH_0.024,8.61,0.00,0.00,8.61,8.61,0.704,0.651,0.580,,,No,3XMVQ98PL8E8XAR9I$KRBO,0.00,90.00,N
,0AAY655HL7LFCY3UL4TTMM,WINDOW_WM_GLAS1995_2015ALUODERSTAHLFENSTERWAERMESCHUTZVERGLASUNGZWEIFACH_0.024,2.81,0.00,0.00,2.81,2.81,0.704,0.651,0.580,,,No,24BO1CKOF0WAWFEWOJCU7A,90.00,90.00,E
,2CVHJH$GNDQH0EDCR$LA2A,WINDOW_WM_GLAS1995_2015ALUODERSTAHLFENSTERWAERMESCHUTZVERGLASUNGZWEIFACH_0.024,8.61,0.00,0.00,8.61,8.61,0.704,0.651,0.580,,,No,0B2LG9S_R8HBFAXT7J7WZ9,0.00,90.00,N
,3NKWY56GTFLUEJ6CYXCHRP,WINDOW_WM_GLAS1995_2015ALUODERSTAHLFENSTERWAERMESCHUTZVERGLASUNGZWEIFACH_0.024,8.61,0.00,0.00,8.61,8.61,0.704,0.651,0.580,,,No,0PWVDPNMN3MVD4UHSGAQQ3,0.00,90.00,N
,3DLIGC11Z2UPZFF7IS2K1G,WINDOW_WM_GLAS1995_2015ALUODERSTAHLFENSTERWAERMESCHUTZVERGLASUNGZWEIFACH_0.024,8.61,0.00,0.00,8.61,8.61,0.704,0.651,0.580,,,No,2TSDSGZHV0X9KIAGYNRYVC,0.00,90.00,N
,1TVRUYUONBCGJIXXDIMT_0,WINDOW_WM_GLAS1995_2015ALUODERSTAHLFENSTERWAERMESCHUTZVERGLASUNGZWEIFACH_0.024,8.61,0.00,0.00,8.61,8.61,0.704,0.651,0.580,,,No,01WQ65N6B12PFGARPEVNNU,0.00,90.00,N
,3ZHZMKYQHAPGDVS1U_ABKF,WINDOW_WM_GLAS1995_2015ALUODERSTAHLFENSTERWAERMESCHUTZVERGLASUNGZWEIFACH_0.024,2.81,0.00,0.00,2.81,2.81,0.704,0.651,0.580,,,No,2OKJ3ZLBV5YG5ZFN43EN7I,270.00,90.00,W
,1HG0MWOX987UHJ2V_0AKGK,WINDOW_WM_GLAS1995_2015ALUODERSTAHLFENSTERWAERMESCHUTZVERGLASUNGZWEIFACH_0.024,8.61,0.00,0.00,8.61,8.61,0.704,0.651,0.580,,,No,3OMT4HEOTFCURMHC0O0KGN,180.00,90.00,S
,3LGHLLXMB2$BPABIBB4$CZ,WINDOW_WM_GLAS1995_2015ALUODERSTAHLFENSTERWAERMESCHUTZVERGLASUNGZWEIFACH_0.024,8.61,0.00,0.00,8.61,8.61,0.704,0.651,0.580,,,No,3SULL$HCTEWXMODQ77WMOY,180.00,90.00,S
,1U9I3UKMNFIQBJERWUXR77,WINDOW_WM_GLAS1995_2015ALUODERSTAHLFENSTERWAERMESCHUTZVERGLASUNGZWEIFACH_0.024,5.71,0.00,0.00,5.71,5.71,0.704,0.651,0.580,,,No,0RMBRPDCFE7PM2IYM8VAX8,90.00,90.00,E
,3EWLOHWA56NHFJ5HC5LUSQ,WINDOW_WM_GLAS1995_2015ALUODERSTAHLFENSTERWAERMESCHUTZVERGLASUNGZWEIFACH_0.024,2.81,0.00,0.00,2.81,2.81,0.704,0.651,0.580,,,No,0EQTELV199YQTX8UL3ZY$R,90.00,90.00,E
,3C1CEFJMJCEA3F77MQP0T7,WINDOW_WM_GLAS1995_2015ALUODERSTAHLFENSTERWAERMESCHUTZVERGLASUNGZWEIFACH_0.024,2.81,0.00,0.00,2.81,2.81,0.704,0.651,0.580,,,No,2FE4UIBA94CQTUP8DQ$B_S,270.00,90.00,W
,2SIC4MMQN3MXYMUQJRIL4O,WINDOW_WM_GLAS1995_2015ALUODERSTAHLFENSTERWAERMESCHUTZVERGLASUNGZWEIFACH_0.024,8.61,0.00,0.00,8.61,8.61,0.704,0.651,0.580,,,No,1USJG4B9H4H9_HA1U2WZCP,0.00,90.00,N
,0EQAFN04F5PBO92Q8BK8DW,WINDOW_WM_GLAS1995_2015ALUODERSTAHLFENSTERWAERMESCHUTZVERGLASUNGZWEIFACH_0.024,8.61,0.00,0.00,8.61,8.61,0.704,0.651,0.580,,,No,0S9TNBY$D78GGJGQBN2VP7,0.00,90.00,N
,3PY1HWDGJ679QBAVJFS1PZ,WINDOW_WM_GLAS1995_2015ALUODERSTAHLFENSTERWAERMESCHUTZVERGLASUNGZWEIFACH_0.024,5.71,0.00,0.00,5.71,5.71,0.704,0.651,0.580,,,No,2SDC3STU92JBWKHDXDBU5E,90.00,90.00,E
,3JGY3AM8D4UXR_JZED4MMS,WINDOW_WM_GLAS1995_2015ALUODERSTAHLFENSTERWAERMESCHUTZVERGLASUNGZWEIFACH_0.024,8.61,0.00,0.00,8.61,8.61,0.704,0.651,0.580,,,No,1LFDMWARR6YOHC8FBWJEKS,0.00,90.00,N
,2SJB3ZTKFC19X$AGQHS_CC,WINDOW_WM_GLAS1995_2015ALUODERSTAHLFENSTERWAERMESCHUTZVERGLASUNGZWEIFACH_0.024,5.71,0.00,0.00,5.71,5.71,0.704,0.651,0.580,,,No,3SEZ2NEGV8ZXLSIZMBY2SW,270.00,90.00,W
,1QIIEIWUX7FHY70S5RDSKW,WINDOW_WM_GLAS1995_2015ALUODERSTAHLFENSTERWAERMESCHUTZVERGLASUNGZWEIFACH_0.024,8.61,0.00,0.00,8.61,8.61,0.704,0.651,0.580,,,No,3B7RX82DF1DWTVSAXBHSUO,0.00,90.00,N
,2UBGOXXPJ2ZHCXWUTEKSX_,WINDOW_WM_GLAS1995_2015ALUODERSTAHLFENSTERWAERMESCHUTZVERGLASUNGZWEIFACH_0.024,8.61,0.00,0.00,8.61,8.61,0.704,0.651,0.580,,,No,17JBKW4IJ3_GU1XJCFRBEU,180.00,90.00,S
,2WA8AKJCD4OFPMP$H0VLUN,WINDOW_WM_GLAS1995_2015ALUODERSTAHLFENSTERWAERMESCHUTZVERGLASUNGZWEIFACH_0.024,8.61,0.00,0.00,8.61,8.61,0.704,0.651,0.580,,,No,36RFHGHVR708D7_1JIJARN,180.00,90.00,S
,26BCYQN4P7OASZ46BFNSGE,WINDOW_WM_GLAS1995_2015ALUODERSTAHLFENSTERWAERMESCHUTZVERGLASUNGZWEIFACH_0.024,8.61,0.00,0.00,8.61,8.61,0.704,0.651,0.580,,,No,1L5SLBE$J9GEBUJWOZANER,180.00,90.00,S
,Total or Average,,,,,,358.41,0.704,0.651,0.580,,,,,,,
,North Total or Average,,,,,,155.03,0.704,0.651,0.580,,,,,,,
,Non-North Total or Average,,,,,,203.38,0.704,0.651,0.580,,,,,,,


Interior Fenestration

,,Construction,Area of One Opening [m2],Area of Openings [m2],Glass U-Factor [W/m2-K],Glass SHGC,Glass Visible Transmittance,Parent Surface
,Total or Average,,,0.00,-,-,-,


Exterior Door

,,Construction,U-Factor with Film [W/m2-K],U-Factor no Film [W/m2-K],Gross Area [m2],Parent Surface
,None,,,,,


Interior Door

,,Construction,U-Factor with Film [W/m2-K],U-Factor no Film [W/m2-K],Gross Area [m2],Parent Surface
,1RESTTZIH6XGWPADEPWODC,BPS-INNERDOOR_1_0.05,1.157,1.600,2.34,2JX3XHPMZANXHYXNE15NTC
,3TYFDQUZVFBQZXROPOBWAC,BPS-INNERDOOR_1_0.05,1.157,1.600,2.23,0RZZW$DYJFTP50RNL5L2GF
,0OWUYQGCL70BZWNJDC9S04,BPS-INNERDOOR_1_0.05,1.157,1.600,2.23,2KA2G1DOT4VQGXVGN82TIG
,3XANEHLCXDLQZA_CAMXIT9,BPS-INNERDOOR_1_0.05,1.157,1.600,2.23,0CGAPGIBVCLWDQMQXP6IJJ
,2MHPBXZSFBK8EYDE1EUNTE,BPS-INNERDOOR_1_0.05,1.157,1.600,2.23,0ROICZQ7N35PJU8KPNWY7D
,0D6W_MXO13KWQFYIL6XGUX,BPS-INNERDOOR_1_0.05,1.157,1.600,2.27,29GWXBZYD6BFJNKMPYW9SO
,1PGRPZCLN6YW05CFIAGRCG,BPS-INNERDOOR_1_0.05,1.157,1.600,2.27,3EZ9ZNPRRBCB8P6ME0FEWA
,2T2SWWUER4LG609HILZ8AE,BPS-INNERDOOR_1_0.05,1.157,1.600,2.27,0GCD77OXD0EBWAB1CMMXI9
,1ANHTBHKJAYFAEWWMUOBAQ,BPS-INNERDOOR_1_0.05,1.157,1.600,2.52,0KZCHHJGH3NG_VEJ_FE9PV
,1ZF1RDYLX3LGZELBIQ8UMI,BPS-INNERDOOR_1_0.05,1.157,1.600,2.34,15J6LD2X53LGKTSOUQ$LB7
,1TUIWBI1HECRROVQH1SOJ$,BPS-INNERDOOR_1_0.05,1.157,1.600,2.70,251BTPAZPCCUVH94HY$MCX
,14O$_K5WV8PEQKWLV6IULP,BPS-INNERDOOR_1_0.05,1.157,1.600,2.52,2UY8TZMTRA5GEE47AEIKJU
,1OVDXPGGHCURQJD4Q5ZINK,BPS-INNERDOOR_1_0.05,1.157,1.600,2.34,2VSLKC7IF7APTXN0AXX6_E
,2AANBJCWF7B9TWA55SBVPD,BPS-INNERDOOR_1_0.05,1.157,1.600,2.23,2Y$K9HHGLCW9RVFD3PUE4E
,1SQ32QX2LDAREEMU9RU5OS,BPS-INNERDOOR_1_0.05,1.157,1.600,2.23,206RHJ1OD87WZQTUUSR4N9
,3BUUIS7PT9UGH1QDJWH9HB,BPS-INNERDOOR_1_0.05,1.157,1.600,2.27,2YCWS2H7X0XELQKZTQD7N3
,2FO7ARKTN1LEXQNZJ6PGO0,BPS-INNERDOOR_1_0.05,1.157,1.600,2.34,2JDCVOA0V6TWVKHXDAWBY1
,1W0FPW_OF4WRN3_PDXEJYO,BPS-INNERDOOR_1_0.05,1.157,1.600,2.34,2PNGS4H2ZF5WC74GCAORM7
,0M$_G6QCZDQADLUT4NOB2V,BPS-INNERDOOR_1_0.05,1.157,1.600,2.34,0YDHII9YN0IUMUTXXP4UIS
,2QOXEHFZV1OATJI6CCSVZ_,BPS-INNERDOOR_1_0.05,1.157,1.600,2.34,0AGLOPDEF4K9EV4RSCFBPO
,1AONZU5ZH2H9BKFEAMW3QD,BPS-INNERDOOR_1_0.05,1.157,1.600,2.34,0AGLOPDEF4K9EV4RSCFBPO
,3BB14D7MV9QGXETJMLP$M_,BPS-INNERDOOR_1_0.05,1.157,1.600,2.34,0AGLOPDEF4K9EV4RSCFBPO
,2LDOUAMRL5QGYVWRKTOOJT,BPS-INNERDOOR_1_0.05,1.157,1.600,2.23,3LJNMOTDHAFBVMWHTS5CQJ
,2PYB$CA0LCTR7Q59U0K2WX,BPS-INNERDOOR_1_0.05,1.157,1.600,2.34,3WRCKTLQP3ZO3IDB7NZDIJ
,1FDHZSX$57PVZ9HU_SBU0O,BPS-INNERDOOR_1_0.05,1.157,1.600,2.34,1_PYKKDUJFSAY_5XNJUXFF
,2WJS8L1_1C2EZNIJ$CSP_1,BPS-INNERDOOR_1_0.05,1.157,1.600,2.34,2WD$9AH$R0IFOAHW$7MJY2
,1X5N_D0CXF6GMOPWLKWO4Y,BPS-INNERDOOR_1_0.05,1.157,1.600,2.23,3ANBUWF1D5O9PLJ$GLUJGG
,0UJWHKTVZ64HYMMYNSKX$L,BPS-INNERDOOR_1_0.05,1.157,1.600,2.23,0FEVWRY_VFN8MLJ3C9Q4CC
,19KJ5YZQB63Q7FWXIVMBAB,BPS-INNERDOOR_1_0.05,1.157,1.600,2.34,2A61W0HXX4R9W_RPLLIHWB
,0ESQ$KA4F52VFM$F0OHCIS,BPS-INNERDOOR_1_0.05,1.157,1.600,1.77,1GSODUKIH0XRRLB9_6XNMM
,0VF_GPE5DDNVIMKMNMLHKV,BPS-INNERDOOR_1_0.05,1.157,1.600,2.52,238P9CDDTAOVYNHHF_QI$9
,3QYPXTZCND3RZYYFA5O394,BPS-INNERDOOR_1_0.05,1.157,1.600,2.52,1VJYOYLVV02VBRHTAHU9IL
,35TT4BZTFFERT9T62U_T_7,BPS-INNERDOOR_1_0.05,1.157,1.600,2.70,1TGJGF55T5S9HG2IIZN2Z2
,1R7FBGKUN5WPGJTUMNHMZI,BPS-INNERDOOR_1_0.05,1.157,1.600,2.23,3M3L86VHLBSRI2QWDF8L9L
,0MLYJWEK11AEQSBZXURB33,BPS-INNERDOOR_1_0.05,1.157,1.600,2.23,2IHVSILIT9$HTJGRG09FNX
,2CIDTKUSVDIHKFVHUQVQYM,BPS-INNERDOOR_1_0.05,1.157,1.600,2.23,2IHVSILIT9$HTJGRG09FNX
,039BVR_HV9THA6JIVCUHB0,BPS-INNERDOOR_1_0.05,1.157,1.600,1.77,2NWSXRGWJ5RO0V$KODTFKA
,3_TZXNE8BAVHHJ9VO6OR6F,BPS-INNERDOOR_1_0.05,1.157,1.600,1.77,04Y18AAD9EBGQJTVEWGOYZ
,2OORDAZ3Z8QBKH_9FXCQOI,BPS-INNERDOOR_1_0.05,1.157,1.600,2.23,0MS2I5PAB4TW$KLHI1EXXU
,0KLNQ0YJLFYVVBR97BJUHN,BPS-INNERDOOR_1_0.05,1.157,1.600,2.23,35U23H6BL9QQEXJJ1W5KVZ
,0F93BGQNL0GP9$C1XHZQD$,BPS-INNERDOOR_1_0.05,1.157,1.600,3.49,3RW2AMPFZ0C8F2M3Q3E1JB
,1LVLFDF2NCCBPYEWGT14QO,BPS-INNERDOOR_1_0.05,1.157,1.600,2.23,0BSNYOVEJ7G91K$PGK3PDX
,2_KX7NUEV6CENDHSZ$HJ9Y,BPS-INNERDOOR_1_0.05,1.157,1.600,2.23,3J3XTQJSNEPHXEZIMM7ECX
,2II4RKG5FAIFOB4K4BFUAV,BPS-INNERDOOR_1_0.05,1.157,1.600,2.23,3VHXIWGY5A8QYAN7WCT8MJ
,0VKMRNYK5CQ8LWQGPEKMJS,BPS-INNERDOOR_1_0.05,1.157,1.600,2.27,2TF_AUH5B4VHV0_JCPUCGH
,3TTF9HQJ90PQANN$4JXUIW,BPS-INNERDOOR_1_0.05,1.157,1.600,2.23,0UXTODGTPC$WO_SJHV0CO4
,3KQNOJCKP9PUKLNWSQM1RA,BPS-INNERDOOR_1_0.05,1.157,1.600,2.23,0UXTODGTPC$WO_SJHV0CO4
,0CNGX6HCTCLQTAMBV1KOKA,BPS-INNERDOOR_1_0.05,1.157,1.600,1.77,19ZIK4YWZFCOHXXOTOYO8_
,18P1VXT3P9RFRNBCX1R6KD,BPS-INNERDOOR_1_0.05,1.157,1.600,2.23,31BFX6JDV4BRIECMFQVLNK
,05SORTNJP3BXYFSJDKJR8P,BPS-INNERDOOR_1_0.05,1.157,1.600,2.23,2NYWTHK1H9KUKU33AYA4R_
,1KB52MFEXFTXDRUYQT$BMH,BPS-INNERDOOR_1_0.05,1.157,1.600,1.77,2IMTKIPGN86WLQ9CVSQGT7
,1TIMQYSSJ5TFPMW8QY9FCY,BPS-INNERDOOR_1_0.05,1.157,1.600,2.23,0AC7F89S13MRTZTVRCERZF
,1HVQ8GQ2R2EO4H2MIOC60G,BPS-INNERDOOR_1_0.05,1.157,1.600,3.25,3LG2S5BE9CYPD$KIUDXSQ3
,2UAK0G0XDCOR271V73QA65,BPS-INNERDOOR_1_0.05,1.157,1.600,2.23,3QGL$SIGPAFAJPGWLPMFUM
,2QXR0QH2V9NRHE25P56FMK,BPS-INNERDOOR_1_0.05,1.157,1.600,1.77,1IQY0J$ER83Q9WPV$VYC3U
,0RYCX$MMTBOAI36P0SGTI9,BPS-INNERDOOR_1_0.05,1.157,1.600,2.23,0DWLPZTB1DTPG9LQXB6KHL
,2XQBS6CWTFBALLXGIIP5_Y,BPS-INNERDOOR_1_0.05,1.157,1.600,1.77,1OO0FDG0NFI9QMKUSMYLNT
,0NYHJGWUT1P8ZVUZSELY$1,BPS-INNERDOOR_1_0.05,1.157,1.600,2.23,2W_VK2$Y55ZPN8SZTLC5NI
,3X0GAWMNXEIAHXBK01IZ17,BPS-INNERDOOR_1_0.05,1.157,1.600,2.23,10RAUSYYT9HG3NMJJBOXOQ
,0XV21D0GJ8NFLWE0HBNMV4,BPS-INNERDOOR_1_0.05,1.157,1.600,2.23,1MPE2EBBN5UR6DESKNG15T
,3ADIIZNJDFFQNBKKVFLIV_,BPS-INNERDOOR_1_0.05,1.157,1.600,2.23,2O2FBYW5B7BEL2YXKSHN2V
,1_NJ$GOGJ1VOXAI6U0TKNV,BPS-INNERDOOR_1_0.05,1.157,1.600,2.23,3PO9FEAEBDPRDZSAK41BDO
,2U31$Q_AZEIO1MFJ04BSFP,BPS-INNERDOOR_1_0.05,1.157,1.600,2.23,29K8WXU7X4MPWW6W_PNB9X
,0BJPHZUEHFDQRECSH9ZZN7,BPS-INNERDOOR_1_0.05,1.157,1.600,2.27,23LBOPQC9FLW3ZGTC$A$VY
,2YYFECBERF5HEK3LCVNH70,BPS-INNERDOOR_1_0.05,1.157,1.600,2.23,0PYH7HWBX8CHCCAP2DCO0U
,1M4LNK7GP1LODX7JELIQQZ,BPS-INNERDOOR_1_0.05,1.157,1.600,2.23,2NX4AC4CBC4B1JTFHJYF3M
,0LIVL2OQL4O9PPHESU7MTF,BPS-INNERDOOR_1_0.05,1.157,1.600,2.23,1LDF2NW0R8ORS5SLLIKMAS
,2ADBRNOAF1OUZ_KKOSHO4O,BPS-INNERDOOR_1_0.05,1.157,1.600,2.23,1LDF2NW0R8ORS5SLLIKMAS
,11B8OHNEJ0CUA1JAVKHENG,BPS-INNERDOOR_1_0.05,1.157,1.600,2.23,1N3CZQCWZ6ZFB0G7UCU2OS
,3J1SATPDN2NVBKCKLDB2CC,BPS-INNERDOOR_1_0.05,1.157,1.600,2.27,0BM4AMVIF1RU0PEZROAIIO
,2N4RWLU411BPDBKXSZHR3A,BPS-INNERDOOR_1_0.05,1.157,1.600,2.23,2CJCGF44P0X8$2XVRE4TAR
,1EZMAXDZ1FXUPIS291YWLN,BPS-INNERDOOR_1_0.05,1.157,1.600,2.23,2CJCGF44P0X8$2XVRE4TAR
,0RDPF5VJ5ATGYCLTJPIFOI,BPS-INNERDOOR_1_0.05,1.157,1.600,1.77,1PVJKHBCJ9JAHOP3HVYF1J
,2YNXAVDMPDTXUML_R_QBYX,BPS-INNERDOOR_1_0.05,1.157,1.600,2.23,35SJTSJYDFYXOYX7OGMZ4P
,2QHCVV9PT7OUP8FG3XXDC9,BPS-INNERDOOR_1_0.05,1.157,1.600,2.23,0LGBAQ2RP8CEAC9YPQ$ONX
,0KMEWEN2TB0FYZBC3F$ZS9,BPS-INNERDOOR_1_0.05,1.157,1.600,2.23,2CRSFRHKZ2EFNYZNN5R5FY
,1F2WH6HYD55ADKZ0KC7UUP,BPS-INNERDOOR_1_0.05,1.157,1.600,2.23,0XSPZCQ9D99XXNK3ZGIVTL
,0T_OA4DS11ZEXULQKZ6OW0,BPS-INNERDOOR_1_0.05,1.157,1.600,2.23,3KGJVJEFP2QEJLL_GYCO7V
,23_LE2B1ZBHXT5KNPLCLPK,BPS-INNERDOOR_1_0.05,1.157,1.600,2.23,3KGJVJEFP2QEJLL_GYCO7V
,2VZ1DAEFH9GETLVWCRKJRY,BPS-INNERDOOR_1_0.05,1.157,1.600,2.23,0_2EOW_IL8WR4UXOK1JTX$
,22WOYMP3V7ZE7HLBKWGXUZ,BPS-INNERDOOR_1_0.05,1.157,1.600,1.77,1XE7NGXMX7VWJ_RFIATF7U
,0LYUSCVQP3JO0SY5XHS2DG,BPS-INNERDOOR_1_0.05,1.157,1.600,1.77,1FLOSDMRXFX927XPLN973R
,16DFAOJNR4MFPTGOOBSGD1,BPS-INNERDOOR_1_0.05,1.157,1.600,2.23,1HWEQZ5PXD1EXHBZ81ZDCQ
,2PPPUECEH5BRJJSNLUMLHN,BPS-INNERDOOR_1_0.05,1.157,1.600,2.27,3RK6GFAPF8RBX6WJFZTQV5
,3WGX4RBXX3MBXZXP5BEMN2,BPS-INNERDOOR_1_0.05,1.157,1.600,1.77,2PKOGZ7DJ92FTQTMA9HKRC
,39BRTOOS1BC8PVCVB9X5PI,BPS-INNERDOOR_1_0.05,1.157,1.600,2.34,1VHPFT5OXAQRGVGUMQ$HSJ
,36H7J0SYR3LAN6AQQV2EE2,BPS-INNERDOOR_1_0.05,1.157,1.600,2.23,0EM6LBQBLE8BKLQ_J7RCFV
,00NODC61H13PGLZSTMT_GQ,BPS-INNERDOOR_1_0.05,1.157,1.600,2.23,3AUCOZGUV7LWVGX4JZ5DEF
,2UHASHUOV5JWHTVKOR0C7U,BPS-INNERDOOR_1_0.05,1.157,1.600,2.23,1UCAJA0AVANR2B0ESMFA8Q
,2SHWJKHMT89RZ0V$0DGT5P,BPS-INNERDOOR_1_0.05,1.157,1.600,2.23,0MSOEXGFR8FXJYWRXV4KRR
,0BCOJH7CH0JV3AIZQQEOCX,BPS-INNERDOOR_1_0.05,1.157,1.600,3.25,24Z0HJHX97$OCSIAOWPFLI
,1TNWP$CX11Z8WJG9NGW0VZ,BPS-INNERDOOR_1_0.05,1.157,1.600,3.49,19NBWDBC98HV6T1E2KJUH9
,1ZHQSYIX15JAVC6RJQY$QD,BPS-INNERDOOR_1_0.05,1.157,1.600,2.27,3Y1KUL$KRFGXBIEJNMEAMG
,09EGUAQ91ESEFBUFZLRZJA,BPS-INNERDOOR_1_0.05,1.157,1.600,2.23,2HBDIMTIFCKHTFJ6SJCF0E
,20HT87BYN41GRL2BT_IYQA,BPS-INNERDOOR_1_0.05,1.157,1.600,2.34,3QBVZRVILEQHXVPPD6C_HH
,2VDHNUHGN8XURB9U49VHFR,BPS-INNERDOOR_1_0.05,1.157,1.600,2.23,0VLWXZKHDFWAVFARVAXNYG
,0ZABJS8BR7AEGYCRAD6SDC,BPS-INNERDOOR_1_0.05,1.157,1.600,2.23,0VLWXZKHDFWAVFARVAXNYG
,0ZH64D90H1IBZUZZ07IXCT,BPS-INNERDOOR_1_0.05,1.157,1.600,2.34,26NH7X_SJD780MLACU3IXV
,0LNRCMMF5APHWSXFKCOJMW,BPS-INNERDOOR_1_0.05,1.157,1.600,2.34,26NH7X_SJD780MLACU3IXV
,0DRWXRKKR68V3KP4TK4I9$,BPS-INNERDOOR_1_0.05,1.157,1.600,2.34,26NH7X_SJD780MLACU3IXV
,1FS5M8AUB1EO7FV6QZBZ6F,BPS-INNERDOOR_1_0.05,1.157,1.600,2.23,1S0DHQSFXDXQVSOQTDLXZV
,2HVIBPZ_B4SQ$OS7XBFUCB,BPS-INNERDOOR_1_0.05,1.157,1.600,2.23,1J$SI668Z9LA6OH0MWLBVE
,3GVI83UT50K8KJ5GRTA3NY,BPS-INNERDOOR_1_0.05,1.157,1.600,2.23,1J$SI668Z9LA6OH0MWLBVE
,0$GLNKAQL98GHB9BPL92N7,BPS-INNERDOOR_1_0.05,1.157,1.600,2.23,2XSDDLL457MHWLOO8OBS3T
,213_KVVV15VA1PVLK_M4UU,BPS-INNERDOOR_1_0.05,1.157,1.600,2.23,0N4HTECSN4CUSXTFLYZ7JB
,0WTL6SU657V8ZYD6N1HZBF,BPS-INNERDOOR_1_0.05,1.157,1.600,2.23,1OYXO1WA12OF5EWCMU9NJI
,1BJM0PMTZ4YQOFCVGJJL0J,BPS-INNERDOOR_1_0.05,1.157,1.600,2.52,2WBCF9Y5LAW8NLVDRC9NOK
,1YOZUA3I91LH0VBNTBSY58,BPS-INNERDOOR_1_0.05,1.157,1.600,2.70,1LYP36XAP0P906TGFNP8HQ
,0HQLGOOSLAXRGS6Z5PPAXB,BPS-INNERDOOR_1_0.05,1.157,1.600,2.52,2LRX3CNO9459XRDWBU2DZU
,2LTABI86R4LRVCEJHSTDTQ,BPS-INNERDOOR_1_0.05,1.157,1.600,1.77,0D7PWEWETBHF15VI1MNDB5
,2_XNPUC7H4WVICO_Y6WJWT,BPS-INNERDOOR_1_0.05,1.157,1.600,1.77,1FUMQRQ658YX_IYKNFHAV8
,1RQ9DJPGT5HHM3VLMRARBW,BPS-INNERDOOR_1_0.05,1.157,1.600,2.23,3ABSYZPTT0Q9SD0JBJTUK$
,0OCSJ2LT587PUOXWSVLXXB,BPS-INNERDOOR_1_0.05,1.157,1.600,2.23,1SMI_93XF9NUK_G9TDDYRY
,34GMNKDHX5Y9GYE4NX8UAC,BPS-INNERDOOR_1_0.05,1.157,1.600,2.23,1QO2FZLHN30X0_BBPQANMI
,0J1YSQXWVDDA565FX4F0TT,BPS-INNERDOOR_1_0.05,1.157,1.600,1.77,2KUYRA1_L0DXARPNFBZD4E
,19ZTKTO8HCIRPKRH3MO5$W,BPS-INNERDOOR_1_0.05,1.157,1.600,2.23,3CC0LILVP7CFOZK7CPECV2
,2NFU8D$MN2MU$1QXYKYDHD,BPS-INNERDOOR_1_0.05,1.157,1.600,1.77,366KTMP_BFJPAKXHCCSMGL
,26WY718PTECPF9CX1OS$KF,BPS-INNERDOOR_1_0.05,1.157,1.600,2.34,369Q7KUDL5B88K_PWE06RF
,2FZOF64S198UPBZINMAA3O,BPS-INNERDOOR_1_0.05,1.157,1.600,2.27,31JW8NFE51FW8NXAS1D0LR
,1L_COYAEZFTFZ7Z6JYUGQI,BPS-INNERDOOR_1_0.05,1.157,1.600,2.70,34BD4$ZWZCDWGFOO$IR0L0
,1CE8ZXMJ55Q9N_2B9$LER6,BPS-INNERDOOR_1_0.05,1.157,1.600,2.27,1KEKU32_X3Y8P2LXHUYDNE
,0SFUB$UJJBUOD083IGAV6A,BPS-INNERDOOR_1_0.05,1.157,1.600,2.34,13YHZP1G5B5EDUD_ADVHLL
,3L1MENWGL0LP2NMR0MHPEV,BPS-INNERDOOR_1_0.05,1.157,1.600,2.52,3USSC$LZH6X9KI7NUGR_EV
,1XILJV9KJCTPGKZI_NHLJO,BPS-INNERDOOR_1_0.05,1.157,1.600,2.27,0KTOZ_6MR1DFPA9R1J64N3
,1VSW8MBSRE594IHFCS2NPJ,BPS-INNERDOOR_1_0.05,1.157,1.600,2.52,3IWZYP_GTAH8I_NYJGYAZY
,3WZH1BLYBA2AMD5$FRGSRV,BPS-INNERDOOR_1_0.05,1.157,1.600,1.77,2Q2YBHARVF8FJY4V5KUOJ1
,3FDWQBLLF6UUFSKX3I1WBG,BPS-INNERDOOR_1_0.05,1.157,1.600,2.23,3LGTB6O_HBUG8QB4N7ZWNT
,0D7WMMBMV1G8EVPFPS$XVM,BPS-INNERDOOR_1_0.05,1.157,1.600,2.23,2$ISEXX0V9NQ7WNAZYYABP
,1ZH46LQ7N4G9EUJ5RZ$MGY,BPS-INNERDOOR_1_0.05,1.157,1.600,2.23,1USGX5WALEUOR1XKKV_U$X
,3K1QZXSVDAXHH6IJOHU7AA,BPS-INNERDOOR_1_0.05,1.157,1.600,2.23,2WJ84Y8NL7VG3AL5IXAIDV
,1FIE0YUQ103HHXR6PO1RGC,BPS-INNERDOOR_1_0.05,1.157,1.600,2.23,3B9SIEXNJ2ZWA$$MLEWH2G
,2V$LKNGX511B$8$L22AQCT,BPS-INNERDOOR_1_0.05,1.157,1.600,2.23,3B9SIEXNJ2ZWA$$MLEWH2G


----------------------------------------------------------------------------------------------------
REPORT:,Shading Summary
FOR:,Entire Facility
Sunlit Fraction

,,March 21 9am,March 21 noon,March 21 3pm,June 21 9am,June 21 noon,June 21 3pm,December 21 9am,December 21 noon,December 21 3pm
,0_AEZEI0R8AUR0DFZILKEB,1.00,1.00,1.00,1.00,1.00,1.00,1.00,1.00,1.00
,3$XSFJKUT7CXEWASZGNVGM,0.00,0.00,0.00,0.00,0.00,0.00,0.00,0.00,0.00
,0L0AHSIXFBSX_MBFL1P4FQ,0.00,0.00,0.00,0.00,0.00,0.00,0.00,0.00,0.00
,3JYVYN8N10WELBNML1SC_L,1.00,1.00,1.00,1.00,1.00,1.00,1.00,1.00,1.00
,3PXNUPHGT4IBNHUZ4ZE2_M,1.00,1.00,0.00,1.00,1.00,0.00,1.00,1.00,0.00
,274J5BTANFMENFKHHK_4XT,1.00,1.00,1.00,1.00,1.00,1.00,1.00,1.00,1.00
,2DNL5P9F94TROQWJ2D0SIH,1.00,1.00,1.00,1.00,1.00,1.00,1.00,1.00,1.00
,3UXGKYIEB96HTKB$QLVUPZ,1.00,1.00,1.00,1.00,1.00,1.00,1.00,1.00,1.00
,0MLVXK9AN6YVK_SNUHIKCM,0.00,0.00,1.00,0.00,0.00,1.00,0.00,0.00,1.00
,3XHJNJPDFBSWHTZFYOEPWO,0.00,0.00,0.00,0.00,0.00,0.00,0.00,0.00,0.00
,2DPKG8B1X0LX81EVRLSF6V,0.00,0.00,0.00,0.00,0.00,0.00,0.00,0.00,0.00
,1GA12U2ETFHO3XPZAMGRRU,1.00,1.00,1.00,1.00,1.00,1.00,1.00,1.00,1.00
,2F6D16NDFCLE93OW_7XVQB,1.00,1.00,1.00,1.00,1.00,1.00,1.00,1.00,1.00
,1C$QVMIGDCCXIZJ3WIARX8,1.00,1.00,1.00,1.00,1.00,1.00,1.00,1.00,1.00
,1NJ4K8IJLCDXUWVM$DTCFP,1.00,1.00,0.00,1.00,1.00,0.00,1.00,1.00,0.00
,3XCJ8AASNBFOBNAK7UHT2U,0.00,0.00,0.00,0.00,0.00,0.00,0.00,0.00,0.00
,2UNG4GNOXFR8TXMUJORYAY,0.00,0.00,0.00,0.00,0.00,0.00,0.00,0.00,0.00
,3KYMUXVQPAKQNH84N$CMP9,0.00,0.00,0.00,0.00,0.00,0.00,0.00,0.00,0.00
,3FAOPX3$R2VH$Y_JJB$IVL,1.00,1.00,1.00,1.00,1.00,1.00,1.00,1.00,1.00
,0X5FFQUYP70UTCVYGOGRUT,1.00,1.00,1.00,1.00,1.00,1.00,1.00,1.00,1.00
,3JWZMVT1VF4UHZN8A0ROC7,0.00,0.00,1.00,0.00,0.00,1.00,0.00,0.00,1.00
,2OCP1LLAL8GXFBVTDGUSAQ,1.00,1.00,1.00,1.00,1.00,1.00,1.00,1.00,1.00
,382GBHDAN3Y8CWWPI4T4PP,0.00,0.00,1.00,0.00,0.00,1.00,0.00,0.00,1.00
,0IDRVQ7PL7QH7EGPJUQZJO,1.00,1.00,1.00,1.00,1.00,1.00,1.00,1.00,1.00
,29SHQRTSJDPEFTO5ONGDUP,0.00,0.00,0.00,0.00,0.00,0.00,0.00,0.00,0.00
,3UIUKWZMXFDXHBBH7Z18I$,0.00,0.00,0.00,0.00,0.00,0.00,0.00,0.00,0.00
,3AEIZFWBLCGXIUAVEYEW52,0.00,0.00,0.00,0.00,0.00,0.00,0.00,0.00,0.00
,0AAY655HL7LFCY3UL4TTMM,1.00,1.00,0.00,1.00,1.00,0.00,1.00,1.00,0.00
,2CVHJH$GNDQH0EDCR$LA2A,0.00,0.00,0.00,0.00,0.00,0.00,0.00,0.00,0.00
,3NKWY56GTFLUEJ6CYXCHRP,0.00,0.00,0.00,0.00,0.00,0.00,0.00,0.00,0.00
,3DLIGC11Z2UPZFF7IS2K1G,0.00,0.00,0.00,0.00,0.00,0.00,0.00,0.00,0.00
,1TVRUYUONBCGJIXXDIMT_0,0.00,0.00,0.00,0.00,0.00,0.00,0.00,0.00,0.00
,3ZHZMKYQHAPGDVS1U_ABKF,0.00,0.00,1.00,0.00,0.00,1.00,0.00,0.00,1.00
,1HG0MWOX987UHJ2V_0AKGK,1.00,1.00,1.00,1.00,1.00,1.00,1.00,1.00,1.00
,3LGHLLXMB2$BPABIBB4$CZ,1.00,1.00,1.00,1.00,1.00,1.00,1.00,1.00,1.00
,1U9I3UKMNFIQBJERWUXR77,1.00,1.00,0.00,1.00,1.00,0.00,1.00,1.00,0.00
,3EWLOHWA56NHFJ5HC5LUSQ,1.00,1.00,0.00,1.00,1.00,0.00,1.00,1.00,0.00
,3C1CEFJMJCEA3F77MQP0T7,0.00,0.00,1.00,0.00,0.00,1.00,0.00,0.00,1.00
,2SIC4MMQN3MXYMUQJRIL4O,0.00,0.00,0.00,0.00,0.00,0.00,0.00,0.00,0.00
,0EQAFN04F5PBO92Q8BK8DW,0.00,0.00,0.00,0.00,0.00,0.00,0.00,0.00,0.00
,3PY1HWDGJ679QBAVJFS1PZ,1.00,1.00,0.00,1.00,1.00,0.00,1.00,1.00,0.00
,3JGY3AM8D4UXR_JZED4MMS,0.00,0.00,0.00,0.00,0.00,0.00,0.00,0.00,0.00
,2SJB3ZTKFC19X$AGQHS_CC,0.00,0.00,1.00,0.00,0.00,1.00,0.00,0.00,1.00
,1QIIEIWUX7FHY70S5RDSKW,0.00,0.00,0.00,0.00,0.00,0.00,0.00,0.00,0.00
,2UBGOXXPJ2ZHCXWUTEKSX_,1.00,1.00,1.00,1.00,1.00,1.00,1.00,1.00,1.00
,2WA8AKJCD4OFPMP$H0VLUN,1.00,1.00,1.00,1.00,1.00,1.00,1.00,1.00,1.00
,26BCYQN4P7OASZ46BFNSGE,1.00,1.00,1.00,1.00,1.00,1.00,1.00,1.00,1.00


Window Control

,,Name,Type,Shaded Construction,Control,Glare Control
,None,,,,,


----------------------------------------------------------------------------------------------------
REPORT:,Lighting Summary
FOR:,Entire Facility
Interior Lighting

,,Zone,Lighting Power Density [W/m2],Zone Area [m2],Total Power [W],End Use Subcategory,Schedule Name,Scheduled Hours/Week [hr],Hours/Week > 1% [hr],Full Load Hours/Week [hr],Return Air Fraction,Conditioned (Y/N),Consumption [kWh]
,00MLRNOVNCEHFFCBB9J$NK,00MLRNOVNCEHFFCBB9J$NK,3.3333,26.49,88.31,General,SCHEDULE LIGHTING SINGLE OFFICE,84.00,84.00,84.00,0.0000,Y,386.81
,0ELTW7UM9DRURZ_FYFNE9W,0ELTW7UM9DRURZ_FYFNE9W,3.3333,37.64,125.45,General,SCHEDULE LIGHTING GROUP OFFICE (BETWEEN 2 AND 6 EMPLOYEES),84.00,84.00,84.00,0.0000,Y,549.47
,0W6NU5BRTFIQXXYMM6ILGS,0W6NU5BRTFIQXXYMM6ILGS,3.3333,10.34,34.45,General,SCHEDULE LIGHTING SINGLE OFFICE,84.00,84.00,84.00,0.0000,Y,150.89
,0DIFK5T49139$QBDUCK5A9,0DIFK5T49139$QBDUCK5A9,0.6667,26.49,17.66,General,SCHEDULE LIGHTING STOCK TECHNICAL EQUIPMENT ARCHIVES,84.00,84.00,84.00,0.0000,Y,77.36
,0U2ZPLRHTCUWK3$YRPCZEO,0U2ZPLRHTCUWK3$YRPCZEO,3.3333,37.17,123.92,General,SCHEDULE LIGHTING GROUP OFFICE (BETWEEN 2 AND 6 EMPLOYEES),84.00,84.00,84.00,0.0000,Y,542.75
,0ZWU9FOWRDWURARHO69T83,0ZWU9FOWRDWURARHO69T83,0.6667,26.49,17.66,General,SCHEDULE LIGHTING STOCK TECHNICAL EQUIPMENT ARCHIVES,84.00,84.00,84.00,0.0000,Y,77.36
,11GHF5W0N9AGOUOXD7SXZM,11GHF5W0N9AGOUOXD7SXZM,3.3333,37.17,123.92,General,SCHEDULE LIGHTING GROUP OFFICE (BETWEEN 2 AND 6 EMPLOYEES),84.00,84.00,84.00,0.0000,Y,542.75
,17KSY6ZZ5APQ0YJPQBAX_U,17KSY6ZZ5APQ0YJPQBAX_U,3.3333,74.08,246.94,General,SCHEDULE LIGHTING LABORATORY,84.00,84.00,84.00,0.0000,Y,1081.59
,1DR$EUE41E8ECWOYLIJLIT,1DR$EUE41E8ECWOYLIJLIT,1.0000,5.15,5.15,General,SCHEDULE LIGHTING STOREHOUSE LOGISTICS BUILDING,84.00,84.00,84.00,0.0000,Y,22.56
,1EYECQGPZ09F9SE6JGR55M,1EYECQGPZ09F9SE6JGR55M,3.3333,37.70,125.65,General,SCHEDULE LIGHTING GROUP OFFICE (BETWEEN 2 AND 6 EMPLOYEES),84.00,84.00,84.00,0.0000,Y,550.36
,1GOZB5TBH738163NLUZBQX,1GOZB5TBH738163NLUZBQX,3.3333,76.22,254.06,General,SCHEDULE LIGHTING MEETING CONFERENCE SEMINAR,84.00,84.00,84.00,0.0000,Y,1112.76
,1PWTN7AMJ3OEWPOHZO42NJ,1PWTN7AMJ3OEWPOHZO42NJ,3.3333,36.72,122.40,General,SCHEDULE LIGHTING GROUP OFFICE (BETWEEN 2 AND 6 EMPLOYEES),84.00,84.00,84.00,0.0000,Y,536.11
,1Y2RJHKTHCLXJ0TUUV9K_Z,1Y2RJHKTHCLXJ0TUUV9K_Z,3.3333,35.92,119.74,General,SCHEDULE LIGHTING KITCHEN IN NON-RESIDENTIAL BUILDINGS,84.00,84.00,84.00,0.0000,Y,524.48
,1_FGE0TIZCTRJEYZDX5WYJ,1_FGE0TIZCTRJEYZDX5WYJ,2.0000,672.68,1345.36,General,SCHEDULE LIGHTING MAIN HALL RECEPTION,84.00,84.00,84.00,0.0000,Y,5892.69
,1ADVKLHC9ALU8GQYFXFWE4,1ADVKLHC9ALU8GQYFXFWE4,0.6667,53.97,35.98,General,SCHEDULE LIGHTING STOCK TECHNICAL EQUIPMENT ARCHIVES,84.00,84.00,84.00,0.0000,Y,157.59
,1IAFH_A0X4BU_FFXOZPTRL,1IAFH_A0X4BU_FFXOZPTRL,3.3333,36.72,122.40,General,SCHEDULE LIGHTING GROUP OFFICE (BETWEEN 2 AND 6 EMPLOYEES),84.00,84.00,84.00,0.0000,Y,536.11
,1JORQKBDN4ZXPNFOKGQGP_,1JORQKBDN4ZXPNFOKGQGP_,0.6667,10.34,6.89,General,SCHEDULE LIGHTING STOCK TECHNICAL EQUIPMENT ARCHIVES,84.00,84.00,84.00,0.0000,Y,30.18
,1LXCTPB4NESE3Q6XK6HAD5,1LXCTPB4NESE3Q6XK6HAD5,3.3333,36.99,123.30,General,SCHEDULE LIGHTING GROUP OFFICE (BETWEEN 2 AND 6 EMPLOYEES),84.00,84.00,84.00,0.0000,Y,540.05
,1NYUQ381R1JGTXA1VKFRZV,1NYUQ381R1JGTXA1VKFRZV,3.3333,37.17,123.92,General,SCHEDULE LIGHTING GROUP OFFICE (BETWEEN 2 AND 6 EMPLOYEES),84.00,84.00,84.00,0.0000,Y,542.75
,1RW1JYHZV1QBSFHPLSLVZZ,1RW1JYHZV1QBSFHPLSLVZZ,1.3333,114.46,152.62,General,SCHEDULE LIGHTING CANTEEN,84.00,84.00,84.00,0.0000,Y,668.46
,1TFYORFFD5ZX4NAJ0W62KG,1TFYORFFD5ZX4NAJ0W62KG,3.3333,37.42,124.73,General,SCHEDULE LIGHTING GROUP OFFICE (BETWEEN 2 AND 6 EMPLOYEES),84.00,84.00,84.00,0.0000,Y,546.34
,1WCNWD8FVEXXE6Q3YNDNHJ,1WCNWD8FVEXXE6Q3YNDNHJ,0.6667,26.49,17.66,General,SCHEDULE LIGHTING STOCK TECHNICAL EQUIPMENT ARCHIVES,84.00,84.00,84.00,0.0000,Y,77.36
,1Y_DAPZEF9MXUPESN29HKY,1Y_DAPZEF9MXUPESN29HKY,3.3333,112.59,375.30,General,SCHEDULE LIGHTING OPEN-PLAN OFFICE (7 OR MORE EMPLOYEES),84.00,84.00,84.00,0.0000,Y,1643.82
,24CJFLTRXBVFTECKJLT5IU,24CJFLTRXBVFTECKJLT5IU,3.3333,36.11,120.38,General,SCHEDULE LIGHTING SINGLE OFFICE,84.00,84.00,84.00,0.0000,Y,527.24
,2CXRC190XAZUMHRLJ12ZWO,2CXRC190XAZUMHRLJ12ZWO,0.6667,206.37,137.58,General,SCHEDULE LIGHTING STOCK TECHNICAL EQUIPMENT ARCHIVES,84.00,84.00,84.00,0.0000,Y,602.60
,2CBLUG4K90AFS0ULISW57$,2CBLUG4K90AFS0ULISW57$,3.3333,21.31,71.05,General,SCHEDULE LIGHTING MEETING CONFERENCE SEMINAR,84.00,84.00,84.00,0.0000,Y,311.18
,2DDCZNH4P35P17ZZP0MC27,2DDCZNH4P35P17ZZP0MC27,3.3333,113.15,377.18,General,SCHEDULE LIGHTING OPEN-PLAN OFFICE (7 OR MORE EMPLOYEES),84.00,84.00,84.00,0.0000,Y,1652.03
,2DZYGNKTN3YUE2CQZ7IH3G,2DZYGNKTN3YUE2CQZ7IH3G,3.3333,1.02,3.42,General,SCHEDULE LIGHTING SINGLE OFFICE,84.00,84.00,84.00,0.0000,Y,14.97
,2JPUAUJGVCL8GZFYDEN0QZ,2JPUAUJGVCL8GZFYDEN0QZ,3.3333,36.99,123.30,General,SCHEDULE LIGHTING GROUP OFFICE (BETWEEN 2 AND 6 EMPLOYEES),84.00,84.00,84.00,0.0000,Y,540.05
,2KFJ4GAD59TRGS$KUMPVKX,2KFJ4GAD59TRGS$KUMPVKX,3.3333,1.02,3.42,General,SCHEDULE LIGHTING SINGLE OFFICE,84.00,84.00,84.00,0.0000,Y,14.97
,2KRQOVE1T90WWGJURUVFGY,2KRQOVE1T90WWGJURUVFGY,3.3333,21.87,72.90,General,SCHEDULE LIGHTING MEETING CONFERENCE SEMINAR,84.00,84.00,84.00,0.0000,Y,319.30
,2N5PAWURB9UXWMW6VZHKG2,2N5PAWURB9UXWMW6VZHKG2,3.3333,37.70,125.65,General,SCHEDULE LIGHTING GROUP OFFICE (BETWEEN 2 AND 6 EMPLOYEES),84.00,84.00,84.00,0.0000,Y,550.36
,2U0_9NBFJ5W9HBM3YSNCGZ,2U0_9NBFJ5W9HBM3YSNCGZ,1.0000,5.15,5.15,General,SCHEDULE LIGHTING STOREHOUSE LOGISTICS BUILDING,84.00,84.00,84.00,0.0000,Y,22.56
,2Y6L$OYX55CULKWGZVG76X,2Y6L$OYX55CULKWGZVG76X,3.3333,0.67,2.25,General,SCHEDULE LIGHTING SINGLE OFFICE,84.00,84.00,84.00,0.0000,Y,9.86
,2YUBHDOS5EZHT591INO2JZ,2YUBHDOS5EZHT591INO2JZ,3.3333,37.48,124.94,General,SCHEDULE LIGHTING GROUP OFFICE (BETWEEN 2 AND 6 EMPLOYEES),84.00,84.00,84.00,0.0000,Y,547.22
,2_MZMMWYJ2X8L5ZTTWFZQ9,2_MZMMWYJ2X8L5ZTTWFZQ9,3.3333,0.67,2.25,General,SCHEDULE LIGHTING SINGLE OFFICE,84.00,84.00,84.00,0.0000,Y,9.86
,2K9O3QILF0AQFA6KKU5HXP,2K9O3QILF0AQFA6KKU5HXP,3.3333,21.87,72.90,General,SCHEDULE LIGHTING MEETING CONFERENCE SEMINAR,84.00,84.00,84.00,0.0000,Y,319.30
,2SQQMDRC5FSAM7Q4HEYPCN,2SQQMDRC5FSAM7Q4HEYPCN,3.3333,21.31,71.05,General,SCHEDULE LIGHTING MEETING CONFERENCE SEMINAR,84.00,84.00,84.00,0.0000,Y,311.18
,2V9V9EITTC7UB9LUIJAJSI,2V9V9EITTC7UB9LUIJAJSI,3.3333,37.17,123.92,General,SCHEDULE LIGHTING GROUP OFFICE (BETWEEN 2 AND 6 EMPLOYEES),84.00,84.00,84.00,0.0000,Y,542.75
,38IMUKOGP559RZQPTQORMP,38IMUKOGP559RZQPTQORMP,0.6667,26.49,17.66,General,SCHEDULE LIGHTING STOCK TECHNICAL EQUIPMENT ARCHIVES,84.00,84.00,84.00,0.0000,Y,77.36
,3W$07STZF4SGATGZXH6RH7,3W$07STZF4SGATGZXH6RH7,3.3333,36.90,123.01,General,SCHEDULE LIGHTING GROUP OFFICE (BETWEEN 2 AND 6 EMPLOYEES),84.00,84.00,84.00,0.0000,Y,538.79
,3WTGYEGFV57XESUBLIN6UZ,3WTGYEGFV57XESUBLIN6UZ,3.3333,36.99,123.30,General,SCHEDULE LIGHTING GROUP OFFICE (BETWEEN 2 AND 6 EMPLOYEES),84.00,84.00,84.00,0.0000,Y,540.05
,3XETEHPLX2FBMDLVKG9RNX,3XETEHPLX2FBMDLVKG9RNX,3.3333,36.90,123.01,General,SCHEDULE LIGHTING GROUP OFFICE (BETWEEN 2 AND 6 EMPLOYEES),84.00,84.00,84.00,0.0000,Y,538.79
,3DYLJPHWXB1VOWY5LPQ8_2,3DYLJPHWXB1VOWY5LPQ8_2,3.3333,37.70,125.65,General,SCHEDULE LIGHTING MEETING CONFERENCE SEMINAR,84.00,84.00,84.00,0.0000,Y,550.36
,3G0CEO8QRFGPRRO9HYEX7V,3G0CEO8QRFGPRRO9HYEX7V,3.3333,36.11,120.38,General,SCHEDULE LIGHTING SINGLE OFFICE,84.00,84.00,84.00,0.0000,Y,527.24
,3LJWLADQX638QBR_BXHA$C,3LJWLADQX638QBR_BXHA$C,3.3333,76.49,254.97,General,SCHEDULE LIGHTING MEETING CONFERENCE SEMINAR,84.00,84.00,84.00,0.0000,Y,1116.78
,0WLDSRXY1FH9RF4WA6QEKV,0WLDSRXY1FH9RF4WA6QEKV,0.6667,36.71,24.47,General,SCHEDULE LIGHTING TRAFFIC AREA,84.00,84.00,84.00,0.0000,Y,107.19
,18PU3GE41D_BHP0U$GRITO,18PU3GE41D_BHP0U$GRITO,0.6667,7.93,5.29,General,SCHEDULE LIGHTING TRAFFIC AREA,84.00,84.00,84.00,0.0000,Y,23.16
,1BNZZOW0D8K8AGXDQ4F75V,1BNZZOW0D8K8AGXDQ4F75V,0.6667,105.04,70.03,General,SCHEDULE LIGHTING TRAFFIC AREA,84.00,84.00,84.00,0.0000,Y,306.72
,1CXQ0W4HL71FQ21BMWHLFZ,1CXQ0W4HL71FQ21BMWHLFZ,1.3333,9.17,12.23,General,SCHEDULE LIGHTING WC AND SANITARY ROOMS IN NON-RESIDENTIAL BUILDINGS,84.00,84.00,84.00,0.0000,Y,53.56
,1HQZA3HET1GRLTQSI138OL,1HQZA3HET1GRLTQSI138OL,1.3333,13.36,17.82,General,SCHEDULE LIGHTING WC AND SANITARY ROOMS IN NON-RESIDENTIAL BUILDINGS,84.00,84.00,84.00,0.0000,Y,78.05
,1KWP7HSZR8YOJWZQWUXCGM,1KWP7HSZR8YOJWZQWUXCGM,1.3333,13.30,17.73,General,SCHEDULE LIGHTING WC AND SANITARY ROOMS IN NON-RESIDENTIAL BUILDINGS,84.00,84.00,84.00,0.0000,Y,77.65
,1SIISADAJ75P2K126BOPWI,1SIISADAJ75P2K126BOPWI,0.6667,7.93,5.29,General,SCHEDULE LIGHTING TRAFFIC AREA,84.00,84.00,84.00,0.0000,Y,23.16
,2WTW_5TS12BQVVPNZ4RTZ8,2WTW_5TS12BQVVPNZ4RTZ8,1.3333,9.18,12.24,General,SCHEDULE LIGHTING WC AND SANITARY ROOMS IN NON-RESIDENTIAL BUILDINGS,84.00,84.00,84.00,0.0000,Y,53.61
,2X$RF$7GLFZECF00IG4ZFJ,2X$RF$7GLFZECF00IG4ZFJ,1.3333,9.19,12.25,General,SCHEDULE LIGHTING WC AND SANITARY ROOMS IN NON-RESIDENTIAL BUILDINGS,84.00,84.00,84.00,0.0000,Y,53.66
,2UN5ECZKNBEXTUKMCA5OFF,2UN5ECZKNBEXTUKMCA5OFF,1.3333,13.02,17.35,General,SCHEDULE LIGHTING WC AND SANITARY ROOMS IN NON-RESIDENTIAL BUILDINGS,84.00,84.00,84.00,0.0000,Y,76.01
,303QW7ZF996EKWJLTQOLOB,303QW7ZF996EKWJLTQOLOB,1.3333,12.95,17.27,General,SCHEDULE LIGHTING WC AND SANITARY ROOMS IN NON-RESIDENTIAL BUILDINGS,84.00,84.00,84.00,0.0000,Y,75.65
,3M_8BSRUT9JPFPUQGPEDOA,3M_8BSRUT9JPFPUQGPEDOA,0.6667,36.71,24.47,General,SCHEDULE LIGHTING TRAFFIC AREA,84.00,84.00,84.00,0.0000,Y,107.18
,3TJLMIJ$97RELEO_9TS0SD,3TJLMIJ$97RELEO_9TS0SD,1.3333,9.18,12.24,General,SCHEDULE LIGHTING WC AND SANITARY ROOMS IN NON-RESIDENTIAL BUILDINGS,84.00,84.00,84.00,0.0000,Y,53.61
,Interior Lighting Total,,2.3068,2777.58,6407.45,,,,,,,,28064.64


Daylighting

,,Zone,Control Name,Daylighting Method,Control Type,Fraction Controlled,Lighting Installed in Zone [W],Lighting Controlled [W]
,None,,,,,,,


Exterior Lighting

,,Total Watts,Astronomical Clock/Schedule,Schedule Name,Scheduled Hours/Week [hr],Hours/Week > 1% [hr],Full Load Hours/Week [hr],Consumption [kWh]
,Exterior Lighting Total,0.00,,,,,,0.00


----------------------------------------------------------------------------------------------------
REPORT:,Equipment Summary
FOR:,Entire Facility
Central Plant

,,Type,Nominal Capacity [W],Nominal Efficiency [W/W],IPLV in SI Units [W/W],IPLV in IP Units [Btu/W-h]
,None,,,,,


Cooling Coils

,,Type,Design Coil Load [W],Nominal Total Capacity [W],Nominal Sensible Capacity [W],Nominal Latent Capacity [W],Nominal Sensible Heat Ratio,Nominal Efficiency [W/W],Nominal Coil UA Value [W/C],Nominal Coil Surface Area [m2]
,None,,,,,,,,,


DX Cooling Coils

,,DX Cooling Coil Type,Standard Rated Net Cooling Capacity [W],Standard Rated Net COP [W/W],EER [Btu/W-h],SEER User [Btu/W-h],SEER Standard [Btu/W-h],IEER [Btu/W-h]
,None,,,,,,,


DX Cooling Coil ASHRAE 127 Standard Ratings Report

,,DX Cooling Coil Type,Rated Net Cooling Capacity Test A [W],Rated Electric Power Test A [W],Rated Net Cooling Capacity Test B [W],Rated Electric Power Test B [W],Rated Net Cooling Capacity Test C [W],Rated Electric Power Test C [W],Rated Net Cooling Capacity Test D [W],Rated Electric Power Test D [W]
,None,,,,,,,,,


DX Heating Coils

,,DX Heating Coil Type,High Temperature Heating (net) Rating Capacity [W],Low Temperature Heating (net) Rating Capacity [W],HSPF [Btu/W-h],Region Number
,None,,,,,


Heating Coils

,,Type,Design Coil Load [W],Nominal Total Capacity [W],Nominal Efficiency [W/W]
,None,,,,


Fans

,,Type,Total Efficiency [W/W],Delta Pressure [pa],Max Air Flow Rate [m3/s],Rated Electricity Rate [W],Rated Power Per Max Air Flow Rate [W-s/m3],Motor Heat In Air Fraction,Fan Energy Index,End Use Subcategory,Design Day Name for Fan Sizing Peak,Date/Time for Fan Sizing Peak
,None,,,,,,,,,,,


Pumps

,,Type,Control,Head [pa],Water Flow [m3/s],Electricity Rate [W],Power Per Water Flow Rate [W-s/m3],Motor Efficiency [W/W],End Use Subcategory
,None,,,,,,,,


Service Water Heating

,,Type,Storage Volume [m3],Input [W],Thermal Efficiency [W/W],Recovery Efficiency [W/W],Energy Factor
,None,,,,,,


----------------------------------------------------------------------------------------------------
REPORT:,HVAC Sizing Summary
FOR:,Entire Facility
Zone Sensible Cooling

,,Calculated Design Load [W],User Design Load [W],User Design Load per Area [W/m2],Calculated Design Air Flow [m3/s],User Design Air Flow [m3/s],Design Day Name,Date/Time Of Peak {TIMESTAMP},Thermostat Setpoint Temperature at Peak Load [C],Indoor Temperature at Peak Load [C],Indoor Humidity Ratio at Peak Load [kgWater/kgDryAir],Outdoor Temperature at Peak Load [C],Outdoor Humidity Ratio at Peak Load [kgWater/kgDryAir],Minimum Outdoor Air Flow Rate [m3/s],Heat Gain Rate from DOAS [W]
,00MLRNOVNCEHFFCBB9J$NK,563.30,563.30,21.26,0.059,0.059,SUMMER DESIGN DAY FROM WEATHER FILE,7/29 16:00:00,21.00,21.00,0.00756,25.30,0.00759,0.000,0.00
,0ELTW7UM9DRURZ_FYFNE9W,2594.39,2594.39,68.94,0.272,0.272,SUMMER DESIGN DAY FROM WEATHER FILE,7/29 15:00:00,21.00,21.00,0.00755,25.00,0.00704,0.000,0.00
,0W6NU5BRTFIQXXYMM6ILGS,235.43,235.43,22.78,0.025,0.025,SUMMER DESIGN DAY FROM WEATHER FILE,7/29 16:00:00,21.00,21.00,0.00757,25.30,0.00759,0.000,0.00
,0DIFK5T49139$QBDUCK5A9,353.85,353.85,13.36,0.037,0.037,SUMMER DESIGN DAY FROM WEATHER FILE,7/29 16:15:00,21.00,21.00,0.00760,25.20,0.00749,0.000,0.00
,0U2ZPLRHTCUWK3$YRPCZEO,1406.11,1406.11,37.82,0.147,0.147,SUMMER DESIGN DAY FROM WEATHER FILE,7/29 16:00:00,21.00,21.00,0.00760,25.30,0.00759,0.000,0.00
,0ZWU9FOWRDWURARHO69T83,374.70,374.70,14.14,0.039,0.039,SUMMER DESIGN DAY FROM WEATHER FILE,7/29 16:15:00,21.00,21.00,0.00760,25.20,0.00749,0.000,0.00
,11GHF5W0N9AGOUOXD7SXZM,1390.41,1390.41,37.40,0.146,0.146,SUMMER DESIGN DAY FROM WEATHER FILE,7/29 16:00:00,21.00,21.00,0.00760,25.30,0.00759,0.000,0.00
,17KSY6ZZ5APQ0YJPQBAX_U,4323.72,4323.72,58.36,0.402,0.402,SUMMER DESIGN DAY FROM WEATHER FILE,7/29 14:45:00,22.00,22.00,0.00757,25.02,0.00715,0.000,0.00
,1DR$EUE41E8ECWOYLIJLIT,1696.57,1696.57,329.43,12530.977,12530.977,SUMMER DESIGN DAY FROM WEATHER FILE,8/2 14:30:00,12.00,13.02,0.00770,23.40,0.00815,0.000,0.00
,1EYECQGPZ09F9SE6JGR55M,2615.27,2615.27,69.38,0.274,0.274,SUMMER DESIGN DAY FROM WEATHER FILE,7/29 15:00:00,21.00,21.00,0.00755,25.00,0.00704,0.000,0.00
,1GOZB5TBH738163NLUZBQX,5567.43,5567.43,73.05,0.583,0.583,SUMMER DESIGN DAY FROM WEATHER FILE,7/29 15:30:00,21.00,21.00,0.00753,25.15,0.00731,0.000,0.00
,1PWTN7AMJ3OEWPOHZO42NJ,2260.93,2260.93,61.57,0.237,0.237,SUMMER DESIGN DAY FROM WEATHER FILE,7/29 16:45:00,21.00,21.00,0.00762,25.00,0.00731,0.000,0.00
,1Y2RJHKTHCLXJ0TUUV9K_Z,11993.60,11993.60,333.87,1.256,1.256,SUMMER DESIGN DAY FROM WEATHER FILE,7/29 12:00:00,21.00,21.00,0.00770,24.30,0.00771,0.000,0.00
,1_FGE0TIZCTRJEYZDX5WYJ,22407.81,22407.81,33.31,2.346,2.346,SUMMER DESIGN DAY FROM WEATHER FILE,7/29 16:00:00,21.00,21.00,0.00758,25.30,0.00759,0.000,0.00
,1ADVKLHC9ALU8GQYFXFWE4,688.39,688.39,12.76,0.072,0.072,SUMMER DESIGN DAY FROM WEATHER FILE,7/29 16:15:00,21.00,21.00,0.00759,25.20,0.00749,0.000,0.00
,1IAFH_A0X4BU_FFXOZPTRL,2076.54,2076.54,56.55,0.217,0.217,SUMMER DESIGN DAY FROM WEATHER FILE,7/29 12:00:00,21.00,21.00,0.00769,24.30,0.00771,0.000,0.00
,1JORQKBDN4ZXPNFOKGQGP_,141.87,141.87,13.73,0.015,0.015,SUMMER DESIGN DAY FROM WEATHER FILE,7/29 16:15:00,21.00,21.00,0.00760,25.20,0.00749,0.000,0.00
,1LXCTPB4NESE3Q6XK6HAD5,1494.46,1494.46,40.40,0.156,0.156,SUMMER DESIGN DAY FROM WEATHER FILE,7/29 16:00:00,21.00,21.00,0.00761,25.30,0.00759,0.000,0.00
,1NYUQ381R1JGTXA1VKFRZV,1400.96,1400.96,37.69,0.147,0.147,SUMMER DESIGN DAY FROM WEATHER FILE,7/29 16:00:00,21.00,21.00,0.00760,25.30,0.00759,0.000,0.00
,1RW1JYHZV1QBSFHPLSLVZZ,7756.45,7756.45,67.76,0.812,0.812,SUMMER DESIGN DAY FROM WEATHER FILE,7/29 15:00:00,21.00,21.00,0.00755,25.00,0.00704,0.000,0.00
,1TFYORFFD5ZX4NAJ0W62KG,3317.89,3317.89,88.67,0.347,0.347,SUMMER DESIGN DAY FROM WEATHER FILE,7/29 16:00:00,21.00,21.00,0.00766,25.30,0.00759,0.000,0.00
,1WCNWD8FVEXXE6Q3YNDNHJ,336.62,336.62,12.71,0.035,0.035,SUMMER DESIGN DAY FROM WEATHER FILE,7/29 16:15:00,21.00,21.00,0.00759,25.20,0.00749,0.000,0.00
,1Y_DAPZEF9MXUPESN29HKY,4801.25,4801.25,42.64,0.503,0.503,SUMMER DESIGN DAY FROM WEATHER FILE,7/29 16:00:00,21.00,21.00,0.00761,25.30,0.00759,0.000,0.00
,24CJFLTRXBVFTECKJLT5IU,534.18,534.18,14.79,0.056,0.056,SUMMER DESIGN DAY FROM WEATHER FILE,7/29 16:00:00,21.00,21.00,0.00769,25.30,0.00759,0.000,0.00
,2CXRC190XAZUMHRLJ12ZWO,3230.79,3230.79,15.66,0.338,0.338,SUMMER DESIGN DAY FROM WEATHER FILE,7/29 16:15:00,21.00,21.00,0.00759,25.20,0.00749,0.000,0.00
,2CBLUG4K90AFS0ULISW57$,1139.17,1139.17,53.45,0.119,0.119,SUMMER DESIGN DAY FROM WEATHER FILE,7/29 16:00:00,21.00,21.00,0.00763,25.30,0.00759,0.000,0.00
,2DDCZNH4P35P17ZZP0MC27,4558.68,4558.68,40.29,0.477,0.477,SUMMER DESIGN DAY FROM WEATHER FILE,7/29 16:00:00,21.00,21.00,0.00761,25.30,0.00759,0.000,0.00
,2DZYGNKTN3YUE2CQZ7IH3G,30.27,30.27,29.53,0.003,0.003,SUMMER DESIGN DAY FROM WEATHER FILE,7/29 16:00:00,21.00,21.00,0.00758,25.30,0.00759,0.000,0.00
,2JPUAUJGVCL8GZFYDEN0QZ,1480.94,1480.94,40.04,0.155,0.155,SUMMER DESIGN DAY FROM WEATHER FILE,7/29 16:00:00,21.00,21.00,0.00761,25.30,0.00759,0.000,0.00
,2KFJ4GAD59TRGS$KUMPVKX,29.71,29.71,28.98,0.003,0.003,SUMMER DESIGN DAY FROM WEATHER FILE,7/29 16:00:00,21.00,21.00,0.00758,25.30,0.00759,0.000,0.00
,2KRQOVE1T90WWGJURUVFGY,1209.47,1209.47,55.30,0.127,0.127,SUMMER DESIGN DAY FROM WEATHER FILE,7/29 16:00:00,21.00,21.00,0.00763,25.30,0.00759,0.000,0.00
,2N5PAWURB9UXWMW6VZHKG2,2621.52,2621.52,69.54,0.274,0.274,SUMMER DESIGN DAY FROM WEATHER FILE,7/29 15:00:00,21.00,21.00,0.00755,25.00,0.00704,0.000,0.00
,2U0_9NBFJ5W9HBM3YSNCGZ,1925.68,1925.68,373.92,53211.582,53211.582,SUMMER DESIGN DAY FROM WEATHER FILE,7/29 16:15:00,12.00,13.00,0.00770,25.20,0.00749,0.000,0.00
,2Y6L$OYX55CULKWGZVG76X,17.64,17.64,26.13,0.002,0.002,SUMMER DESIGN DAY FROM WEATHER FILE,7/29 16:00:00,21.00,21.00,0.00757,25.30,0.00759,0.000,0.00
,2YUBHDOS5EZHT591INO2JZ,3174.38,3174.38,84.69,0.332,0.332,SUMMER DESIGN DAY FROM WEATHER FILE,7/29 15:00:00,21.00,21.00,0.00757,25.00,0.00704,0.000,0.00
,2_MZMMWYJ2X8L5ZTTWFZQ9,17.69,17.69,26.20,0.002,0.002,SUMMER DESIGN DAY FROM WEATHER FILE,7/29 16:00:00,21.00,21.00,0.00757,25.30,0.00759,0.000,0.00
,2K9O3QILF0AQFA6KKU5HXP,1137.87,1137.87,52.03,0.119,0.119,SUMMER DESIGN DAY FROM WEATHER FILE,7/29 16:00:00,21.00,21.00,0.00763,25.30,0.00759,0.000,0.00
,2SQQMDRC5FSAM7Q4HEYPCN,1199.99,1199.99,56.30,0.126,0.126,SUMMER DESIGN DAY FROM WEATHER FILE,7/29 16:00:00,21.00,21.00,0.00763,25.30,0.00759,0.000,0.00
,2V9V9EITTC7UB9LUIJAJSI,1379.91,1379.91,37.12,0.144,0.144,SUMMER DESIGN DAY FROM WEATHER FILE,7/29 16:00:00,21.00,21.00,0.00760,25.30,0.00759,0.000,0.00
,38IMUKOGP559RZQPTQORMP,335.21,335.21,12.65,0.035,0.035,SUMMER DESIGN DAY FROM WEATHER FILE,7/29 16:15:00,21.00,21.00,0.00759,25.20,0.00749,0.000,0.00
,3W$07STZF4SGATGZXH6RH7,1867.86,1867.86,50.61,0.196,0.196,SUMMER DESIGN DAY FROM WEATHER FILE,7/29 12:00:00,21.00,21.00,0.00769,24.30,0.00771,0.000,0.00
,3WTGYEGFV57XESUBLIN6UZ,1482.11,1482.11,40.07,0.155,0.155,SUMMER DESIGN DAY FROM WEATHER FILE,7/29 16:00:00,21.00,21.00,0.00761,25.30,0.00759,0.000,0.00
,3XETEHPLX2FBMDLVKG9RNX,2011.34,2011.34,54.50,0.211,0.211,SUMMER DESIGN DAY FROM WEATHER FILE,7/29 16:45:00,21.00,21.00,0.00761,25.00,0.00731,0.000,0.00
,3DYLJPHWXB1VOWY5LPQ8_2,2804.99,2804.99,74.41,0.294,0.294,SUMMER DESIGN DAY FROM WEATHER FILE,7/29 15:30:00,21.00,21.00,0.00754,25.15,0.00731,0.000,0.00
,3G0CEO8QRFGPRRO9HYEX7V,534.18,534.18,14.79,0.056,0.056,SUMMER DESIGN DAY FROM WEATHER FILE,7/29 16:00:00,21.00,21.00,0.00769,25.30,0.00759,0.000,0.00
,3LJWLADQX638QBR_BXHA$C,5229.92,5229.92,68.37,0.547,0.547,SUMMER DESIGN DAY FROM WEATHER FILE,7/29 15:45:00,21.00,21.00,0.00757,25.23,0.00745,0.000,0.00
,0WLDSRXY1FH9RF4WA6QEKV,858.39,858.39,23.38,0.090,0.090,SUMMER DESIGN DAY FROM WEATHER FILE,7/29 16:15:00,21.00,21.00,0.00757,25.20,0.00749,0.000,0.00
,18PU3GE41D_BHP0U$GRITO,182.57,182.57,23.02,0.019,0.019,SUMMER DESIGN DAY FROM WEATHER FILE,7/29 16:15:00,21.00,21.00,0.00760,25.20,0.00749,0.000,0.00
,1BNZZOW0D8K8AGXDQ4F75V,1130.63,1130.63,10.76,0.118,0.118,SUMMER DESIGN DAY FROM WEATHER FILE,7/29 16:15:00,21.00,21.00,0.00756,25.20,0.00749,0.000,0.00
,1CXQ0W4HL71FQ21BMWHLFZ,189.64,189.64,20.68,0.020,0.020,SUMMER DESIGN DAY FROM WEATHER FILE,7/29 16:30:00,21.00,21.00,0.00758,25.10,0.00740,0.000,0.00
,1HQZA3HET1GRLTQSI138OL,233.75,233.75,17.49,0.024,0.024,SUMMER DESIGN DAY FROM WEATHER FILE,7/29 16:15:00,21.00,21.00,0.00758,25.20,0.00749,0.000,0.00
,1KWP7HSZR8YOJWZQWUXCGM,231.27,231.27,17.39,0.024,0.024,SUMMER DESIGN DAY FROM WEATHER FILE,7/29 16:15:00,21.00,21.00,0.00758,25.20,0.00749,0.000,0.00
,1SIISADAJ75P2K126BOPWI,158.32,158.32,19.96,0.017,0.017,SUMMER DESIGN DAY FROM WEATHER FILE,7/29 16:45:00,21.00,21.00,0.00756,25.00,0.00731,0.000,0.00
,2WTW_5TS12BQVVPNZ4RTZ8,189.91,189.91,20.69,0.020,0.020,SUMMER DESIGN DAY FROM WEATHER FILE,7/29 16:30:00,21.00,21.00,0.00758,25.10,0.00740,0.000,0.00
,2X$RF$7GLFZECF00IG4ZFJ,190.06,190.06,20.68,0.020,0.020,SUMMER DESIGN DAY FROM WEATHER FILE,7/29 16:30:00,21.00,21.00,0.00758,25.10,0.00740,0.000,0.00
,2UN5ECZKNBEXTUKMCA5OFF,225.03,225.03,17.29,0.024,0.024,SUMMER DESIGN DAY FROM WEATHER FILE,7/29 16:15:00,21.00,21.00,0.00758,25.20,0.00749,0.000,0.00
,303QW7ZF996EKWJLTQOLOB,225.82,225.82,17.43,0.024,0.024,SUMMER DESIGN DAY FROM WEATHER FILE,7/29 16:15:00,21.00,21.00,0.00758,25.20,0.00749,0.000,0.00
,3M_8BSRUT9JPFPUQGPEDOA,886.96,886.96,24.16,0.093,0.093,SUMMER DESIGN DAY FROM WEATHER FILE,7/29 16:15:00,21.00,21.00,0.00757,25.20,0.00749,0.000,0.00
,3TJLMIJ$97RELEO_9TS0SD,190.68,190.68,20.77,0.020,0.020,SUMMER DESIGN DAY FROM WEATHER FILE,7/29 16:30:00,21.00,21.00,0.00758,25.10,0.00740,0.000,0.00
The Design Load is the zone sensible load only. It does not include any system effects or ventilation loads.


Zone Sensible Heating

,,Calculated Design Load [W],User Design Load [W],User Design Load per Area [W/m2],Calculated Design Air Flow [m3/s],User Design Air Flow [m3/s],Design Day Name,Date/Time Of Peak {TIMESTAMP},Thermostat Setpoint Temperature at Peak Load [C],Indoor Temperature at Peak Load [C],Indoor Humidity Ratio at Peak Load [kgWater/kgDryAir],Outdoor Temperature at Peak Load [C],Outdoor Humidity Ratio at Peak Load [kgWater/kgDryAir],Minimum Outdoor Air Flow Rate [m3/s],Heat Gain Rate from DOAS [W]
,00MLRNOVNCEHFFCBB9J$NK,496.24,496.24,18.73,0.014,0.014,WINTER DESIGN DAY FROM WEATHER FILE,2/28 21:15:00,21.00,20.99,0.00960,10.30,0.00641,0.000,0.00
,0ELTW7UM9DRURZ_FYFNE9W,538.40,538.40,14.31,0.015,0.015,WINTER DESIGN DAY FROM WEATHER FILE,3/2 06:00:00,21.00,20.99,0.00944,1.00,0.00367,0.000,0.00
,0W6NU5BRTFIQXXYMM6ILGS,191.98,191.98,18.58,0.005,0.005,WINTER DESIGN DAY FROM WEATHER FILE,2/28 21:15:00,21.00,20.99,0.00958,10.30,0.00641,0.000,0.00
,0DIFK5T49139$QBDUCK5A9,598.78,598.78,22.60,0.017,0.017,WINTER DESIGN DAY FROM WEATHER FILE,2/28 09:15:00,21.00,20.99,0.01068,10.58,0.00628,0.000,0.00
,0U2ZPLRHTCUWK3$YRPCZEO,545.95,545.95,14.69,0.016,0.016,WINTER DESIGN DAY FROM WEATHER FILE,2/28 21:15:00,21.00,20.99,0.00880,10.30,0.00641,0.000,0.00
,0ZWU9FOWRDWURARHO69T83,616.46,616.46,23.27,0.018,0.018,WINTER DESIGN DAY FROM WEATHER FILE,2/28 09:15:00,21.00,20.99,0.01066,10.58,0.00628,0.000,0.00
,11GHF5W0N9AGOUOXD7SXZM,543.13,543.13,14.61,0.015,0.015,WINTER DESIGN DAY FROM WEATHER FILE,2/28 21:15:00,21.00,20.99,0.00878,10.30,0.00641,0.000,0.00
,17KSY6ZZ5APQ0YJPQBAX_U,1202.04,1202.04,16.23,0.035,0.035,WINTER DESIGN DAY FROM WEATHER FILE,3/2 06:00:00,22.00,21.99,0.00996,1.00,0.00367,0.000,0.00
,1DR$EUE41E8ECWOYLIJLIT,0.0,0.0,0.0,0.0,0.0,N/A,N/A,0.0,0.0,0.0,0.0,0.0,0.0,0.0
,1EYECQGPZ09F9SE6JGR55M,531.35,531.35,14.10,0.015,0.015,WINTER DESIGN DAY FROM WEATHER FILE,3/2 06:00:00,21.00,20.99,0.00939,1.00,0.00367,0.000,0.00
,1GOZB5TBH738163NLUZBQX,1053.43,1053.43,13.82,0.030,0.030,WINTER DESIGN DAY FROM WEATHER FILE,3/2 06:00:00,21.00,20.99,0.00934,1.00,0.00367,0.000,0.00
,1PWTN7AMJ3OEWPOHZO42NJ,788.65,788.65,21.48,0.022,0.022,WINTER DESIGN DAY FROM WEATHER FILE,3/2 06:00:00,21.00,20.99,0.01072,1.00,0.00367,0.000,0.00
,1Y2RJHKTHCLXJ0TUUV9K_Z,0.0,0.0,0.0,0.0,0.0,N/A,N/A,0.0,0.0,0.0,0.0,0.0,0.0,0.0
,1_FGE0TIZCTRJEYZDX5WYJ,11558.57,11558.57,17.18,0.329,0.329,WINTER DESIGN DAY FROM WEATHER FILE,2/28 21:15:00,21.00,20.99,0.00889,10.30,0.00641,0.000,0.00
,1ADVKLHC9ALU8GQYFXFWE4,1105.79,1105.79,20.49,0.031,0.031,WINTER DESIGN DAY FROM WEATHER FILE,2/28 09:15:00,21.00,20.99,0.01034,10.58,0.00628,0.000,0.00
,1IAFH_A0X4BU_FFXOZPTRL,809.48,809.48,22.04,0.023,0.023,WINTER DESIGN DAY FROM WEATHER FILE,3/2 06:00:00,21.00,20.99,0.01081,1.00,0.00367,0.000,0.00
,1JORQKBDN4ZXPNFOKGQGP_,211.87,211.87,20.50,0.006,0.006,WINTER DESIGN DAY FROM WEATHER FILE,2/28 09:15:00,21.00,20.99,0.01034,10.58,0.00628,0.000,0.00
,1LXCTPB4NESE3Q6XK6HAD5,729.98,729.98,19.73,0.021,0.021,WINTER DESIGN DAY FROM WEATHER FILE,2/28 21:15:00,21.00,20.99,0.00938,10.30,0.00641,0.000,0.00
,1NYUQ381R1JGTXA1VKFRZV,545.86,545.86,14.68,0.016,0.016,WINTER DESIGN DAY FROM WEATHER FILE,2/28 21:15:00,21.00,20.99,0.00880,10.30,0.00641,0.000,0.00
,1RW1JYHZV1QBSFHPLSLVZZ,1485.75,1485.75,12.98,0.042,0.042,WINTER DESIGN DAY FROM WEATHER FILE,3/2 06:00:00,21.00,20.99,0.00911,1.00,0.00367,0.000,0.00
,1TFYORFFD5ZX4NAJ0W62KG,598.67,598.67,16.00,0.017,0.017,WINTER DESIGN DAY FROM WEATHER FILE,3/2 06:00:00,21.00,20.99,0.00977,1.00,0.00367,0.000,0.00
,1WCNWD8FVEXXE6Q3YNDNHJ,548.73,548.73,20.71,0.016,0.016,WINTER DESIGN DAY FROM WEATHER FILE,2/28 09:15:00,21.00,20.99,0.01037,10.58,0.00628,0.000,0.00
,1Y_DAPZEF9MXUPESN29HKY,2157.57,2157.57,19.16,0.061,0.061,WINTER DESIGN DAY FROM WEATHER FILE,2/28 21:15:00,21.00,20.99,0.00932,10.30,0.00641,0.000,0.00
,24CJFLTRXBVFTECKJLT5IU,269.79,269.79,7.47,0.008,0.008,WINTER DESIGN DAY FROM WEATHER FILE,2/26 06:00:00,21.00,21.00,0.01498,-2.60,0.00284,0.000,0.00
,2CXRC190XAZUMHRLJ12ZWO,4742.13,4742.13,22.98,0.135,0.135,WINTER DESIGN DAY FROM WEATHER FILE,2/28 09:15:00,21.00,20.99,0.01011,10.58,0.00628,0.000,0.00
,2CBLUG4K90AFS0ULISW57$,383.37,383.37,17.99,0.011,0.011,WINTER DESIGN DAY FROM WEATHER FILE,3/2 06:00:00,21.00,20.99,0.01020,1.00,0.00367,0.000,0.00
,2DDCZNH4P35P17ZZP0MC27,1606.90,1606.90,14.20,0.046,0.046,WINTER DESIGN DAY FROM WEATHER FILE,2/28 21:15:00,21.00,20.99,0.00873,10.30,0.00641,0.000,0.00
,2DZYGNKTN3YUE2CQZ7IH3G,26.64,26.64,25.99,0.001,0.001,WINTER DESIGN DAY FROM WEATHER FILE,2/28 21:15:00,21.00,21.00,0.00998,10.30,0.00641,0.000,0.00
,2JPUAUJGVCL8GZFYDEN0QZ,732.28,732.28,19.80,0.021,0.021,WINTER DESIGN DAY FROM WEATHER FILE,2/28 21:15:00,21.00,20.99,0.00938,10.30,0.00641,0.000,0.00
,2KFJ4GAD59TRGS$KUMPVKX,26.81,26.81,26.16,0.001,0.001,WINTER DESIGN DAY FROM WEATHER FILE,2/28 21:15:00,21.00,21.00,0.00999,10.30,0.00641,0.000,0.00
,2KRQOVE1T90WWGJURUVFGY,405.36,405.36,18.53,0.012,0.012,WINTER DESIGN DAY FROM WEATHER FILE,3/2 06:00:00,21.00,20.99,0.01029,1.00,0.00367,0.000,0.00
,2N5PAWURB9UXWMW6VZHKG2,533.90,533.90,14.16,0.015,0.015,WINTER DESIGN DAY FROM WEATHER FILE,3/2 06:00:00,21.00,20.99,0.00941,1.00,0.00367,0.000,0.00
,2U0_9NBFJ5W9HBM3YSNCGZ,0.0,0.0,0.0,0.0,0.0,N/A,N/A,0.0,0.0,0.0,0.0,0.0,0.0,0.0
,2Y6L$OYX55CULKWGZVG76X,12.66,12.66,18.75,0.000,0.000,WINTER DESIGN DAY FROM WEATHER FILE,2/28 21:15:00,21.00,21.00,0.00928,10.30,0.00641,0.000,0.00
,2YUBHDOS5EZHT591INO2JZ,620.57,620.57,16.56,0.018,0.018,WINTER DESIGN DAY FROM WEATHER FILE,3/2 06:00:00,21.00,20.99,0.00989,1.00,0.00367,0.000,0.00
,2_MZMMWYJ2X8L5ZTTWFZQ9,12.62,12.62,18.69,0.000,0.000,WINTER DESIGN DAY FROM WEATHER FILE,2/28 21:15:00,21.00,21.00,0.00928,10.30,0.00641,0.000,0.00
,2K9O3QILF0AQFA6KKU5HXP,412.51,412.51,18.86,0.012,0.012,WINTER DESIGN DAY FROM WEATHER FILE,3/2 06:00:00,21.00,20.99,0.01035,1.00,0.00367,0.000,0.00
,2SQQMDRC5FSAM7Q4HEYPCN,383.50,383.50,17.99,0.011,0.011,WINTER DESIGN DAY FROM WEATHER FILE,3/2 06:00:00,21.00,20.99,0.01019,1.00,0.00367,0.000,0.00
,2V9V9EITTC7UB9LUIJAJSI,533.92,533.92,14.36,0.015,0.015,WINTER DESIGN DAY FROM WEATHER FILE,2/28 21:15:00,21.00,20.99,0.00875,10.30,0.00641,0.000,0.00
,38IMUKOGP559RZQPTQORMP,548.39,548.39,20.70,0.016,0.016,WINTER DESIGN DAY FROM WEATHER FILE,2/28 09:15:00,21.00,20.99,0.01037,10.58,0.00628,0.000,0.00
,3W$07STZF4SGATGZXH6RH7,710.27,710.27,19.25,0.020,0.020,WINTER DESIGN DAY FROM WEATHER FILE,3/2 06:00:00,21.00,20.99,0.01039,1.00,0.00367,0.000,0.00
,3WTGYEGFV57XESUBLIN6UZ,724.23,724.23,19.58,0.021,0.021,WINTER DESIGN DAY FROM WEATHER FILE,2/28 21:15:00,21.00,20.99,0.00936,10.30,0.00641,0.000,0.00
,3XETEHPLX2FBMDLVKG9RNX,687.59,687.59,18.63,0.020,0.020,WINTER DESIGN DAY FROM WEATHER FILE,3/2 06:00:00,21.00,20.99,0.01028,1.00,0.00367,0.000,0.00
,3DYLJPHWXB1VOWY5LPQ8_2,537.23,537.23,14.25,0.015,0.015,WINTER DESIGN DAY FROM WEATHER FILE,3/2 06:00:00,21.00,20.99,0.00942,1.00,0.00367,0.000,0.00
,3G0CEO8QRFGPRRO9HYEX7V,269.79,269.79,7.47,0.008,0.008,WINTER DESIGN DAY FROM WEATHER FILE,2/26 06:00:00,21.00,21.00,0.01498,-2.60,0.00284,0.000,0.00
,3LJWLADQX638QBR_BXHA$C,959.24,959.24,12.54,0.027,0.027,SUMMER DESIGN DAY FROM WEATHER FILE,8/4 06:00:00,21.00,20.99,0.00997,11.30,0.00830,0.000,0.00
,0WLDSRXY1FH9RF4WA6QEKV,1409.11,1409.11,38.39,0.040,0.040,WINTER DESIGN DAY FROM WEATHER FILE,2/28 09:30:00,21.00,20.99,0.01018,10.75,0.00627,0.000,0.00
,18PU3GE41D_BHP0U$GRITO,176.98,176.98,22.31,0.005,0.005,WINTER DESIGN DAY FROM WEATHER FILE,2/28 09:30:00,21.00,21.00,0.00999,10.75,0.00627,0.000,0.00
,1BNZZOW0D8K8AGXDQ4F75V,1832.73,1832.73,17.45,0.052,0.052,WINTER DESIGN DAY FROM WEATHER FILE,3/4 15:15:00,21.00,20.99,0.00782,10.10,0.00357,0.000,0.00
,1CXQ0W4HL71FQ21BMWHLFZ,200.26,200.26,21.83,0.006,0.006,WINTER DESIGN DAY FROM WEATHER FILE,2/28 09:30:00,21.00,21.00,0.00995,10.75,0.00627,0.000,0.00
,1HQZA3HET1GRLTQSI138OL,201.26,201.26,15.06,0.006,0.006,WINTER DESIGN DAY FROM WEATHER FILE,2/28 09:30:00,21.00,21.00,0.00889,10.75,0.00627,0.000,0.00
,1KWP7HSZR8YOJWZQWUXCGM,201.44,201.44,15.15,0.006,0.006,WINTER DESIGN DAY FROM WEATHER FILE,2/28 09:30:00,21.00,21.00,0.00890,10.75,0.00627,0.000,0.00
,1SIISADAJ75P2K126BOPWI,192.10,192.10,24.22,0.005,0.005,WINTER DESIGN DAY FROM WEATHER FILE,2/28 09:30:00,21.00,20.99,0.01021,10.75,0.00627,0.000,0.00
,2WTW_5TS12BQVVPNZ4RTZ8,200.52,200.52,21.84,0.006,0.006,WINTER DESIGN DAY FROM WEATHER FILE,2/28 09:30:00,21.00,21.00,0.00995,10.75,0.00627,0.000,0.00
,2X$RF$7GLFZECF00IG4ZFJ,199.93,199.93,21.76,0.006,0.006,WINTER DESIGN DAY FROM WEATHER FILE,2/28 09:30:00,21.00,21.00,0.00994,10.75,0.00627,0.000,0.00
,2UN5ECZKNBEXTUKMCA5OFF,199.26,199.26,15.31,0.006,0.006,WINTER DESIGN DAY FROM WEATHER FILE,2/28 09:30:00,21.00,21.00,0.00893,10.75,0.00627,0.000,0.00
,303QW7ZF996EKWJLTQOLOB,197.63,197.63,15.26,0.006,0.006,WINTER DESIGN DAY FROM WEATHER FILE,2/28 09:30:00,21.00,21.00,0.00892,10.75,0.00627,0.000,0.00
,3M_8BSRUT9JPFPUQGPEDOA,1399.87,1399.87,38.14,0.040,0.040,WINTER DESIGN DAY FROM WEATHER FILE,2/28 09:30:00,21.00,20.99,0.01016,10.75,0.00627,0.000,0.00
,3TJLMIJ$97RELEO_9TS0SD,200.86,200.86,21.88,0.006,0.006,WINTER DESIGN DAY FROM WEATHER FILE,2/28 09:30:00,21.00,21.00,0.00995,10.75,0.00627,0.000,0.00
The Design Load is the zone sensible load only. It does not include any system effects or ventilation loads.


System Design Air Flow Rates

,,Calculated cooling [m3/s],User cooling [m3/s],Calculated heating [m3/s],User heating [m3/s],Adjusted cooling [m3/s],Adjusted heating [m3/s],Adjusted main [m3/s],Calculated Heating Air Flow Ratio [],User Heating Air Flow Ratio []
,None,,,,,,,,,


Plant Loop Coincident Design Fluid Flow Rate Adjustments

,,Previous Design Volume Flow Rate [m3/s],Algorithm Volume Flow Rate [m3/s],Coincident Design Volume Flow Rate [m3/s],Coincident Size Adjusted,Peak Sizing Period Name,Peak Day into Period {TIMESTAMP}[day],Peak Hour Of Day {TIMESTAMP}[hr],Peak Step Start Minute {TIMESTAMP}[min]
,None,,,,,,,,


Coil Sizing Summary

,,Coil Type,HVAC Type,HVAC Name,Coil Final Gross Total Capacity [W],Coil Final Gross Sensible Capacity [W],Coil Final Reference Air Volume Flow Rate [m3/s],Coil Final Reference Plant Fluid Volume Flow Rate [m3/s],Coil U-value Times Area Value [W/K],Design Day Name at Sensible Ideal Loads Peak,Date/Time at Sensible Ideal Loads Peak,Design Day Name at Air Flow Ideal Loads Peak,Date/Time at Air Flow Ideal Loads Peak,Coil Total Capacity at Ideal Loads Peak [W],Coil Sensible Capacity at Ideal Loads Peak [W],Coil Air Volume Flow Rate at Ideal Loads Peak [m3/s],Coil Entering Air Drybulb at Ideal Loads Peak [C],Coil Entering Air Wetbulb at Ideal Loads Peak [C],Coil Entering Air Humidity Ratio at Ideal Loads Peak [kgWater/kgDryAir],Coil Leaving Air Drybulb at Ideal Loads Peak [C],Coil Leaving Air Wetbulb at Ideal Loads Peak [C],Coil Leaving Air Humidity Ratio at Ideal Loads Peak [kgWater/kgDryAir],Outdoor Air Drybulb at Ideal Loads Peak [C],Outdoor Air Humidity Ratio at Ideal Loads Peak [kgWater/kgDryAir],Outdoor Air Wetbulb at Ideal Loads Peak [C],Outdoor Air Flow Percentage at Ideal Loads Peak [%],Zone Air Drybulb at Ideal Loads Peak [C],Zone Air Humidity Ratio at Ideal Loads Peak [kgWater/kgDryAir],Zone Air Relative Humidity at Ideal Loads Peak [%],Zone Sensible Heat Gain at Ideal Loads Peak [W],Zone Latent Heat Gain at Ideal Loads Peak [W],Coil Total Capacity at Rating Conditions [W],Coil Sensible Capacity at Rating Conditions [W]
,None,,,,,,,,,,,,,,,,,,,,,,,,,,,,,,,,


----------------------------------------------------------------------------------------------------
REPORT:,Coil Sizing Details
FOR:,Entire Facility
Coils

,,Coil Type,Coil Location,HVAC Type,HVAC Name,Zone Name(s),System Sizing Method Concurrence,System Sizing Method Capacity,System Sizing Method Air Flow,Autosized Coil Capacity?,Autosized Coil Airflow?,Autosized Coil Water Flow?,OA Pretreated prior to coil inlet?,Coil Final Gross Total Capacity [W],Coil Final Gross Sensible Capacity [W],Coil Final Reference Air Volume Flow Rate [m3/s],Coil Final Reference Plant Fluid Volume Flow Rate [m3/s],Coil U-value Times Area Value [W/K],Terminal Unit Reheat Coil Multiplier,DX Coil Capacity Increase Ratio from Too Low Flow/Capacity Ratio,DX Coil Capacity Decrease Ratio from Too High Flow/Capacity Ratio,Moist Air Heat Capacity [J/kg-K],Dry Air Heat Capacity [J/kg-K],Standard Air Density Adjusted for Elevation [kg/m3],Supply Fan Name for Coil,Supply Fan Type for Coil,Supply Fan Maximum Air Volume Flow Rate [m3/s],Supply Fan Maximum Air Mass Flow Rate [kg/s],Plant Name for Coil,Plant Fluid Specific Heat Capacity [J/kg-K],Plant Fluid Density [kg/m3],Plant Maximum Fluid Mass Flow Rate [kg/s],Plant Design Fluid Return Temperature [C],Plant Design Fluid Supply Temperature [C],Plant Design Fluid Temperature Difference [deltaC],Plant Design Capacity [W],Coil Capacity Percentage of Plant Design Capacity [%],Coil Fluid Flow Rate Percentage of Plant Design Flow Rate [%],Design Day Name at Sensible Ideal Loads Peak,Date/Time at Sensible Ideal Loads Peak,Design Day Name at Total Ideal Loads Peak,Date/Time at Total Ideal Loads Peak,Design Day Name at Air Flow Ideal Loads Peak,Date/Time at Air Flow Ideal Loads Peak,Peak Load Type to Size On,Coil Total Capacity at Ideal Loads Peak [W],Coil Sensible Capacity at Ideal Loads Peak [W],Coil Off-Rating Capacity Modifier at Ideal Loads Peak [ ],Coil Air Mass Flow Rate at Ideal Loads Peak [kg/s],Coil Air Volume Flow Rate at Ideal Loads Peak [m3/s],Coil Entering Air Drybulb at Ideal Loads Peak [C],Coil Entering Air Wetbulb at Ideal Loads Peak [C],Coil Entering Air Humidity Ratio at Ideal Loads Peak [kgWater/kgDryAir],Coil Entering Air Enthalpy at Ideal Loads Peak [J/KG-K],Coil Leaving Air Drybulb at Ideal Loads Peak [C],Coil Leaving Air Wetbulb at Ideal Loads Peak [C],Coil Leaving Air Humidity Ratio at Ideal Loads Peak [kgWater/kgDryAir],Coil Leaving Air Enthalpy at Ideal Loads Peak [J/KG-K],Coil Plant Fluid Mass Flow Rate at Ideal Loads Peak [kg/s],Coil Entering Plant Fluid Temperature at Ideal Loads Peak [C],Coil Leaving Plant Fluid Temperature at Ideal Loads Peak [C],Coil Plant Fluid Temperature Difference at Ideal Loads Peak [deltaC],Supply Fan Air Heat Gain at Ideal Loads Peak [W],Coil and Fan Net Total Capacity at Ideal Loads Peak [W],Outdoor Air Drybulb at Ideal Loads Peak [C],Outdoor Air Humidity Ratio at Ideal Loads Peak [kgWater/kgDryAir],Outdoor Air Wetbulb at Ideal Loads Peak [C],Outdoor Air Volume Flow Rate at Ideal Loads Peak [m3/s],Outdoor Air Flow Percentage at Ideal Loads Peak [%],System Return Air Drybulb at Ideal Loads Peak [C],System Return Air Humidity Ratio at Ideal Loads Peak [kgWater/kgDryAir],Zone Air Drybulb at Ideal Loads Peak [C],Zone Air Humidity Ratio at Ideal Loads Peak [kgWater/kgDryAir],Zone Air Relative Humidity at Ideal Loads Peak [%],Zone Sensible Heat Gain at Ideal Loads Peak [W],Zone Latent Heat Gain at Ideal Loads Peak [W],Coil Total Capacity at Rating Conditions [W],Coil Sensible Capacity at Rating Conditions [W],Coil Air Mass Flow Rate at Rating Conditions [kg/s],Coil Entering Air Drybulb at Rating Conditions [C],Coil Entering Air Wetbulb at Rating Conditions [C],Coil Entering Air Humidity Ratio at Rating Conditions [kgWater/kgDryAir],Coil Entering Air Enthalpy at Rating Conditions [J/KG-K],Coil Leaving Air Drybulb at Rating Conditions [C],Coil Leaving Air Wetbulb at Rating Conditions [C],Coil Leaving Air Humidity Ratio at Rating Conditions [kgWater/kgDryAir],Coil Leaving Air Enthalpy at Rating Conditions [J/KG-K]
,None,,,,,,,,,,,,,,,,,,,,,,,,,,,,,,,,,,,,,,,,,,,,,,,,,,,,,,,,,,,,,,,,,,,,,,,,,,,,,,,,,,,,,,


----------------------------------------------------------------------------------------------------
REPORT:,System Summary
FOR:,Entire Facility
Economizer

,,High Limit Shutoff Control,Minimum Outdoor Air [m3/s],Maximum Outdoor Air [m3/s],Return Air Temp Limit,Return Air Enthalpy Limit,Outdoor Air Temperature Limit [C],Outdoor Air Enthalpy Limit [C]
,None,,,,,,,


Demand Controlled Ventilation using Controller:MechanicalVentilation

,,Controller:MechanicalVentilation Name,Outdoor Air Per Person [m3/s-person],Outdoor Air Per Area [m3/s-m2],Outdoor Air Per Zone [m3/s],Outdoor Air ACH [ach],Outdoor Air Method,Outdoor Air Schedule Name,Air Distribution Effectiveness in Cooling Mode,Air Distribution Effectiveness in Heating Mode,Air Distribution Effectiveness Schedule Name
,None,,,,,,,,,,


Time Not Comfortable Based on Simple ASHRAE 55-2004

,,Winter Clothes [hr],Summer Clothes [hr],Summer or Winter Clothes [hr]
,00MLRNOVNCEHFFCBB9J$NK,2446.00,3998.00,2440.50
,0ELTW7UM9DRURZ_FYFNE9W,1976.50,2960.25,1204.75
,0W6NU5BRTFIQXXYMM6ILGS,2273.75,3997.50,2268.25
,0DIFK5T49139$QBDUCK5A9,5588.50,8760.00,5588.50
,0U2ZPLRHTCUWK3$YRPCZEO,1523.00,3655.00,1265.25
,0ZWU9FOWRDWURARHO69T83,5583.50,8757.75,5583.50
,11GHF5W0N9AGOUOXD7SXZM,1475.50,3671.00,1228.50
,17KSY6ZZ5APQ0YJPQBAX_U,977.75,2673.25,315.75
,1DR$EUE41E8ECWOYLIJLIT,7765.75,8747.75,7765.75
,1EYECQGPZ09F9SE6JGR55M,2056.75,2897.25,1223.00
,1GOZB5TBH738163NLUZBQX,2030.00,2798.75,1109.25
,1PWTN7AMJ3OEWPOHZO42NJ,2628.50,3277.50,2043.00
,1Y2RJHKTHCLXJ0TUUV9K_Z,3285.00,3285.00,3285.00
,1_FGE0TIZCTRJEYZDX5WYJ,1409.25,3858.25,1311.25
,1ADVKLHC9ALU8GQYFXFWE4,5517.25,8757.25,5517.25
,1IAFH_A0X4BU_FFXOZPTRL,2636.25,3254.50,2033.00
,1JORQKBDN4ZXPNFOKGQGP_,5004.75,8757.75,5004.75
,1LXCTPB4NESE3Q6XK6HAD5,2226.50,3591.50,1921.75
,1NYUQ381R1JGTXA1VKFRZV,1517.50,3657.25,1260.75
,1RW1JYHZV1QBSFHPLSLVZZ,1191.50,1708.50,560.75
,1TFYORFFD5ZX4NAJ0W62KG,2578.25,3019.50,1786.00
,1WCNWD8FVEXXE6Q3YNDNHJ,5444.50,8760.00,5444.50
,1Y_DAPZEF9MXUPESN29HKY,2209.75,3575.50,1894.75
,24CJFLTRXBVFTECKJLT5IU,2890.25,3306.25,2281.50
,2CXRC190XAZUMHRLJ12ZWO,5238.50,8744.75,5238.50
,2CBLUG4K90AFS0ULISW57$,2000.00,3284.00,1461.75
,2DDCZNH4P35P17ZZP0MC27,1394.25,3606.75,1110.00
,2DZYGNKTN3YUE2CQZ7IH3G,1576.50,4011.25,1576.50
,2JPUAUJGVCL8GZFYDEN0QZ,2206.50,3621.75,1920.50
,2KFJ4GAD59TRGS$KUMPVKX,1594.50,4013.75,1594.50
,2KRQOVE1T90WWGJURUVFGY,1795.00,3239.75,1225.75
,2N5PAWURB9UXWMW6VZHKG2,2107.75,2879.00,1254.50
,2U0_9NBFJ5W9HBM3YSNCGZ,7720.75,8743.00,7720.50
,2Y6L$OYX55CULKWGZVG76X,1230.50,4015.00,1230.50
,2YUBHDOS5EZHT591INO2JZ,2532.25,3028.00,1747.25
,2_MZMMWYJ2X8L5ZTTWFZQ9,1153.00,4012.50,1153.00
,2K9O3QILF0AQFA6KKU5HXP,2048.75,3388.75,1572.75
,2SQQMDRC5FSAM7Q4HEYPCN,1622.25,2821.00,697.00
,2V9V9EITTC7UB9LUIJAJSI,1404.25,3698.00,1171.50
,38IMUKOGP559RZQPTQORMP,5455.25,8760.00,5455.25
,3W$07STZF4SGATGZXH6RH7,2163.50,3367.00,1698.75
,3WTGYEGFV57XESUBLIN6UZ,2203.25,3609.25,1911.50
,3XETEHPLX2FBMDLVKG9RNX,2151.00,3435.00,1736.75
,3DYLJPHWXB1VOWY5LPQ8_2,1930.00,2847.50,1049.00
,3G0CEO8QRFGPRRO9HYEX7V,2890.25,3306.25,2281.50
,3LJWLADQX638QBR_BXHA$C,1673.50,2835.00,840.50
,0WLDSRXY1FH9RF4WA6QEKV,0.00,0.00,0.00
,18PU3GE41D_BHP0U$GRITO,0.00,0.00,0.00
,1BNZZOW0D8K8AGXDQ4F75V,0.00,0.00,0.00
,1CXQ0W4HL71FQ21BMWHLFZ,0.00,0.00,0.00
,1HQZA3HET1GRLTQSI138OL,0.00,0.00,0.00
,1KWP7HSZR8YOJWZQWUXCGM,0.00,0.00,0.00
,1SIISADAJ75P2K126BOPWI,0.00,0.00,0.00
,2WTW_5TS12BQVVPNZ4RTZ8,0.00,0.00,0.00
,2X$RF$7GLFZECF00IG4ZFJ,0.00,0.00,0.00
,2UN5ECZKNBEXTUKMCA5OFF,0.00,0.00,0.00
,303QW7ZF996EKWJLTQOLOB,0.00,0.00,0.00
,3M_8BSRUT9JPFPUQGPEDOA,0.00,0.00,0.00
,3TJLMIJ$97RELEO_9TS0SD,0.00,0.00,0.00
,Facility,8260.50,8760.00,8255.00
Aggregated over the RunPeriods for Weather


Time Setpoint Not Met

,,During Heating [hr],During Cooling [hr],During Occupied Heating [hr],During Occupied Cooling [hr]
,00MLRNOVNCEHFFCBB9J$NK,0.00,802.50,0.00,600.00
,0ELTW7UM9DRURZ_FYFNE9W,0.00,5165.25,0.00,2811.25
,0W6NU5BRTFIQXXYMM6ILGS,0.00,870.75,0.00,626.50
,0DIFK5T49139$QBDUCK5A9,0.00,556.00,0.00,556.00
,0U2ZPLRHTCUWK3$YRPCZEO,0.00,3090.50,0.00,1969.50
,0ZWU9FOWRDWURARHO69T83,0.00,557.25,0.00,557.25
,11GHF5W0N9AGOUOXD7SXZM,0.00,3047.50,0.00,1977.50
,17KSY6ZZ5APQ0YJPQBAX_U,0.00,3962.75,0.00,2706.00
,1DR$EUE41E8ECWOYLIJLIT,0.00,8760.00,0.00,8760.00
,1EYECQGPZ09F9SE6JGR55M,0.00,5355.00,0.00,2864.00
,1GOZB5TBH738163NLUZBQX,0.00,5482.75,0.00,3102.50
,1PWTN7AMJ3OEWPOHZO42NJ,0.00,3707.25,0.00,1907.75
,1Y2RJHKTHCLXJ0TUUV9K_Z,0.00,8760.00,0.00,3285.00
,1_FGE0TIZCTRJEYZDX5WYJ,0.00,1544.00,0.00,1013.00
,1ADVKLHC9ALU8GQYFXFWE4,0.00,536.00,0.00,536.00
,1IAFH_A0X4BU_FFXOZPTRL,0.00,3547.00,0.00,1921.75
,1JORQKBDN4ZXPNFOKGQGP_,0.00,588.50,0.00,588.50
,1LXCTPB4NESE3Q6XK6HAD5,0.00,2683.50,0.00,1575.00
,1NYUQ381R1JGTXA1VKFRZV,0.00,3091.25,0.00,1972.00
,1RW1JYHZV1QBSFHPLSLVZZ,0.00,5935.00,0.00,2154.75
,1TFYORFFD5ZX4NAJ0W62KG,0.00,5517.50,0.00,2860.25
,1WCNWD8FVEXXE6Q3YNDNHJ,0.00,536.75,0.00,536.75
,1Y_DAPZEF9MXUPESN29HKY,0.00,2793.25,0.00,1754.25
,24CJFLTRXBVFTECKJLT5IU,0.00,5139.75,0.00,3011.50
,2CXRC190XAZUMHRLJ12ZWO,0.00,568.75,0.00,568.75
,2CBLUG4K90AFS0ULISW57$,0.00,4079.50,0.00,2324.50
,2DDCZNH4P35P17ZZP0MC27,0.00,3469.00,0.00,2387.25
,2DZYGNKTN3YUE2CQZ7IH3G,0.00,1313.50,0.00,735.00
,2JPUAUJGVCL8GZFYDEN0QZ,0.00,2598.75,0.00,1553.00
,2KFJ4GAD59TRGS$KUMPVKX,0.00,1259.75,0.00,710.00
,2KRQOVE1T90WWGJURUVFGY,0.00,4579.50,0.00,2548.75
,2N5PAWURB9UXWMW6VZHKG2,0.00,5379.00,0.00,2864.50
,2U0_9NBFJ5W9HBM3YSNCGZ,0.00,8760.00,0.00,8760.00
,2Y6L$OYX55CULKWGZVG76X,0.00,1256.00,0.00,746.25
,2YUBHDOS5EZHT591INO2JZ,0.00,5282.00,0.00,2817.75
,2_MZMMWYJ2X8L5ZTTWFZQ9,0.00,1344.00,0.00,802.25
,2K9O3QILF0AQFA6KKU5HXP,0.00,3636.25,0.00,2163.25
,2SQQMDRC5FSAM7Q4HEYPCN,0.00,6156.25,0.00,3362.25
,2V9V9EITTC7UB9LUIJAJSI,0.00,3010.25,0.00,2007.25
,38IMUKOGP559RZQPTQORMP,0.00,533.50,0.00,533.50
,3W$07STZF4SGATGZXH6RH7,0.00,3302.50,0.00,1979.25
,3WTGYEGFV57XESUBLIN6UZ,0.00,2649.50,0.00,1571.25
,3XETEHPLX2FBMDLVKG9RNX,0.00,3383.75,0.00,1900.25
,3DYLJPHWXB1VOWY5LPQ8_2,0.00,5482.00,0.00,3091.75
,3G0CEO8QRFGPRRO9HYEX7V,0.00,5139.75,0.00,3011.50
,3LJWLADQX638QBR_BXHA$C,0.00,5554.25,0.00,3212.25
,0WLDSRXY1FH9RF4WA6QEKV,0.00,767.25,0.00,0.00
,18PU3GE41D_BHP0U$GRITO,0.00,1151.25,0.00,0.00
,1BNZZOW0D8K8AGXDQ4F75V,0.00,492.25,0.00,0.00
,1CXQ0W4HL71FQ21BMWHLFZ,0.00,988.00,0.00,0.00
,1HQZA3HET1GRLTQSI138OL,0.00,848.50,0.00,0.00
,1KWP7HSZR8YOJWZQWUXCGM,0.00,828.25,0.00,0.00
,1SIISADAJ75P2K126BOPWI,0.00,8741.50,0.00,0.00
,2WTW_5TS12BQVVPNZ4RTZ8,0.00,986.00,0.00,0.00
,2X$RF$7GLFZECF00IG4ZFJ,0.00,986.75,0.00,0.00
,2UN5ECZKNBEXTUKMCA5OFF,0.00,811.25,0.00,0.00
,303QW7ZF996EKWJLTQOLOB,0.00,827.75,0.00,0.00
,3M_8BSRUT9JPFPUQGPEDOA,0.00,686.25,0.00,0.00
,3TJLMIJ$97RELEO_9TS0SD,0.00,992.00,0.00,0.00
,Facility,0.00,8760.00,0.00,8760.00
Aggregated over the RunPeriods for Weather


----------------------------------------------------------------------------------------------------
REPORT:,Outdoor Air Summary
FOR:,Entire Facility
Average Outdoor Air During Occupied Hours

,,Average Number of Occupants,Nominal Number of Occupants,Zone Volume [m3],Mechanical Ventilation [ach],Infiltration [ach],AFN Infiltration [ach],Simple Ventilation [ach]
,00MLRNOVNCEHFFCBB9J$NK,1.03,1.89,79.48,0.000,0.207,0.000,1.094
,0ELTW7UM9DRURZ_FYFNE9W,1.47,2.69,131.71,0.000,0.208,0.000,1.081
,0W6NU5BRTFIQXXYMM6ILGS,0.40,0.74,31.01,0.000,0.207,0.000,1.094
,0DIFK5T49139$QBDUCK5A9,0.39,0.66,76.83,0.000,0.208,0.000,0.918
,0U2ZPLRHTCUWK3$YRPCZEO,1.45,2.66,130.12,0.000,0.207,0.000,1.076
,0ZWU9FOWRDWURARHO69T83,0.39,0.66,79.48,0.000,0.208,0.000,0.918
,11GHF5W0N9AGOUOXD7SXZM,1.45,2.66,130.12,0.000,0.207,0.000,1.076
,17KSY6ZZ5APQ0YJPQBAX_U,2.96,4.94,259.28,0.000,0.209,0.000,1.077
,1DR$EUE41E8ECWOYLIJLIT,0.08,0.13,55.47,0.000,0.206,0.000,0.897
,1EYECQGPZ09F9SE6JGR55M,1.47,2.69,131.92,0.000,0.208,0.000,1.082
,1GOZB5TBH738163NLUZBQX,13.86,25.41,266.73,0.000,0.208,0.000,1.083
,1PWTN7AMJ3OEWPOHZO42NJ,1.43,2.62,128.52,0.000,0.208,0.000,1.080
,1Y2RJHKTHCLXJ0TUUV9K_Z,9.98,17.96,125.74,0.000,0.227,0.000,1.138
,1_FGE0TIZCTRJEYZDX5WYJ,30.58,56.06,2648.77,0.000,0.207,0.000,1.074
,1ADVKLHC9ALU8GQYFXFWE4,0.80,1.35,161.91,0.000,0.208,0.000,0.918
,1IAFH_A0X4BU_FFXOZPTRL,1.43,2.62,128.52,0.000,0.208,0.000,1.080
,1JORQKBDN4ZXPNFOKGQGP_,0.15,0.26,31.01,0.000,0.208,0.000,0.918
,1LXCTPB4NESE3Q6XK6HAD5,1.44,2.64,129.46,0.000,0.207,0.000,1.075
,1NYUQ381R1JGTXA1VKFRZV,1.45,2.66,130.12,0.000,0.207,0.000,1.076
,1RW1JYHZV1QBSFHPLSLVZZ,24.53,57.23,400.58,0.000,0.209,0.000,1.090
,1TFYORFFD5ZX4NAJ0W62KG,1.46,2.67,130.96,0.000,0.209,0.000,1.087
,1WCNWD8FVEXXE6Q3YNDNHJ,0.39,0.66,79.48,0.000,0.208,0.000,0.918
,1Y_DAPZEF9MXUPESN29HKY,6.14,11.26,394.07,0.000,0.207,0.000,1.076
,24CJFLTRXBVFTECKJLT5IU,1.41,2.58,6.50,0.000,0.209,0.000,1.088
,2CXRC190XAZUMHRLJ12ZWO,3.05,5.16,751.20,0.000,0.208,0.000,0.918
,2CBLUG4K90AFS0ULISW57$,3.88,7.10,74.61,0.000,0.208,0.000,1.079
,2DDCZNH4P35P17ZZP0MC27,6.17,11.32,396.07,0.000,0.207,0.000,1.077
,2DZYGNKTN3YUE2CQZ7IH3G,0.04,0.07,3.59,0.000,0.207,0.000,1.070
,2JPUAUJGVCL8GZFYDEN0QZ,1.44,2.64,129.46,0.000,0.207,0.000,1.075
,2KFJ4GAD59TRGS$KUMPVKX,0.04,0.07,3.59,0.000,0.207,0.000,1.070
,2KRQOVE1T90WWGJURUVFGY,3.98,7.29,76.55,0.000,0.208,0.000,1.079
,2N5PAWURB9UXWMW6VZHKG2,1.47,2.69,131.92,0.000,0.208,0.000,1.082
,2U0_9NBFJ5W9HBM3YSNCGZ,0.08,0.13,55.47,0.000,0.206,0.000,0.897
,2Y6L$OYX55CULKWGZVG76X,0.03,0.05,2.36,0.000,0.207,0.000,1.071
,2YUBHDOS5EZHT591INO2JZ,1.46,2.68,131.18,0.000,0.209,0.000,1.086
,2_MZMMWYJ2X8L5ZTTWFZQ9,0.03,0.05,2.36,0.000,0.207,0.000,1.071
,2K9O3QILF0AQFA6KKU5HXP,3.98,7.29,76.55,0.000,0.208,0.000,1.078
,2SQQMDRC5FSAM7Q4HEYPCN,3.88,7.10,74.61,0.000,0.208,0.000,1.082
,2V9V9EITTC7UB9LUIJAJSI,1.45,2.66,130.12,0.000,0.207,0.000,1.076
,38IMUKOGP559RZQPTQORMP,0.39,0.66,79.48,0.000,0.208,0.000,0.918
,3W$07STZF4SGATGZXH6RH7,1.44,2.64,129.17,0.000,0.208,0.000,1.079
,3WTGYEGFV57XESUBLIN6UZ,1.44,2.64,129.47,0.000,0.207,0.000,1.075
,3XETEHPLX2FBMDLVKG9RNX,1.44,2.64,129.17,0.000,0.207,0.000,1.078
,3DYLJPHWXB1VOWY5LPQ8_2,6.85,12.57,131.92,0.000,0.208,0.000,1.082
,3G0CEO8QRFGPRRO9HYEX7V,1.41,2.58,6.50,0.000,0.209,0.000,1.088
,3LJWLADQX638QBR_BXHA$C,13.91,25.50,267.70,0.000,0.208,0.000,1.082
Values shown for a single zone without multipliers


Minimum Outdoor Air During Occupied Hours

,,Average Number of Occupants,Nominal Number of Occupants,Zone Volume [m3],Mechanical Ventilation [ach],Infiltration [ach],AFN Infiltration [ach],Simple Ventilation [ach]
,00MLRNOVNCEHFFCBB9J$NK,1.03,1.89,79.48,0.000,0.003,0.000,0.000
,0ELTW7UM9DRURZ_FYFNE9W,1.47,2.69,131.71,0.000,0.003,0.000,0.000
,0W6NU5BRTFIQXXYMM6ILGS,0.40,0.74,31.01,0.000,0.003,0.000,0.000
,0DIFK5T49139$QBDUCK5A9,0.39,0.66,76.83,0.000,0.003,0.000,0.000
,0U2ZPLRHTCUWK3$YRPCZEO,1.45,2.66,130.12,0.000,0.003,0.000,0.000
,0ZWU9FOWRDWURARHO69T83,0.39,0.66,79.48,0.000,0.003,0.000,0.000
,11GHF5W0N9AGOUOXD7SXZM,1.45,2.66,130.12,0.000,0.003,0.000,0.000
,17KSY6ZZ5APQ0YJPQBAX_U,2.96,4.94,259.28,0.000,0.003,0.000,0.000
,1DR$EUE41E8ECWOYLIJLIT,0.08,0.13,55.47,0.000,0.003,0.000,0.000
,1EYECQGPZ09F9SE6JGR55M,1.47,2.69,131.92,0.000,0.003,0.000,0.000
,1GOZB5TBH738163NLUZBQX,13.86,25.41,266.73,0.000,0.003,0.000,0.000
,1PWTN7AMJ3OEWPOHZO42NJ,1.43,2.62,128.52,0.000,0.003,0.000,0.000
,1Y2RJHKTHCLXJ0TUUV9K_Z,9.98,17.96,125.74,0.000,0.003,0.000,0.000
,1_FGE0TIZCTRJEYZDX5WYJ,30.58,56.06,2648.77,0.000,0.003,0.000,0.000
,1ADVKLHC9ALU8GQYFXFWE4,0.80,1.35,161.91,0.000,0.003,0.000,0.000
,1IAFH_A0X4BU_FFXOZPTRL,1.43,2.62,128.52,0.000,0.003,0.000,0.000
,1JORQKBDN4ZXPNFOKGQGP_,0.15,0.26,31.01,0.000,0.003,0.000,0.000
,1LXCTPB4NESE3Q6XK6HAD5,1.44,2.64,129.46,0.000,0.003,0.000,0.000
,1NYUQ381R1JGTXA1VKFRZV,1.45,2.66,130.12,0.000,0.003,0.000,0.000
,1RW1JYHZV1QBSFHPLSLVZZ,24.53,57.23,400.58,0.000,0.003,0.000,0.000
,1TFYORFFD5ZX4NAJ0W62KG,1.46,2.67,130.96,0.000,0.003,0.000,0.000
,1WCNWD8FVEXXE6Q3YNDNHJ,0.39,0.66,79.48,0.000,0.003,0.000,0.000
,1Y_DAPZEF9MXUPESN29HKY,6.14,11.26,394.07,0.000,0.003,0.000,0.000
,24CJFLTRXBVFTECKJLT5IU,1.41,2.58,6.50,0.000,0.003,0.000,0.000
,2CXRC190XAZUMHRLJ12ZWO,3.05,5.16,751.20,0.000,0.003,0.000,0.000
,2CBLUG4K90AFS0ULISW57$,3.88,7.10,74.61,0.000,0.003,0.000,0.000
,2DDCZNH4P35P17ZZP0MC27,6.17,11.32,396.07,0.000,0.003,0.000,0.000
,2DZYGNKTN3YUE2CQZ7IH3G,0.04,0.07,3.59,0.000,0.003,0.000,0.000
,2JPUAUJGVCL8GZFYDEN0QZ,1.44,2.64,129.46,0.000,0.003,0.000,0.000
,2KFJ4GAD59TRGS$KUMPVKX,0.04,0.07,3.59,0.000,0.003,0.000,0.000
,2KRQOVE1T90WWGJURUVFGY,3.98,7.29,76.55,0.000,0.003,0.000,0.000
,2N5PAWURB9UXWMW6VZHKG2,1.47,2.69,131.92,0.000,0.003,0.000,0.000
,2U0_9NBFJ5W9HBM3YSNCGZ,0.08,0.13,55.47,0.000,0.003,0.000,0.000
,2Y6L$OYX55CULKWGZVG76X,0.03,0.05,2.36,0.000,0.003,0.000,0.000
,2YUBHDOS5EZHT591INO2JZ,1.46,2.68,131.18,0.000,0.003,0.000,0.000
,2_MZMMWYJ2X8L5ZTTWFZQ9,0.03,0.05,2.36,0.000,0.003,0.000,0.000
,2K9O3QILF0AQFA6KKU5HXP,3.98,7.29,76.55,0.000,0.003,0.000,0.000
,2SQQMDRC5FSAM7Q4HEYPCN,3.88,7.10,74.61,0.000,0.003,0.000,0.000
,2V9V9EITTC7UB9LUIJAJSI,1.45,2.66,130.12,0.000,0.003,0.000,0.000
,38IMUKOGP559RZQPTQORMP,0.39,0.66,79.48,0.000,0.003,0.000,0.000
,3W$07STZF4SGATGZXH6RH7,1.44,2.64,129.17,0.000,0.003,0.000,0.000
,3WTGYEGFV57XESUBLIN6UZ,1.44,2.64,129.47,0.000,0.003,0.000,0.000
,3XETEHPLX2FBMDLVKG9RNX,1.44,2.64,129.17,0.000,0.003,0.000,0.000
,3DYLJPHWXB1VOWY5LPQ8_2,6.85,12.57,131.92,0.000,0.003,0.000,0.000
,3G0CEO8QRFGPRRO9HYEX7V,1.41,2.58,6.50,0.000,0.003,0.000,0.000
,3LJWLADQX638QBR_BXHA$C,13.91,25.50,267.70,0.000,0.003,0.000,0.000
Values shown for a single zone without multipliers


----------------------------------------------------------------------------------------------------
REPORT:,Object Count Summary
FOR:,Entire Facility
Surfaces by Class

,,Total,Outdoors
,Wall,1101,148
,Floor,222,36
,Roof,194,34
,Internal Mass,0,0
,Building Detached Shading,0,0
,Fixed Detached Shading,0,0
,Window,47,47
,Door,132,0
,Glass Door,0,0
,Shading,0,0
,Overhang,0,0
,Fin,0,0
,Tubular Daylighting Device Dome,0,0
,Tubular Daylighting Device Diffuser,0,0


HVAC

,,Count
,HVAC Air Loops,0
,Conditioned Zones,59
,Unconditioned Zones,0
,Supply Plenums,0
,Return Plenums,0


Input Fields

,,Count
,IDF Objects,2822
,Defaulted Fields,538
,Fields with Defaults,14706
,Autosized Fields,236
,Autosizable Fields,354
,Autocalculated Fields,3569
,Autocalculatable Fields,3628


----------------------------------------------------------------------------------------------------
REPORT:,Energy Meters
FOR:,Entire Facility
Annual and Peak Values - Electricity

,,Electricity Annual Value [kWh],Electricity Minimum Value [W],Timestamp of Minimum {TIMESTAMP},Electricity Maximum Value [W],Timestamp of Maximum {TIMESTAMP}
,Electricity:Facility,83019.76,2279.22,01-JAN-00:15,27128.25,01-JAN-10:15
,Electricity:Building,83019.76,2279.22,01-JAN-00:15,27128.25,01-JAN-10:15
,Electricity:Zone:00MLRNOVNCEHFFCBB9J$NK,880.96,18.55,01-JAN-00:15,236.68,01-JAN-10:15
,InteriorLights:Electricity,28064.64,0.00,01-JAN-00:15,6407.45,01-JAN-06:15
,InteriorLights:Electricity:Zone:00MLRNOVNCEHFFCBB9J$NK,386.81,0.00,01-JAN-00:15,88.31,01-JAN-06:15
,General:InteriorLights:Electricity,28064.64,0.00,01-JAN-00:15,6407.45,01-JAN-06:15
,Electricity:Zone:0ELTW7UM9DRURZ_FYFNE9W,1251.42,26.34,01-JAN-00:15,336.21,01-JAN-10:15
,InteriorLights:Electricity:Zone:0ELTW7UM9DRURZ_FYFNE9W,549.47,0.00,01-JAN-00:15,125.45,01-JAN-06:15
,Electricity:Zone:0W6NU5BRTFIQXXYMM6ILGS,343.65,7.23,01-JAN-00:15,92.33,01-JAN-10:15
,InteriorLights:Electricity:Zone:0W6NU5BRTFIQXXYMM6ILGS,150.89,0.00,01-JAN-00:15,34.45,01-JAN-06:15
,Electricity:Zone:0DIFK5T49139$QBDUCK5A9,77.36,0.00,01-JAN-00:15,17.66,01-JAN-06:15
,InteriorLights:Electricity:Zone:0DIFK5T49139$QBDUCK5A9,77.36,0.00,01-JAN-00:15,17.66,01-JAN-06:15
,Electricity:Zone:0U2ZPLRHTCUWK3$YRPCZEO,1236.12,26.02,01-JAN-00:15,332.10,01-JAN-10:15
,InteriorLights:Electricity:Zone:0U2ZPLRHTCUWK3$YRPCZEO,542.75,0.00,01-JAN-00:15,123.92,01-JAN-06:15
,Electricity:Zone:0WLDSRXY1FH9RF4WA6QEKV,107.19,0.00,01-JAN-00:15,24.47,01-JAN-06:15
,InteriorLights:Electricity:Zone:0WLDSRXY1FH9RF4WA6QEKV,107.19,0.00,01-JAN-00:15,24.47,01-JAN-06:15
,Electricity:Zone:0ZWU9FOWRDWURARHO69T83,77.36,0.00,01-JAN-00:15,17.66,01-JAN-06:15
,InteriorLights:Electricity:Zone:0ZWU9FOWRDWURARHO69T83,77.36,0.00,01-JAN-00:15,17.66,01-JAN-06:15
,Electricity:Zone:11GHF5W0N9AGOUOXD7SXZM,1236.12,26.02,01-JAN-00:15,332.10,01-JAN-10:15
,InteriorLights:Electricity:Zone:11GHF5W0N9AGOUOXD7SXZM,542.75,0.00,01-JAN-00:15,123.92,01-JAN-06:15
,Electricity:Zone:17KSY6ZZ5APQ0YJPQBAX_U,4683.27,133.35,01-JAN-00:15,1580.40,01-JAN-09:15
,InteriorLights:Electricity:Zone:17KSY6ZZ5APQ0YJPQBAX_U,1081.59,0.00,01-JAN-00:15,246.94,01-JAN-06:15
,Electricity:Zone:18PU3GE41D_BHP0U$GRITO,23.16,0.00,01-JAN-00:15,5.29,01-JAN-06:15
,InteriorLights:Electricity:Zone:18PU3GE41D_BHP0U$GRITO,23.16,0.00,01-JAN-00:15,5.29,01-JAN-06:15
,Electricity:Zone:1BNZZOW0D8K8AGXDQ4F75V,306.72,0.00,01-JAN-00:15,70.03,01-JAN-06:15
,InteriorLights:Electricity:Zone:1BNZZOW0D8K8AGXDQ4F75V,306.72,0.00,01-JAN-00:15,70.03,01-JAN-06:15
,Electricity:Zone:1CXQ0W4HL71FQ21BMWHLFZ,53.56,0.00,01-JAN-00:15,12.23,01-JAN-06:15
,InteriorLights:Electricity:Zone:1CXQ0W4HL71FQ21BMWHLFZ,53.56,0.00,01-JAN-00:15,12.23,01-JAN-06:15
,Electricity:Zone:1DR$EUE41E8ECWOYLIJLIT,22.56,0.00,01-JAN-00:15,5.15,01-JAN-06:15
,InteriorLights:Electricity:Zone:1DR$EUE41E8ECWOYLIJLIT,22.56,0.00,01-JAN-00:15,5.15,01-JAN-06:15
,Electricity:Zone:1EYECQGPZ09F9SE6JGR55M,1253.43,26.39,01-JAN-00:15,336.75,01-JAN-10:15
,InteriorLights:Electricity:Zone:1EYECQGPZ09F9SE6JGR55M,550.36,0.00,01-JAN-00:15,125.65,01-JAN-06:15
,Electricity:Zone:1GOZB5TBH738163NLUZBQX,1435.46,15.24,01-JAN-00:15,406.49,01-JAN-10:15
,InteriorLights:Electricity:Zone:1GOZB5TBH738163NLUZBQX,1112.76,0.00,01-JAN-00:15,254.06,01-JAN-06:15
,Electricity:Zone:1HQZA3HET1GRLTQSI138OL,78.05,0.00,01-JAN-00:15,17.82,01-JAN-06:15
,InteriorLights:Electricity:Zone:1HQZA3HET1GRLTQSI138OL,78.05,0.00,01-JAN-00:15,17.82,01-JAN-06:15
,Electricity:Zone:1KWP7HSZR8YOJWZQWUXCGM,77.65,0.00,01-JAN-00:15,17.73,01-JAN-06:15
,InteriorLights:Electricity:Zone:1KWP7HSZR8YOJWZQWUXCGM,77.65,0.00,01-JAN-00:15,17.73,01-JAN-06:15
,Electricity:Zone:1PWTN7AMJ3OEWPOHZO42NJ,1221.00,25.70,01-JAN-00:15,328.03,01-JAN-10:15
,InteriorLights:Electricity:Zone:1PWTN7AMJ3OEWPOHZO42NJ,536.11,0.00,01-JAN-00:15,122.40,01-JAN-06:15
,Electricity:Zone:1Y2RJHKTHCLXJ0TUUV9K_Z,24519.60,1077.70,01-JAN-00:15,10896.80,01-JAN-10:15
,InteriorLights:Electricity:Zone:1Y2RJHKTHCLXJ0TUUV9K_Z,524.48,0.00,01-JAN-00:15,119.74,01-JAN-06:15
,Electricity:Zone:1_FGE0TIZCTRJEYZDX5WYJ,13062.13,269.07,01-JAN-00:15,3497.94,01-JAN-10:15
,InteriorLights:Electricity:Zone:1_FGE0TIZCTRJEYZDX5WYJ,5892.69,0.00,01-JAN-00:15,1345.36,01-JAN-06:15
,Electricity:Zone:1ADVKLHC9ALU8GQYFXFWE4,157.59,0.00,01-JAN-00:15,35.98,01-JAN-06:15
,InteriorLights:Electricity:Zone:1ADVKLHC9ALU8GQYFXFWE4,157.59,0.00,01-JAN-00:15,35.98,01-JAN-06:15
,Electricity:Zone:1IAFH_A0X4BU_FFXOZPTRL,1221.00,25.70,01-JAN-00:15,328.03,01-JAN-10:15
,InteriorLights:Electricity:Zone:1IAFH_A0X4BU_FFXOZPTRL,536.11,0.00,01-JAN-00:15,122.40,01-JAN-06:15
,Electricity:Zone:1JORQKBDN4ZXPNFOKGQGP_,30.18,0.00,01-JAN-00:15,6.89,01-JAN-06:15
,InteriorLights:Electricity:Zone:1JORQKBDN4ZXPNFOKGQGP_,30.18,0.00,01-JAN-00:15,6.89,01-JAN-06:15
,Electricity:Zone:1LXCTPB4NESE3Q6XK6HAD5,1229.97,25.89,01-JAN-00:15,330.44,01-JAN-10:15
,InteriorLights:Electricity:Zone:1LXCTPB4NESE3Q6XK6HAD5,540.05,0.00,01-JAN-00:15,123.30,01-JAN-06:15
,Electricity:Zone:1NYUQ381R1JGTXA1VKFRZV,1236.12,26.02,01-JAN-00:15,332.10,01-JAN-10:15
,InteriorLights:Electricity:Zone:1NYUQ381R1JGTXA1VKFRZV,542.75,0.00,01-JAN-00:15,123.92,01-JAN-06:15
,Electricity:Zone:1RW1JYHZV1QBSFHPLSLVZZ,1219.94,22.89,01-JAN-00:15,381.54,01-JAN-11:15
,InteriorLights:Electricity:Zone:1RW1JYHZV1QBSFHPLSLVZZ,668.46,0.00,01-JAN-00:15,152.62,01-JAN-06:15
,Electricity:Zone:1SIISADAJ75P2K126BOPWI,23.16,0.00,01-JAN-00:15,5.29,01-JAN-06:15
,InteriorLights:Electricity:Zone:1SIISADAJ75P2K126BOPWI,23.16,0.00,01-JAN-00:15,5.29,01-JAN-06:15
,Electricity:Zone:1TFYORFFD5ZX4NAJ0W62KG,1244.29,26.19,01-JAN-00:15,334.29,01-JAN-10:15
,InteriorLights:Electricity:Zone:1TFYORFFD5ZX4NAJ0W62KG,546.34,0.00,01-JAN-00:15,124.73,01-JAN-06:15
,Electricity:Zone:1WCNWD8FVEXXE6Q3YNDNHJ,77.36,0.00,01-JAN-00:15,17.66,01-JAN-06:15
,InteriorLights:Electricity:Zone:1WCNWD8FVEXXE6Q3YNDNHJ,77.36,0.00,01-JAN-00:15,17.66,01-JAN-06:15
,Electricity:Zone:1Y_DAPZEF9MXUPESN29HKY,4273.92,112.59,01-JAN-00:15,1276.02,01-JAN-09:15
,InteriorLights:Electricity:Zone:1Y_DAPZEF9MXUPESN29HKY,1643.82,0.00,01-JAN-00:15,375.30,01-JAN-06:15
,Electricity:Zone:24CJFLTRXBVFTECKJLT5IU,1200.80,25.28,01-JAN-00:15,322.61,01-JAN-10:15
,InteriorLights:Electricity:Zone:24CJFLTRXBVFTECKJLT5IU,527.24,0.00,01-JAN-00:15,120.38,01-JAN-06:15
,Electricity:Zone:2CXRC190XAZUMHRLJ12ZWO,602.60,0.00,01-JAN-00:15,137.58,01-JAN-06:15
,InteriorLights:Electricity:Zone:2CXRC190XAZUMHRLJ12ZWO,602.60,0.00,01-JAN-00:15,137.58,01-JAN-06:15
,Electricity:Zone:2CBLUG4K90AFS0ULISW57$,401.42,4.26,01-JAN-00:15,113.67,01-JAN-10:15
,InteriorLights:Electricity:Zone:2CBLUG4K90AFS0ULISW57$,311.18,0.00,01-JAN-00:15,71.05,01-JAN-06:15
,Electricity:Zone:2DDCZNH4P35P17ZZP0MC27,4295.29,113.15,01-JAN-00:15,1282.40,01-JAN-09:15
,InteriorLights:Electricity:Zone:2DDCZNH4P35P17ZZP0MC27,1652.03,0.00,01-JAN-00:15,377.18,01-JAN-06:15
,Electricity:Zone:2DZYGNKTN3YUE2CQZ7IH3G,34.08,0.72,01-JAN-00:15,9.16,01-JAN-10:15
,InteriorLights:Electricity:Zone:2DZYGNKTN3YUE2CQZ7IH3G,14.97,0.00,01-JAN-00:15,3.42,01-JAN-06:15
,Electricity:Zone:2JPUAUJGVCL8GZFYDEN0QZ,1229.97,25.89,01-JAN-00:15,330.44,01-JAN-10:15
,InteriorLights:Electricity:Zone:2JPUAUJGVCL8GZFYDEN0QZ,540.05,0.00,01-JAN-00:15,123.30,01-JAN-06:15
,Electricity:Zone:2KFJ4GAD59TRGS$KUMPVKX,34.08,0.72,01-JAN-00:15,9.16,01-JAN-10:15
,InteriorLights:Electricity:Zone:2KFJ4GAD59TRGS$KUMPVKX,14.97,0.00,01-JAN-00:15,3.42,01-JAN-06:15
,Electricity:Zone:2KRQOVE1T90WWGJURUVFGY,411.90,4.37,01-JAN-00:15,116.64,01-JAN-10:15
,InteriorLights:Electricity:Zone:2KRQOVE1T90WWGJURUVFGY,319.30,0.00,01-JAN-00:15,72.90,01-JAN-06:15
,Electricity:Zone:2N5PAWURB9UXWMW6VZHKG2,1253.43,26.39,01-JAN-00:15,336.75,01-JAN-10:15
,InteriorLights:Electricity:Zone:2N5PAWURB9UXWMW6VZHKG2,550.36,0.00,01-JAN-00:15,125.65,01-JAN-06:15
,Electricity:Zone:2U0_9NBFJ5W9HBM3YSNCGZ,22.56,0.00,01-JAN-00:15,5.15,01-JAN-06:15
,InteriorLights:Electricity:Zone:2U0_9NBFJ5W9HBM3YSNCGZ,22.56,0.00,01-JAN-00:15,5.15,01-JAN-06:15
,Electricity:Zone:2WTW_5TS12BQVVPNZ4RTZ8,53.61,0.00,01-JAN-00:15,12.24,01-JAN-06:15
,InteriorLights:Electricity:Zone:2WTW_5TS12BQVVPNZ4RTZ8,53.61,0.00,01-JAN-00:15,12.24,01-JAN-06:15
,Electricity:Zone:2X$RF$7GLFZECF00IG4ZFJ,53.66,0.00,01-JAN-00:15,12.25,01-JAN-06:15
,InteriorLights:Electricity:Zone:2X$RF$7GLFZECF00IG4ZFJ,53.66,0.00,01-JAN-00:15,12.25,01-JAN-06:15
,Electricity:Zone:2Y6L$OYX55CULKWGZVG76X,22.44,0.47,01-JAN-00:15,6.03,01-JAN-10:15
,InteriorLights:Electricity:Zone:2Y6L$OYX55CULKWGZVG76X,9.86,0.00,01-JAN-00:15,2.25,01-JAN-06:15
,Electricity:Zone:2YUBHDOS5EZHT591INO2JZ,1246.30,26.24,01-JAN-00:15,334.83,01-JAN-10:15
,InteriorLights:Electricity:Zone:2YUBHDOS5EZHT591INO2JZ,547.22,0.00,01-JAN-00:15,124.94,01-JAN-06:15
,Electricity:Zone:2_MZMMWYJ2X8L5ZTTWFZQ9,22.44,0.47,01-JAN-00:15,6.03,01-JAN-10:15
,InteriorLights:Electricity:Zone:2_MZMMWYJ2X8L5ZTTWFZQ9,9.86,0.00,01-JAN-00:15,2.25,01-JAN-06:15
,Electricity:Zone:2K9O3QILF0AQFA6KKU5HXP,411.90,4.37,01-JAN-00:15,116.64,01-JAN-10:15
,InteriorLights:Electricity:Zone:2K9O3QILF0AQFA6KKU5HXP,319.30,0.00,01-JAN-00:15,72.90,01-JAN-06:15
,Electricity:Zone:2SQQMDRC5FSAM7Q4HEYPCN,401.42,4.26,01-JAN-00:15,113.67,01-JAN-10:15
,InteriorLights:Electricity:Zone:2SQQMDRC5FSAM7Q4HEYPCN,311.18,0.00,01-JAN-00:15,71.05,01-JAN-06:15
,Electricity:Zone:2UN5ECZKNBEXTUKMCA5OFF,76.01,0.00,01-JAN-00:15,17.35,01-JAN-06:15
,InteriorLights:Electricity:Zone:2UN5ECZKNBEXTUKMCA5OFF,76.01,0.00,01-JAN-00:15,17.35,01-JAN-06:15
,Electricity:Zone:2V9V9EITTC7UB9LUIJAJSI,1236.12,26.02,01-JAN-00:15,332.10,01-JAN-10:15
,InteriorLights:Electricity:Zone:2V9V9EITTC7UB9LUIJAJSI,542.75,0.00,01-JAN-00:15,123.92,01-JAN-06:15
,Electricity:Zone:303QW7ZF996EKWJLTQOLOB,75.65,0.00,01-JAN-00:15,17.27,01-JAN-06:15
,InteriorLights:Electricity:Zone:303QW7ZF996EKWJLTQOLOB,75.65,0.00,01-JAN-00:15,17.27,01-JAN-06:15
,Electricity:Zone:38IMUKOGP559RZQPTQORMP,77.36,0.00,01-JAN-00:15,17.66,01-JAN-06:15
,InteriorLights:Electricity:Zone:38IMUKOGP559RZQPTQORMP,77.36,0.00,01-JAN-00:15,17.66,01-JAN-06:15
,Electricity:Zone:3M_8BSRUT9JPFPUQGPEDOA,107.18,0.00,01-JAN-00:15,24.47,01-JAN-06:15
,InteriorLights:Electricity:Zone:3M_8BSRUT9JPFPUQGPEDOA,107.18,0.00,01-JAN-00:15,24.47,01-JAN-06:15
,Electricity:Zone:3TJLMIJ$97RELEO_9TS0SD,53.61,0.00,01-JAN-00:15,12.24,01-JAN-06:15
,InteriorLights:Electricity:Zone:3TJLMIJ$97RELEO_9TS0SD,53.61,0.00,01-JAN-00:15,12.24,01-JAN-06:15
,Electricity:Zone:3W$07STZF4SGATGZXH6RH7,1227.10,25.83,01-JAN-00:15,329.67,01-JAN-10:15
,InteriorLights:Electricity:Zone:3W$07STZF4SGATGZXH6RH7,538.79,0.00,01-JAN-00:15,123.01,01-JAN-06:15
,Electricity:Zone:3WTGYEGFV57XESUBLIN6UZ,1229.97,25.89,01-JAN-00:15,330.44,01-JAN-10:15
,InteriorLights:Electricity:Zone:3WTGYEGFV57XESUBLIN6UZ,540.05,0.00,01-JAN-00:15,123.30,01-JAN-06:15
,Electricity:Zone:3XETEHPLX2FBMDLVKG9RNX,1227.10,25.83,01-JAN-00:15,329.67,01-JAN-10:15
,InteriorLights:Electricity:Zone:3XETEHPLX2FBMDLVKG9RNX,538.79,0.00,01-JAN-00:15,123.01,01-JAN-06:15
,Electricity:Zone:3DYLJPHWXB1VOWY5LPQ8_2,709.96,7.54,01-JAN-00:15,201.04,01-JAN-10:15
,InteriorLights:Electricity:Zone:3DYLJPHWXB1VOWY5LPQ8_2,550.36,0.00,01-JAN-00:15,125.65,01-JAN-06:15
,Electricity:Zone:3G0CEO8QRFGPRRO9HYEX7V,1200.80,25.28,01-JAN-00:15,322.61,01-JAN-10:15
,InteriorLights:Electricity:Zone:3G0CEO8QRFGPRRO9HYEX7V,527.24,0.00,01-JAN-00:15,120.38,01-JAN-06:15
,Electricity:Zone:3LJWLADQX638QBR_BXHA$C,1440.65,15.30,01-JAN-00:15,407.96,01-JAN-10:15
,InteriorLights:Electricity:Zone:3LJWLADQX638QBR_BXHA$C,1116.78,0.00,01-JAN-00:15,254.97,01-JAN-06:15
,InteriorEquipment:Electricity,54955.12,2279.22,01-JAN-00:15,20720.80,01-JAN-10:15
,InteriorEquipment:Electricity:Zone:00MLRNOVNCEHFFCBB9J$NK,494.15,18.55,01-JAN-00:15,148.37,01-JAN-10:15
,General:InteriorEquipment:Electricity,54955.12,2279.22,01-JAN-00:15,20720.80,01-JAN-10:15
,InteriorEquipment:Electricity:Zone:0ELTW7UM9DRURZ_FYFNE9W,701.95,26.34,01-JAN-00:15,210.76,01-JAN-10:15
,InteriorEquipment:Electricity:Zone:0W6NU5BRTFIQXXYMM6ILGS,192.76,7.23,01-JAN-00:15,57.88,01-JAN-10:15
,InteriorEquipment:Electricity:Zone:0DIFK5T49139$QBDUCK5A9,0.00,0.00,01-JAN-00:15,0.00,01-JAN-00:15
,InteriorEquipment:Electricity:Zone:0U2ZPLRHTCUWK3$YRPCZEO,693.37,26.02,01-JAN-00:15,208.18,01-JAN-10:15
,InteriorEquipment:Electricity:Zone:0WLDSRXY1FH9RF4WA6QEKV,0.00,0.00,01-JAN-00:15,0.00,01-JAN-00:15
,InteriorEquipment:Electricity:Zone:0ZWU9FOWRDWURARHO69T83,0.00,0.00,01-JAN-00:15,0.00,01-JAN-00:15
,InteriorEquipment:Electricity:Zone:11GHF5W0N9AGOUOXD7SXZM,693.37,26.02,01-JAN-00:15,208.18,01-JAN-10:15
,InteriorEquipment:Electricity:Zone:17KSY6ZZ5APQ0YJPQBAX_U,3601.69,133.35,01-JAN-00:15,1333.46,01-JAN-09:15
,InteriorEquipment:Electricity:Zone:18PU3GE41D_BHP0U$GRITO,0.00,0.00,01-JAN-00:15,0.00,01-JAN-00:15
,InteriorEquipment:Electricity:Zone:1BNZZOW0D8K8AGXDQ4F75V,0.00,0.00,01-JAN-00:15,0.00,01-JAN-00:15
,InteriorEquipment:Electricity:Zone:1CXQ0W4HL71FQ21BMWHLFZ,0.00,0.00,01-JAN-00:15,0.00,01-JAN-00:15
,InteriorEquipment:Electricity:Zone:1DR$EUE41E8ECWOYLIJLIT,0.00,0.00,01-JAN-00:15,0.00,01-JAN-00:15
,InteriorEquipment:Electricity:Zone:1EYECQGPZ09F9SE6JGR55M,703.08,26.39,01-JAN-00:15,211.10,01-JAN-10:15
,InteriorEquipment:Electricity:Zone:1GOZB5TBH738163NLUZBQX,322.70,15.24,01-JAN-00:15,152.43,01-JAN-10:15
,InteriorEquipment:Electricity:Zone:1HQZA3HET1GRLTQSI138OL,0.00,0.00,01-JAN-00:15,0.00,01-JAN-00:15
,InteriorEquipment:Electricity:Zone:1KWP7HSZR8YOJWZQWUXCGM,0.00,0.00,01-JAN-00:15,0.00,01-JAN-00:15
,InteriorEquipment:Electricity:Zone:1PWTN7AMJ3OEWPOHZO42NJ,684.88,25.70,01-JAN-00:15,205.63,01-JAN-10:15
,InteriorEquipment:Electricity:Zone:1Y2RJHKTHCLXJ0TUUV9K_Z,23995.12,1077.70,01-JAN-00:15,10777.05,01-JAN-10:15
,InteriorEquipment:Electricity:Zone:1_FGE0TIZCTRJEYZDX5WYJ,7169.44,269.07,01-JAN-00:15,2152.58,01-JAN-10:15
,InteriorEquipment:Electricity:Zone:1ADVKLHC9ALU8GQYFXFWE4,0.00,0.00,01-JAN-00:15,0.00,01-JAN-00:15
,InteriorEquipment:Electricity:Zone:1IAFH_A0X4BU_FFXOZPTRL,684.88,25.70,01-JAN-00:15,205.63,01-JAN-10:15
,InteriorEquipment:Electricity:Zone:1JORQKBDN4ZXPNFOKGQGP_,0.00,0.00,01-JAN-00:15,0.00,01-JAN-00:15
,InteriorEquipment:Electricity:Zone:1LXCTPB4NESE3Q6XK6HAD5,689.92,25.89,01-JAN-00:15,207.14,01-JAN-10:15
,InteriorEquipment:Electricity:Zone:1NYUQ381R1JGTXA1VKFRZV,693.37,26.02,01-JAN-00:15,208.18,01-JAN-10:15
,InteriorEquipment:Electricity:Zone:1RW1JYHZV1QBSFHPLSLVZZ,551.48,22.89,01-JAN-00:15,228.92,01-JAN-11:15
,InteriorEquipment:Electricity:Zone:1SIISADAJ75P2K126BOPWI,0.00,0.00,01-JAN-00:15,0.00,01-JAN-00:15
,InteriorEquipment:Electricity:Zone:1TFYORFFD5ZX4NAJ0W62KG,697.95,26.19,01-JAN-00:15,209.55,01-JAN-10:15
,InteriorEquipment:Electricity:Zone:1WCNWD8FVEXXE6Q3YNDNHJ,0.00,0.00,01-JAN-00:15,0.00,01-JAN-00:15
,InteriorEquipment:Electricity:Zone:1Y_DAPZEF9MXUPESN29HKY,2630.10,112.59,01-JAN-00:15,900.72,01-JAN-09:15
,InteriorEquipment:Electricity:Zone:24CJFLTRXBVFTECKJLT5IU,673.55,25.28,01-JAN-00:15,202.23,01-JAN-10:15
,InteriorEquipment:Electricity:Zone:2CXRC190XAZUMHRLJ12ZWO,0.00,0.00,01-JAN-00:15,0.00,01-JAN-00:15
,InteriorEquipment:Electricity:Zone:2CBLUG4K90AFS0ULISW57$,90.24,4.26,01-JAN-00:15,42.63,01-JAN-10:15
,InteriorEquipment:Electricity:Zone:2DDCZNH4P35P17ZZP0MC27,2643.26,113.15,01-JAN-00:15,905.22,01-JAN-09:15
,InteriorEquipment:Electricity:Zone:2DZYGNKTN3YUE2CQZ7IH3G,19.12,0.72,01-JAN-00:15,5.74,01-JAN-10:15
,InteriorEquipment:Electricity:Zone:2JPUAUJGVCL8GZFYDEN0QZ,689.92,25.89,01-JAN-00:15,207.14,01-JAN-10:15
,InteriorEquipment:Electricity:Zone:2KFJ4GAD59TRGS$KUMPVKX,19.12,0.72,01-JAN-00:15,5.74,01-JAN-10:15
,InteriorEquipment:Electricity:Zone:2KRQOVE1T90WWGJURUVFGY,92.60,4.37,01-JAN-00:15,43.74,01-JAN-10:15
,InteriorEquipment:Electricity:Zone:2N5PAWURB9UXWMW6VZHKG2,703.08,26.39,01-JAN-00:15,211.10,01-JAN-10:15
,InteriorEquipment:Electricity:Zone:2U0_9NBFJ5W9HBM3YSNCGZ,0.00,0.00,01-JAN-00:15,0.00,01-JAN-00:15
,InteriorEquipment:Electricity:Zone:2WTW_5TS12BQVVPNZ4RTZ8,0.00,0.00,01-JAN-00:15,0.00,01-JAN-00:15
,InteriorEquipment:Electricity:Zone:2X$RF$7GLFZECF00IG4ZFJ,0.00,0.00,01-JAN-00:15,0.00,01-JAN-00:15
,InteriorEquipment:Electricity:Zone:2Y6L$OYX55CULKWGZVG76X,12.59,0.47,01-JAN-00:15,3.78,01-JAN-10:15
,InteriorEquipment:Electricity:Zone:2YUBHDOS5EZHT591INO2JZ,699.08,26.24,01-JAN-00:15,209.89,01-JAN-10:15
,InteriorEquipment:Electricity:Zone:2_MZMMWYJ2X8L5ZTTWFZQ9,12.59,0.47,01-JAN-00:15,3.78,01-JAN-10:15
,InteriorEquipment:Electricity:Zone:2K9O3QILF0AQFA6KKU5HXP,92.60,4.37,01-JAN-00:15,43.74,01-JAN-10:15
,InteriorEquipment:Electricity:Zone:2SQQMDRC5FSAM7Q4HEYPCN,90.24,4.26,01-JAN-00:15,42.63,01-JAN-10:15
,InteriorEquipment:Electricity:Zone:2UN5ECZKNBEXTUKMCA5OFF,0.00,0.00,01-JAN-00:15,0.00,01-JAN-00:15
,InteriorEquipment:Electricity:Zone:2V9V9EITTC7UB9LUIJAJSI,693.37,26.02,01-JAN-00:15,208.18,01-JAN-10:15
,InteriorEquipment:Electricity:Zone:303QW7ZF996EKWJLTQOLOB,0.00,0.00,01-JAN-00:15,0.00,01-JAN-00:15
,InteriorEquipment:Electricity:Zone:38IMUKOGP559RZQPTQORMP,0.00,0.00,01-JAN-00:15,0.00,01-JAN-00:15
,InteriorEquipment:Electricity:Zone:3M_8BSRUT9JPFPUQGPEDOA,0.00,0.00,01-JAN-00:15,0.00,01-JAN-00:15
,InteriorEquipment:Electricity:Zone:3TJLMIJ$97RELEO_9TS0SD,0.00,0.00,01-JAN-00:15,0.00,01-JAN-00:15
,InteriorEquipment:Electricity:Zone:3W$07STZF4SGATGZXH6RH7,688.31,25.83,01-JAN-00:15,206.66,01-JAN-10:15
,InteriorEquipment:Electricity:Zone:3WTGYEGFV57XESUBLIN6UZ,689.92,25.89,01-JAN-00:15,207.14,01-JAN-10:15
,InteriorEquipment:Electricity:Zone:3XETEHPLX2FBMDLVKG9RNX,688.31,25.83,01-JAN-00:15,206.66,01-JAN-10:15
,InteriorEquipment:Electricity:Zone:3DYLJPHWXB1VOWY5LPQ8_2,159.60,7.54,01-JAN-00:15,75.39,01-JAN-10:15
,InteriorEquipment:Electricity:Zone:3G0CEO8QRFGPRRO9HYEX7V,673.55,25.28,01-JAN-00:15,202.23,01-JAN-10:15
,InteriorEquipment:Electricity:Zone:3LJWLADQX638QBR_BXHA$C,323.87,15.30,01-JAN-00:15,152.98,01-JAN-10:15
,Fans:Electricity,0.00,0.00,01-JAN-00:15,0.00,01-JAN-00:15
,Fans:Electricity:Zone:00MLRNOVNCEHFFCBB9J$NK,0.00,0.00,01-JAN-00:15,0.00,01-JAN-00:15
,Ventilation (simple):Fans:Electricity,0.00,0.00,01-JAN-00:15,0.00,01-JAN-00:15
,Fans:Electricity:Zone:0ELTW7UM9DRURZ_FYFNE9W,0.00,0.00,01-JAN-00:15,0.00,01-JAN-00:15
,Fans:Electricity:Zone:0W6NU5BRTFIQXXYMM6ILGS,0.00,0.00,01-JAN-00:15,0.00,01-JAN-00:15
,Fans:Electricity:Zone:0DIFK5T49139$QBDUCK5A9,0.00,0.00,01-JAN-00:15,0.00,01-JAN-00:15
,Fans:Electricity:Zone:0U2ZPLRHTCUWK3$YRPCZEO,0.00,0.00,01-JAN-00:15,0.00,01-JAN-00:15
,Fans:Electricity:Zone:0WLDSRXY1FH9RF4WA6QEKV,0.00,0.00,01-JAN-00:15,0.00,01-JAN-00:15
,Fans:Electricity:Zone:0ZWU9FOWRDWURARHO69T83,0.00,0.00,01-JAN-00:15,0.00,01-JAN-00:15
,Fans:Electricity:Zone:11GHF5W0N9AGOUOXD7SXZM,0.00,0.00,01-JAN-00:15,0.00,01-JAN-00:15
,Fans:Electricity:Zone:17KSY6ZZ5APQ0YJPQBAX_U,0.00,0.00,01-JAN-00:15,0.00,01-JAN-00:15
,Fans:Electricity:Zone:18PU3GE41D_BHP0U$GRITO,0.00,0.00,01-JAN-00:15,0.00,01-JAN-00:15
,Fans:Electricity:Zone:1BNZZOW0D8K8AGXDQ4F75V,0.00,0.00,01-JAN-00:15,0.00,01-JAN-00:15
,Fans:Electricity:Zone:1CXQ0W4HL71FQ21BMWHLFZ,0.00,0.00,01-JAN-00:15,0.00,01-JAN-00:15
,Fans:Electricity:Zone:1DR$EUE41E8ECWOYLIJLIT,0.00,0.00,01-JAN-00:15,0.00,01-JAN-00:15
,Fans:Electricity:Zone:1EYECQGPZ09F9SE6JGR55M,0.00,0.00,01-JAN-00:15,0.00,01-JAN-00:15
,Fans:Electricity:Zone:1GOZB5TBH738163NLUZBQX,0.00,0.00,01-JAN-00:15,0.00,01-JAN-00:15
,Fans:Electricity:Zone:1HQZA3HET1GRLTQSI138OL,0.00,0.00,01-JAN-00:15,0.00,01-JAN-00:15
,Fans:Electricity:Zone:1KWP7HSZR8YOJWZQWUXCGM,0.00,0.00,01-JAN-00:15,0.00,01-JAN-00:15
,Fans:Electricity:Zone:1PWTN7AMJ3OEWPOHZO42NJ,0.00,0.00,01-JAN-00:15,0.00,01-JAN-00:15
,Fans:Electricity:Zone:1Y2RJHKTHCLXJ0TUUV9K_Z,0.00,0.00,01-JAN-00:15,0.00,01-JAN-00:15
,Fans:Electricity:Zone:1_FGE0TIZCTRJEYZDX5WYJ,0.00,0.00,01-JAN-00:15,0.00,01-JAN-00:15
,Fans:Electricity:Zone:1ADVKLHC9ALU8GQYFXFWE4,0.00,0.00,01-JAN-00:15,0.00,01-JAN-00:15
,Fans:Electricity:Zone:1IAFH_A0X4BU_FFXOZPTRL,0.00,0.00,01-JAN-00:15,0.00,01-JAN-00:15
,Fans:Electricity:Zone:1JORQKBDN4ZXPNFOKGQGP_,0.00,0.00,01-JAN-00:15,0.00,01-JAN-00:15
,Fans:Electricity:Zone:1LXCTPB4NESE3Q6XK6HAD5,0.00,0.00,01-JAN-00:15,0.00,01-JAN-00:15
,Fans:Electricity:Zone:1NYUQ381R1JGTXA1VKFRZV,0.00,0.00,01-JAN-00:15,0.00,01-JAN-00:15
,Fans:Electricity:Zone:1RW1JYHZV1QBSFHPLSLVZZ,0.00,0.00,01-JAN-00:15,0.00,01-JAN-00:15
,Fans:Electricity:Zone:1SIISADAJ75P2K126BOPWI,0.00,0.00,01-JAN-00:15,0.00,01-JAN-00:15
,Fans:Electricity:Zone:1TFYORFFD5ZX4NAJ0W62KG,0.00,0.00,01-JAN-00:15,0.00,01-JAN-00:15
,Fans:Electricity:Zone:1WCNWD8FVEXXE6Q3YNDNHJ,0.00,0.00,01-JAN-00:15,0.00,01-JAN-00:15
,Fans:Electricity:Zone:1Y_DAPZEF9MXUPESN29HKY,0.00,0.00,01-JAN-00:15,0.00,01-JAN-00:15
,Fans:Electricity:Zone:24CJFLTRXBVFTECKJLT5IU,0.00,0.00,01-JAN-00:15,0.00,01-JAN-00:15
,Fans:Electricity:Zone:2CXRC190XAZUMHRLJ12ZWO,0.00,0.00,01-JAN-00:15,0.00,01-JAN-00:15
,Fans:Electricity:Zone:2CBLUG4K90AFS0ULISW57$,0.00,0.00,01-JAN-00:15,0.00,01-JAN-00:15
,Fans:Electricity:Zone:2DDCZNH4P35P17ZZP0MC27,0.00,0.00,01-JAN-00:15,0.00,01-JAN-00:15
,Fans:Electricity:Zone:2DZYGNKTN3YUE2CQZ7IH3G,0.00,0.00,01-JAN-00:15,0.00,01-JAN-00:15
,Fans:Electricity:Zone:2JPUAUJGVCL8GZFYDEN0QZ,0.00,0.00,01-JAN-00:15,0.00,01-JAN-00:15
,Fans:Electricity:Zone:2KFJ4GAD59TRGS$KUMPVKX,0.00,0.00,01-JAN-00:15,0.00,01-JAN-00:15
,Fans:Electricity:Zone:2KRQOVE1T90WWGJURUVFGY,0.00,0.00,01-JAN-00:15,0.00,01-JAN-00:15
,Fans:Electricity:Zone:2N5PAWURB9UXWMW6VZHKG2,0.00,0.00,01-JAN-00:15,0.00,01-JAN-00:15
,Fans:Electricity:Zone:2U0_9NBFJ5W9HBM3YSNCGZ,0.00,0.00,01-JAN-00:15,0.00,01-JAN-00:15
,Fans:Electricity:Zone:2WTW_5TS12BQVVPNZ4RTZ8,0.00,0.00,01-JAN-00:15,0.00,01-JAN-00:15
,Fans:Electricity:Zone:2X$RF$7GLFZECF00IG4ZFJ,0.00,0.00,01-JAN-00:15,0.00,01-JAN-00:15
,Fans:Electricity:Zone:2Y6L$OYX55CULKWGZVG76X,0.00,0.00,01-JAN-00:15,0.00,01-JAN-00:15
,Fans:Electricity:Zone:2YUBHDOS5EZHT591INO2JZ,0.00,0.00,01-JAN-00:15,0.00,01-JAN-00:15
,Fans:Electricity:Zone:2_MZMMWYJ2X8L5ZTTWFZQ9,0.00,0.00,01-JAN-00:15,0.00,01-JAN-00:15
,Fans:Electricity:Zone:2K9O3QILF0AQFA6KKU5HXP,0.00,0.00,01-JAN-00:15,0.00,01-JAN-00:15
,Fans:Electricity:Zone:2SQQMDRC5FSAM7Q4HEYPCN,0.00,0.00,01-JAN-00:15,0.00,01-JAN-00:15
,Fans:Electricity:Zone:2UN5ECZKNBEXTUKMCA5OFF,0.00,0.00,01-JAN-00:15,0.00,01-JAN-00:15
,Fans:Electricity:Zone:2V9V9EITTC7UB9LUIJAJSI,0.00,0.00,01-JAN-00:15,0.00,01-JAN-00:15
,Fans:Electricity:Zone:303QW7ZF996EKWJLTQOLOB,0.00,0.00,01-JAN-00:15,0.00,01-JAN-00:15
,Fans:Electricity:Zone:38IMUKOGP559RZQPTQORMP,0.00,0.00,01-JAN-00:15,0.00,01-JAN-00:15
,Fans:Electricity:Zone:3M_8BSRUT9JPFPUQGPEDOA,0.00,0.00,01-JAN-00:15,0.00,01-JAN-00:15
,Fans:Electricity:Zone:3TJLMIJ$97RELEO_9TS0SD,0.00,0.00,01-JAN-00:15,0.00,01-JAN-00:15
,Fans:Electricity:Zone:3W$07STZF4SGATGZXH6RH7,0.00,0.00,01-JAN-00:15,0.00,01-JAN-00:15
,Fans:Electricity:Zone:3WTGYEGFV57XESUBLIN6UZ,0.00,0.00,01-JAN-00:15,0.00,01-JAN-00:15
,Fans:Electricity:Zone:3XETEHPLX2FBMDLVKG9RNX,0.00,0.00,01-JAN-00:15,0.00,01-JAN-00:15
,Fans:Electricity:Zone:3DYLJPHWXB1VOWY5LPQ8_2,0.00,0.00,01-JAN-00:15,0.00,01-JAN-00:15
,Fans:Electricity:Zone:3G0CEO8QRFGPRRO9HYEX7V,0.00,0.00,01-JAN-00:15,0.00,01-JAN-00:15
,Fans:Electricity:Zone:3LJWLADQX638QBR_BXHA$C,0.00,0.00,01-JAN-00:15,0.00,01-JAN-00:15
,ElectricityPurchased:Facility,83019.76,2279.22,01-JAN-00:15,27128.25,25-JAN-10:15
,ElectricityPurchased:Plant,83019.76,2279.22,01-JAN-00:15,27128.25,25-JAN-10:15
,Cogeneration:ElectricityPurchased,83019.76,2279.22,01-JAN-00:15,27128.25,25-JAN-10:15
,General:Cogeneration:ElectricityPurchased,83019.76,2279.22,01-JAN-00:15,27128.25,25-JAN-10:15
,ElectricitySurplusSold:Facility,0.00,0.00,01-JAN-00:15,0.00,01-JAN-00:15
,ElectricitySurplusSold:Plant,0.00,0.00,01-JAN-00:15,0.00,01-JAN-00:15
,Cogeneration:ElectricitySurplusSold,0.00,0.00,01-JAN-00:15,0.00,01-JAN-00:15
,General:Cogeneration:ElectricitySurplusSold,0.00,0.00,01-JAN-00:15,0.00,01-JAN-00:15
,ElectricityNet:Facility,83019.76,2279.22,01-JAN-00:15,27128.25,25-JAN-10:15
,ElectricityNet:Plant,83019.76,2279.22,01-JAN-00:15,27128.25,25-JAN-10:15
,Cogeneration:ElectricityNet,83019.76,2279.22,01-JAN-00:15,27128.25,25-JAN-10:15
,General:Cogeneration:ElectricityNet,83019.76,2279.22,01-JAN-00:15,27128.25,25-JAN-10:15


Annual and Peak Values - Natural Gas

,,Natural Gas Annual Value [kWh],Natural Gas Minimum Value [W],Timestamp of Minimum {TIMESTAMP},Natural Gas Maximum Value [W],Timestamp of Maximum {TIMESTAMP}
,None,,,,,


Annual and Peak Values - Cooling

,,Cooling Annual Value [kWh],Cooling Minimum Value [W],Timestamp of Minimum {TIMESTAMP},Cooling Maximum Value [W],Timestamp of Maximum {TIMESTAMP}
,DistrictCooling:Facility,0.00,0.00,01-JAN-00:15,0.00,01-JAN-00:15
,DistrictCooling:HVAC,0.00,0.00,01-JAN-00:15,0.00,01-JAN-00:15
,Cooling:DistrictCooling,0.00,0.00,01-JAN-00:15,0.00,01-JAN-00:15
,General:Cooling:DistrictCooling,0.00,0.00,01-JAN-00:15,0.00,01-JAN-00:15


Annual and Peak Values - Water

,,Annual Value [m3],Minimum Value [m3/s],Timestamp of Minimum {TIMESTAMP},Maximum Value [m3/s],Timestamp of Maximum {TIMESTAMP}
,None,,,,,


Annual and Peak Values - Other by Weight/Mass

,,Annual Value [kg],Minimum Value [kg/s],Timestamp of Minimum {TIMESTAMP},Maximum Value [kg/s],Timestamp of Maximum {TIMESTAMP}
,Carbon Equivalent:Facility,0.00,0.000,01-JAN-00:15,0.000,01-JAN-00:15
,CarbonEquivalentEmissions:Carbon Equivalent,0.00,0.000,01-JAN-00:15,0.000,01-JAN-00:15


Annual and Peak Values - Other Volumetric

,,Annual Value [m3],Minimum Value [m3/s],Timestamp of Minimum {TIMESTAMP},Maximum Value [m3/s],Timestamp of Maximum {TIMESTAMP}
,None,,,,,


Annual and Peak Values - Other Liquid/Gas

,,Annual Value [L],Minimum Value [L],Timestamp of Minimum {TIMESTAMP},Maximum Value [L],Timestamp of Maximum {TIMESTAMP}
,None,,,,,


Annual and Peak Values - Other

,,Annual Value [kWh],Minimum Value [W],Timestamp of Minimum {TIMESTAMP},Maximum Value [W],Timestamp of Maximum {TIMESTAMP}
,EnergyTransfer:Facility,162013.16,0.00,14-MAY-11:15,57950.39,21-DEC-18:30
,EnergyTransfer:Building,162013.16,0.00,14-MAY-11:15,57950.39,21-DEC-18:30
,EnergyTransfer:Zone:00MLRNOVNCEHFFCBB9J$NK,2055.20,0.00,05-APR-11:30,595.68,15-JAN-18:30
,Heating:EnergyTransfer,162013.16,0.00,14-MAY-11:15,57950.39,21-DEC-18:30
,Heating:EnergyTransfer:Zone:00MLRNOVNCEHFFCBB9J$NK,2055.20,0.00,05-APR-11:30,595.68,15-JAN-18:30
,General:Heating:EnergyTransfer,162013.16,0.00,14-MAY-11:15,57950.39,21-DEC-18:30
,Cooling:EnergyTransfer,0.00,0.00,01-JAN-00:15,0.00,01-JAN-00:15
,Cooling:EnergyTransfer:Zone:00MLRNOVNCEHFFCBB9J$NK,0.00,0.00,01-JAN-00:15,0.00,01-JAN-00:15
,General:Cooling:EnergyTransfer,0.00,0.00,01-JAN-00:15,0.00,01-JAN-00:15
,EnergyTransfer:Zone:0ELTW7UM9DRURZ_FYFNE9W,1197.62,0.00,01-JAN-14:15,1029.59,13-JAN-06:00
,Heating:EnergyTransfer:Zone:0ELTW7UM9DRURZ_FYFNE9W,1197.62,0.00,01-JAN-14:15,1029.59,13-JAN-06:00
,Cooling:EnergyTransfer:Zone:0ELTW7UM9DRURZ_FYFNE9W,0.00,0.00,01-JAN-00:15,0.00,01-JAN-00:15
,EnergyTransfer:Zone:0W6NU5BRTFIQXXYMM6ILGS,785.16,0.00,03-APR-10:30,226.06,15-JAN-18:30
,Heating:EnergyTransfer:Zone:0W6NU5BRTFIQXXYMM6ILGS,785.16,0.00,03-APR-10:30,226.06,15-JAN-18:30
,Cooling:EnergyTransfer:Zone:0W6NU5BRTFIQXXYMM6ILGS,0.00,0.00,01-JAN-00:15,0.00,01-JAN-00:15
,EnergyTransfer:Zone:0DIFK5T49139$QBDUCK5A9,2985.00,0.00,14-MAY-11:15,733.91,15-JAN-12:00
,Heating:EnergyTransfer:Zone:0DIFK5T49139$QBDUCK5A9,2985.00,0.00,14-MAY-11:15,733.91,15-JAN-12:00
,Cooling:EnergyTransfer:Zone:0DIFK5T49139$QBDUCK5A9,0.00,0.00,01-JAN-00:15,0.00,01-JAN-00:15
,EnergyTransfer:Zone:0U2ZPLRHTCUWK3$YRPCZEO,1455.33,0.00,01-JAN-11:45,704.25,15-JAN-18:30
,Heating:EnergyTransfer:Zone:0U2ZPLRHTCUWK3$YRPCZEO,1455.33,0.00,01-JAN-11:45,704.25,15-JAN-18:30
,Cooling:EnergyTransfer:Zone:0U2ZPLRHTCUWK3$YRPCZEO,0.00,0.00,01-JAN-00:15,0.00,01-JAN-00:15
,EnergyTransfer:Zone:0WLDSRXY1FH9RF4WA6QEKV,4996.80,0.00,05-APR-14:30,1361.44,15-JAN-12:00
,Heating:EnergyTransfer:Zone:0WLDSRXY1FH9RF4WA6QEKV,4996.80,0.00,05-APR-14:30,1361.44,15-JAN-12:00
,Cooling:EnergyTransfer:Zone:0WLDSRXY1FH9RF4WA6QEKV,0.00,0.00,01-JAN-00:15,0.00,01-JAN-00:15
,EnergyTransfer:Zone:0ZWU9FOWRDWURARHO69T83,3074.10,0.00,14-MAY-11:15,755.18,15-JAN-12:00
,Heating:EnergyTransfer:Zone:0ZWU9FOWRDWURARHO69T83,3074.10,0.00,14-MAY-11:15,755.18,15-JAN-12:00
,Cooling:EnergyTransfer:Zone:0ZWU9FOWRDWURARHO69T83,0.00,0.00,01-JAN-00:15,0.00,01-JAN-00:15
,EnergyTransfer:Zone:11GHF5W0N9AGOUOXD7SXZM,1433.75,0.00,01-JAN-11:30,696.74,15-JAN-18:30
,Heating:EnergyTransfer:Zone:11GHF5W0N9AGOUOXD7SXZM,1433.75,0.00,01-JAN-11:30,696.74,15-JAN-18:30
,Cooling:EnergyTransfer:Zone:11GHF5W0N9AGOUOXD7SXZM,0.00,0.00,01-JAN-00:15,0.00,01-JAN-00:15
,EnergyTransfer:Zone:17KSY6ZZ5APQ0YJPQBAX_U,2967.67,0.00,01-JAN-09:15,1778.46,23-DEC-05:00
,Heating:EnergyTransfer:Zone:17KSY6ZZ5APQ0YJPQBAX_U,2967.67,0.00,01-JAN-09:15,1778.46,23-DEC-05:00
,Cooling:EnergyTransfer:Zone:17KSY6ZZ5APQ0YJPQBAX_U,0.00,0.00,01-JAN-00:15,0.00,01-JAN-00:15
,EnergyTransfer:Zone:18PU3GE41D_BHP0U$GRITO,737.10,0.00,05-APR-11:30,199.00,21-DEC-18:15
,Heating:EnergyTransfer:Zone:18PU3GE41D_BHP0U$GRITO,737.10,0.00,05-APR-11:30,199.00,21-DEC-18:15
,Cooling:EnergyTransfer:Zone:18PU3GE41D_BHP0U$GRITO,0.00,0.00,01-JAN-00:15,0.00,01-JAN-00:15
,EnergyTransfer:Zone:1BNZZOW0D8K8AGXDQ4F75V,9229.46,0.00,14-MAY-11:00,1898.69,15-JAN-18:30
,Heating:EnergyTransfer:Zone:1BNZZOW0D8K8AGXDQ4F75V,9229.46,0.00,14-MAY-11:00,1898.69,15-JAN-18:30
,Cooling:EnergyTransfer:Zone:1BNZZOW0D8K8AGXDQ4F75V,0.00,0.00,01-JAN-00:15,0.00,01-JAN-00:15
,EnergyTransfer:Zone:1CXQ0W4HL71FQ21BMWHLFZ,853.44,0.00,05-APR-14:45,253.41,15-JAN-12:00
,Heating:EnergyTransfer:Zone:1CXQ0W4HL71FQ21BMWHLFZ,853.44,0.00,05-APR-14:45,253.41,15-JAN-12:00
,Cooling:EnergyTransfer:Zone:1CXQ0W4HL71FQ21BMWHLFZ,0.00,0.00,01-JAN-00:15,0.00,01-JAN-00:15
,EnergyTransfer:Zone:1DR$EUE41E8ECWOYLIJLIT,0.00,0.00,01-JAN-00:15,0.00,01-JAN-00:15
,Heating:EnergyTransfer:Zone:1DR$EUE41E8ECWOYLIJLIT,0.00,0.00,01-JAN-00:15,0.00,01-JAN-00:15
,Cooling:EnergyTransfer:Zone:1DR$EUE41E8ECWOYLIJLIT,0.00,0.00,01-JAN-00:15,0.00,01-JAN-00:15
,EnergyTransfer:Zone:1EYECQGPZ09F9SE6JGR55M,1138.20,0.00,01-JAN-14:15,1034.11,13-JAN-06:00
,Heating:EnergyTransfer:Zone:1EYECQGPZ09F9SE6JGR55M,1138.20,0.00,01-JAN-14:15,1034.11,13-JAN-06:00
,Cooling:EnergyTransfer:Zone:1EYECQGPZ09F9SE6JGR55M,0.00,0.00,01-JAN-00:15,0.00,01-JAN-00:15
,EnergyTransfer:Zone:1GOZB5TBH738163NLUZBQX,2009.94,0.00,01-JAN-10:15,2008.74,13-JAN-06:00
,Heating:EnergyTransfer:Zone:1GOZB5TBH738163NLUZBQX,2009.94,0.00,01-JAN-10:15,2008.74,13-JAN-06:00
,Cooling:EnergyTransfer:Zone:1GOZB5TBH738163NLUZBQX,0.00,0.00,01-JAN-00:15,0.00,01-JAN-00:15
,EnergyTransfer:Zone:1HQZA3HET1GRLTQSI138OL,824.38,0.00,05-APR-12:45,220.42,22-DEC-23:00
,Heating:EnergyTransfer:Zone:1HQZA3HET1GRLTQSI138OL,824.38,0.00,05-APR-12:45,220.42,22-DEC-23:00
,Cooling:EnergyTransfer:Zone:1HQZA3HET1GRLTQSI138OL,0.00,0.00,01-JAN-00:15,0.00,01-JAN-00:15
,EnergyTransfer:Zone:1KWP7HSZR8YOJWZQWUXCGM,832.85,0.00,05-APR-12:45,220.07,15-JAN-18:30
,Heating:EnergyTransfer:Zone:1KWP7HSZR8YOJWZQWUXCGM,832.85,0.00,05-APR-12:45,220.07,15-JAN-18:30
,Cooling:EnergyTransfer:Zone:1KWP7HSZR8YOJWZQWUXCGM,0.00,0.00,01-JAN-00:15,0.00,01-JAN-00:15
,EnergyTransfer:Zone:1PWTN7AMJ3OEWPOHZO42NJ,2502.51,0.00,20-JAN-15:45,1298.24,13-JAN-06:00
,Heating:EnergyTransfer:Zone:1PWTN7AMJ3OEWPOHZO42NJ,2502.51,0.00,20-JAN-15:45,1298.24,13-JAN-06:00
,Cooling:EnergyTransfer:Zone:1PWTN7AMJ3OEWPOHZO42NJ,0.00,0.00,01-JAN-00:15,0.00,01-JAN-00:15
,EnergyTransfer:Zone:1Y2RJHKTHCLXJ0TUUV9K_Z,0.00,0.00,01-JAN-00:15,0.00,01-JAN-00:15
,Heating:EnergyTransfer:Zone:1Y2RJHKTHCLXJ0TUUV9K_Z,0.00,0.00,01-JAN-00:15,0.00,01-JAN-00:15
,Cooling:EnergyTransfer:Zone:1Y2RJHKTHCLXJ0TUUV9K_Z,0.00,0.00,01-JAN-00:15,0.00,01-JAN-00:15
,EnergyTransfer:Zone:1_FGE0TIZCTRJEYZDX5WYJ,37090.10,0.00,17-JAN-14:15,14093.88,21-DEC-18:15
,Heating:EnergyTransfer:Zone:1_FGE0TIZCTRJEYZDX5WYJ,37090.10,0.00,17-JAN-14:15,14093.88,21-DEC-18:15
,Cooling:EnergyTransfer:Zone:1_FGE0TIZCTRJEYZDX5WYJ,0.00,0.00,01-JAN-00:15,0.00,01-JAN-00:15
,EnergyTransfer:Zone:1ADVKLHC9ALU8GQYFXFWE4,5534.08,0.00,14-MAY-11:00,1300.79,15-JAN-12:00
,Heating:EnergyTransfer:Zone:1ADVKLHC9ALU8GQYFXFWE4,5534.08,0.00,14-MAY-11:00,1300.79,15-JAN-12:00
,Cooling:EnergyTransfer:Zone:1ADVKLHC9ALU8GQYFXFWE4,0.00,0.00,01-JAN-00:15,0.00,01-JAN-00:15
,EnergyTransfer:Zone:1IAFH_A0X4BU_FFXOZPTRL,2563.32,0.00,14-FEB-11:15,1304.03,13-JAN-06:00
,Heating:EnergyTransfer:Zone:1IAFH_A0X4BU_FFXOZPTRL,2563.32,0.00,14-FEB-11:15,1304.03,13-JAN-06:00
,Cooling:EnergyTransfer:Zone:1IAFH_A0X4BU_FFXOZPTRL,0.00,0.00,01-JAN-00:15,0.00,01-JAN-00:15
,EnergyTransfer:Zone:1JORQKBDN4ZXPNFOKGQGP_,1036.98,0.00,14-MAY-11:00,245.30,15-JAN-12:00
,Heating:EnergyTransfer:Zone:1JORQKBDN4ZXPNFOKGQGP_,1036.98,0.00,14-MAY-11:00,245.30,15-JAN-12:00
,Cooling:EnergyTransfer:Zone:1JORQKBDN4ZXPNFOKGQGP_,0.00,0.00,01-JAN-00:15,0.00,01-JAN-00:15
,EnergyTransfer:Zone:1LXCTPB4NESE3Q6XK6HAD5,2458.25,0.00,04-MAR-14:30,1068.21,13-JAN-06:00
,Heating:EnergyTransfer:Zone:1LXCTPB4NESE3Q6XK6HAD5,2458.25,0.00,04-MAR-14:30,1068.21,13-JAN-06:00
,Cooling:EnergyTransfer:Zone:1LXCTPB4NESE3Q6XK6HAD5,0.00,0.00,01-JAN-00:15,0.00,01-JAN-00:15
,EnergyTransfer:Zone:1NYUQ381R1JGTXA1VKFRZV,1451.13,0.00,01-JAN-11:45,703.74,15-JAN-18:30
,Heating:EnergyTransfer:Zone:1NYUQ381R1JGTXA1VKFRZV,1451.13,0.00,01-JAN-11:45,703.74,15-JAN-18:30
,Cooling:EnergyTransfer:Zone:1NYUQ381R1JGTXA1VKFRZV,0.00,0.00,01-JAN-00:15,0.00,01-JAN-00:15
,EnergyTransfer:Zone:1RW1JYHZV1QBSFHPLSLVZZ,2167.70,0.00,01-JAN-10:15,2289.69,23-DEC-05:00
,Heating:EnergyTransfer:Zone:1RW1JYHZV1QBSFHPLSLVZZ,2167.70,0.00,01-JAN-10:15,2289.69,23-DEC-05:00
,Cooling:EnergyTransfer:Zone:1RW1JYHZV1QBSFHPLSLVZZ,0.00,0.00,01-JAN-00:15,0.00,01-JAN-00:15
,EnergyTransfer:Zone:1SIISADAJ75P2K126BOPWI,0.02,0.00,01-JAN-00:15,10.72,11-OCT-08:45
,Heating:EnergyTransfer:Zone:1SIISADAJ75P2K126BOPWI,0.02,0.00,01-JAN-00:15,10.72,11-OCT-08:45
,Cooling:EnergyTransfer:Zone:1SIISADAJ75P2K126BOPWI,0.00,0.00,01-JAN-00:15,0.00,01-JAN-00:15
,EnergyTransfer:Zone:1TFYORFFD5ZX4NAJ0W62KG,1344.30,0.00,02-JAN-14:15,1252.21,13-JAN-06:00
,Heating:EnergyTransfer:Zone:1TFYORFFD5ZX4NAJ0W62KG,1344.30,0.00,02-JAN-14:15,1252.21,13-JAN-06:00
,Cooling:EnergyTransfer:Zone:1TFYORFFD5ZX4NAJ0W62KG,0.00,0.00,01-JAN-00:15,0.00,01-JAN-00:15
,EnergyTransfer:Zone:1WCNWD8FVEXXE6Q3YNDNHJ,2758.09,0.00,14-MAY-11:00,645.43,15-JAN-12:00
,Heating:EnergyTransfer:Zone:1WCNWD8FVEXXE6Q3YNDNHJ,2758.09,0.00,14-MAY-11:00,645.43,15-JAN-12:00
,Cooling:EnergyTransfer:Zone:1WCNWD8FVEXXE6Q3YNDNHJ,0.00,0.00,01-JAN-00:15,0.00,01-JAN-00:15
,EnergyTransfer:Zone:1Y_DAPZEF9MXUPESN29HKY,6810.98,0.00,04-JAN-10:45,3108.00,13-JAN-06:00
,Heating:EnergyTransfer:Zone:1Y_DAPZEF9MXUPESN29HKY,6810.98,0.00,04-JAN-10:45,3108.00,13-JAN-06:00
,Cooling:EnergyTransfer:Zone:1Y_DAPZEF9MXUPESN29HKY,0.00,0.00,01-JAN-00:15,0.00,01-JAN-00:15
,EnergyTransfer:Zone:24CJFLTRXBVFTECKJLT5IU,512.86,0.00,01-JAN-09:15,455.87,13-JAN-06:00
,Heating:EnergyTransfer:Zone:24CJFLTRXBVFTECKJLT5IU,512.86,0.00,01-JAN-09:15,455.87,13-JAN-06:00
,Cooling:EnergyTransfer:Zone:24CJFLTRXBVFTECKJLT5IU,0.00,0.00,01-JAN-00:15,0.00,01-JAN-00:15
,EnergyTransfer:Zone:2CXRC190XAZUMHRLJ12ZWO,22676.93,0.00,05-APR-15:30,5097.58,15-JAN-12:00
,Heating:EnergyTransfer:Zone:2CXRC190XAZUMHRLJ12ZWO,22676.93,0.00,05-APR-15:30,5097.58,15-JAN-12:00
,Cooling:EnergyTransfer:Zone:2CXRC190XAZUMHRLJ12ZWO,0.00,0.00,01-JAN-00:15,0.00,01-JAN-00:15
,EnergyTransfer:Zone:2CBLUG4K90AFS0ULISW57$,977.91,0.00,01-JAN-10:30,597.31,13-JAN-06:00
,Heating:EnergyTransfer:Zone:2CBLUG4K90AFS0ULISW57$,977.91,0.00,01-JAN-10:30,597.31,13-JAN-06:00
,Cooling:EnergyTransfer:Zone:2CBLUG4K90AFS0ULISW57$,0.00,0.00,01-JAN-00:15,0.00,01-JAN-00:15
,EnergyTransfer:Zone:2DDCZNH4P35P17ZZP0MC27,3890.65,0.00,01-JAN-09:15,2053.95,15-JAN-18:30
,Heating:EnergyTransfer:Zone:2DDCZNH4P35P17ZZP0MC27,3890.65,0.00,01-JAN-09:15,2053.95,15-JAN-18:30
,Cooling:EnergyTransfer:Zone:2DDCZNH4P35P17ZZP0MC27,0.00,0.00,01-JAN-00:15,0.00,01-JAN-00:15
,EnergyTransfer:Zone:2DZYGNKTN3YUE2CQZ7IH3G,101.96,0.00,05-APR-11:30,33.83,15-JAN-18:30
,Heating:EnergyTransfer:Zone:2DZYGNKTN3YUE2CQZ7IH3G,101.96,0.00,05-APR-11:30,33.83,15-JAN-18:30
,Cooling:EnergyTransfer:Zone:2DZYGNKTN3YUE2CQZ7IH3G,0.00,0.00,01-JAN-00:15,0.00,01-JAN-00:15
,EnergyTransfer:Zone:2JPUAUJGVCL8GZFYDEN0QZ,2476.49,0.00,04-MAR-15:30,1064.81,13-JAN-06:00
,Heating:EnergyTransfer:Zone:2JPUAUJGVCL8GZFYDEN0QZ,2476.49,0.00,04-MAR-15:30,1064.81,13-JAN-06:00
,Cooling:EnergyTransfer:Zone:2JPUAUJGVCL8GZFYDEN0QZ,0.00,0.00,01-JAN-00:15,0.00,01-JAN-00:15
,EnergyTransfer:Zone:2KFJ4GAD59TRGS$KUMPVKX,104.85,0.00,05-APR-11:45,33.97,15-JAN-18:30
,Heating:EnergyTransfer:Zone:2KFJ4GAD59TRGS$KUMPVKX,104.85,0.00,05-APR-11:45,33.97,15-JAN-18:30
,Cooling:EnergyTransfer:Zone:2KFJ4GAD59TRGS$KUMPVKX,0.00,0.00,01-JAN-00:15,0.00,01-JAN-00:15
,EnergyTransfer:Zone:2KRQOVE1T90WWGJURUVFGY,753.44,0.00,01-JAN-10:15,535.80,13-JAN-06:00
,Heating:EnergyTransfer:Zone:2KRQOVE1T90WWGJURUVFGY,753.44,0.00,01-JAN-10:15,535.80,13-JAN-06:00
,Cooling:EnergyTransfer:Zone:2KRQOVE1T90WWGJURUVFGY,0.00,0.00,01-JAN-00:15,0.00,01-JAN-00:15
,EnergyTransfer:Zone:2N5PAWURB9UXWMW6VZHKG2,1146.60,0.00,01-JAN-14:15,1039.73,13-JAN-06:00
,Heating:EnergyTransfer:Zone:2N5PAWURB9UXWMW6VZHKG2,1146.60,0.00,01-JAN-14:15,1039.73,13-JAN-06:00
,Cooling:EnergyTransfer:Zone:2N5PAWURB9UXWMW6VZHKG2,0.00,0.00,01-JAN-00:15,0.00,01-JAN-00:15
,EnergyTransfer:Zone:2U0_9NBFJ5W9HBM3YSNCGZ,0.00,0.00,01-JAN-00:15,0.00,01-JAN-00:15
,Heating:EnergyTransfer:Zone:2U0_9NBFJ5W9HBM3YSNCGZ,0.00,0.00,01-JAN-00:15,0.00,01-JAN-00:15
,Cooling:EnergyTransfer:Zone:2U0_9NBFJ5W9HBM3YSNCGZ,0.00,0.00,01-JAN-00:15,0.00,01-JAN-00:15
,EnergyTransfer:Zone:2WTW_5TS12BQVVPNZ4RTZ8,854.59,0.00,05-APR-14:45,253.92,15-JAN-12:00
,Heating:EnergyTransfer:Zone:2WTW_5TS12BQVVPNZ4RTZ8,854.59,0.00,05-APR-14:45,253.92,15-JAN-12:00
,Cooling:EnergyTransfer:Zone:2WTW_5TS12BQVVPNZ4RTZ8,0.00,0.00,01-JAN-00:15,0.00,01-JAN-00:15
,EnergyTransfer:Zone:2X$RF$7GLFZECF00IG4ZFJ,850.77,0.00,05-APR-14:45,252.94,15-JAN-12:00
,Heating:EnergyTransfer:Zone:2X$RF$7GLFZECF00IG4ZFJ,850.77,0.00,05-APR-14:45,252.94,15-JAN-12:00
,Cooling:EnergyTransfer:Zone:2X$RF$7GLFZECF00IG4ZFJ,0.00,0.00,01-JAN-00:15,0.00,01-JAN-00:15
,EnergyTransfer:Zone:2Y6L$OYX55CULKWGZVG76X,38.58,0.00,18-JAN-11:15,14.04,15-JAN-18:30
,Heating:EnergyTransfer:Zone:2Y6L$OYX55CULKWGZVG76X,38.58,0.00,18-JAN-11:15,14.04,15-JAN-18:30
,Cooling:EnergyTransfer:Zone:2Y6L$OYX55CULKWGZVG76X,0.00,0.00,01-JAN-00:15,0.00,01-JAN-00:15
,EnergyTransfer:Zone:2YUBHDOS5EZHT591INO2JZ,1452.93,0.00,02-JAN-14:15,1263.74,13-JAN-06:00
,Heating:EnergyTransfer:Zone:2YUBHDOS5EZHT591INO2JZ,1452.93,0.00,02-JAN-14:15,1263.74,13-JAN-06:00
,Cooling:EnergyTransfer:Zone:2YUBHDOS5EZHT591INO2JZ,0.00,0.00,01-JAN-00:15,0.00,01-JAN-00:15
,EnergyTransfer:Zone:2_MZMMWYJ2X8L5ZTTWFZQ9,35.07,0.00,04-JAN-10:45,13.53,15-JAN-18:30
,Heating:EnergyTransfer:Zone:2_MZMMWYJ2X8L5ZTTWFZQ9,35.07,0.00,04-JAN-10:45,13.53,15-JAN-18:30
,Cooling:EnergyTransfer:Zone:2_MZMMWYJ2X8L5ZTTWFZQ9,0.00,0.00,01-JAN-00:15,0.00,01-JAN-00:15
,EnergyTransfer:Zone:2K9O3QILF0AQFA6KKU5HXP,1122.68,0.00,01-JAN-10:45,617.30,13-JAN-06:00
,Heating:EnergyTransfer:Zone:2K9O3QILF0AQFA6KKU5HXP,1122.68,0.00,01-JAN-10:45,617.30,13-JAN-06:00
,Cooling:EnergyTransfer:Zone:2K9O3QILF0AQFA6KKU5HXP,0.00,0.00,01-JAN-00:15,0.00,01-JAN-00:15
,EnergyTransfer:Zone:2SQQMDRC5FSAM7Q4HEYPCN,285.01,0.00,01-JAN-08:15,399.95,13-JAN-06:00
,Heating:EnergyTransfer:Zone:2SQQMDRC5FSAM7Q4HEYPCN,285.01,0.00,01-JAN-08:15,399.95,13-JAN-06:00
,Cooling:EnergyTransfer:Zone:2SQQMDRC5FSAM7Q4HEYPCN,0.00,0.00,01-JAN-00:15,0.00,01-JAN-00:15
,EnergyTransfer:Zone:2UN5ECZKNBEXTUKMCA5OFF,830.54,0.00,05-APR-12:45,217.19,15-JAN-18:30
,Heating:EnergyTransfer:Zone:2UN5ECZKNBEXTUKMCA5OFF,830.54,0.00,05-APR-12:45,217.19,15-JAN-18:30
,Cooling:EnergyTransfer:Zone:2UN5ECZKNBEXTUKMCA5OFF,0.00,0.00,01-JAN-00:15,0.00,01-JAN-00:15
,EnergyTransfer:Zone:2V9V9EITTC7UB9LUIJAJSI,1394.18,0.00,01-JAN-11:00,680.06,03-JAN-06:00
,Heating:EnergyTransfer:Zone:2V9V9EITTC7UB9LUIJAJSI,1394.18,0.00,01-JAN-11:00,680.06,03-JAN-06:00
,Cooling:EnergyTransfer:Zone:2V9V9EITTC7UB9LUIJAJSI,0.00,0.00,01-JAN-00:15,0.00,01-JAN-00:15
,EnergyTransfer:Zone:303QW7ZF996EKWJLTQOLOB,816.91,0.00,05-APR-12:45,216.37,22-DEC-23:00
,Heating:EnergyTransfer:Zone:303QW7ZF996EKWJLTQOLOB,816.91,0.00,05-APR-12:45,216.37,22-DEC-23:00
,Cooling:EnergyTransfer:Zone:303QW7ZF996EKWJLTQOLOB,0.00,0.00,01-JAN-00:15,0.00,01-JAN-00:15
,EnergyTransfer:Zone:38IMUKOGP559RZQPTQORMP,2766.04,0.00,14-MAY-11:15,644.90,15-JAN-12:00
,Heating:EnergyTransfer:Zone:38IMUKOGP559RZQPTQORMP,2766.04,0.00,14-MAY-11:15,644.90,15-JAN-12:00
,Cooling:EnergyTransfer:Zone:38IMUKOGP559RZQPTQORMP,0.00,0.00,01-JAN-00:15,0.00,01-JAN-00:15
,EnergyTransfer:Zone:3M_8BSRUT9JPFPUQGPEDOA,6036.19,0.00,05-APR-15:30,1518.78,15-JAN-12:00
,Heating:EnergyTransfer:Zone:3M_8BSRUT9JPFPUQGPEDOA,6036.19,0.00,05-APR-15:30,1518.78,15-JAN-12:00
,Cooling:EnergyTransfer:Zone:3M_8BSRUT9JPFPUQGPEDOA,0.00,0.00,01-JAN-00:15,0.00,01-JAN-00:15
,EnergyTransfer:Zone:3TJLMIJ$97RELEO_9TS0SD,854.53,0.00,05-APR-14:45,254.40,15-JAN-12:00
,Heating:EnergyTransfer:Zone:3TJLMIJ$97RELEO_9TS0SD,854.53,0.00,05-APR-14:45,254.40,15-JAN-12:00
,Cooling:EnergyTransfer:Zone:3TJLMIJ$97RELEO_9TS0SD,0.00,0.00,01-JAN-00:15,0.00,01-JAN-00:15
,EnergyTransfer:Zone:3W$07STZF4SGATGZXH6RH7,2135.73,0.00,17-JAN-14:15,988.99,13-JAN-06:00
,Heating:EnergyTransfer:Zone:3W$07STZF4SGATGZXH6RH7,2135.73,0.00,17-JAN-14:15,988.99,13-JAN-06:00
,Cooling:EnergyTransfer:Zone:3W$07STZF4SGATGZXH6RH7,0.00,0.00,01-JAN-00:15,0.00,01-JAN-00:15
,EnergyTransfer:Zone:3WTGYEGFV57XESUBLIN6UZ,2430.54,0.00,04-MAR-14:15,1057.48,13-JAN-06:00
,Heating:EnergyTransfer:Zone:3WTGYEGFV57XESUBLIN6UZ,2430.54,0.00,04-MAR-14:15,1057.48,13-JAN-06:00
,Cooling:EnergyTransfer:Zone:3WTGYEGFV57XESUBLIN6UZ,0.00,0.00,01-JAN-00:15,0.00,01-JAN-00:15
,EnergyTransfer:Zone:3XETEHPLX2FBMDLVKG9RNX,2080.33,0.00,17-JAN-14:30,987.22,13-JAN-06:00
,Heating:EnergyTransfer:Zone:3XETEHPLX2FBMDLVKG9RNX,2080.33,0.00,17-JAN-14:30,987.22,13-JAN-06:00
,Cooling:EnergyTransfer:Zone:3XETEHPLX2FBMDLVKG9RNX,0.00,0.00,01-JAN-00:15,0.00,01-JAN-00:15
,EnergyTransfer:Zone:3DYLJPHWXB1VOWY5LPQ8_2,1005.86,0.00,01-JAN-10:15,1008.57,13-JAN-06:00
,Heating:EnergyTransfer:Zone:3DYLJPHWXB1VOWY5LPQ8_2,1005.86,0.00,01-JAN-10:15,1008.57,13-JAN-06:00
,Cooling:EnergyTransfer:Zone:3DYLJPHWXB1VOWY5LPQ8_2,0.00,0.00,01-JAN-00:15,0.00,01-JAN-00:15
,EnergyTransfer:Zone:3G0CEO8QRFGPRRO9HYEX7V,512.86,0.00,01-JAN-09:15,455.87,13-JAN-06:00
,Heating:EnergyTransfer:Zone:3G0CEO8QRFGPRRO9HYEX7V,512.86,0.00,01-JAN-09:15,455.87,13-JAN-06:00
,Cooling:EnergyTransfer:Zone:3G0CEO8QRFGPRRO9HYEX7V,0.00,0.00,01-JAN-00:15,0.00,01-JAN-00:15
,EnergyTransfer:Zone:3LJWLADQX638QBR_BXHA$C,1574.68,0.00,01-JAN-09:45,1572.81,23-DEC-05:00
,Heating:EnergyTransfer:Zone:3LJWLADQX638QBR_BXHA$C,1574.68,0.00,01-JAN-09:45,1572.81,23-DEC-05:00
,Cooling:EnergyTransfer:Zone:3LJWLADQX638QBR_BXHA$C,0.00,0.00,01-JAN-00:15,0.00,01-JAN-00:15
,DistrictHeating:Facility,162012.78,0.00,14-MAY-11:15,57950.38,21-DEC-18:30
,DistrictHeating:HVAC,162012.78,0.00,14-MAY-11:15,57950.38,21-DEC-18:30
,Heating:DistrictHeating,162012.78,0.00,14-MAY-11:15,57950.38,21-DEC-18:30
,General:Heating:DistrictHeating,162012.78,0.00,14-MAY-11:15,57950.38,21-DEC-18:30


----------------------------------------------------------------------------------------------------
REPORT:,Sensible Heat Gain Summary
FOR:,Entire Facility
Annual Building Sensible Heat Gain Components

,,HVAC Zone Eq & Other Sensible Air Heating [kWh],HVAC Zone Eq & Other Sensible Air Cooling [kWh],HVAC Terminal Unit Sensible Air Heating [kWh],HVAC Terminal Unit Sensible Air Cooling [kWh],HVAC Input Heated Surface Heating [kWh],HVAC Input Cooled Surface Cooling [kWh],People Sensible Heat Addition [kWh],Lights Sensible Heat Addition [kWh],Equipment Sensible Heat Addition [kWh],Window Heat Addition [kWh],Interzone Air Transfer Heat Addition [kWh],Infiltration Heat Addition [kWh],Opaque Surface Conduction and Other Heat Addition [kWh],Equipment Sensible Heat Removal [kWh],Window Heat Removal [kWh],Interzone Air Transfer Heat Removal [kWh],Infiltration Heat Removal [kWh],Opaque Surface Conduction and Other Heat Removal [kWh]
,00MLRNOVNCEHFFCBB9J$NK,2055.194,0.000,0.000,0.000,0.000,0.000,288.974,386.809,494.149,0.000,0.000,47.655,0.000,0.000,0.000,0.000,-1625.02,-1647.76
,0ELTW7UM9DRURZ_FYFNE9W,1197.615,0.000,0.000,0.000,0.000,0.000,383.675,549.472,701.950,4221.808,0.000,0.683,0.000,0.000,-441.52,0.000,-3565.12,-3048.56
,0W6NU5BRTFIQXXYMM6ILGS,785.159,0.000,0.000,0.000,0.000,0.000,112.780,150.891,192.763,0.000,0.000,19.665,0.000,0.000,0.000,0.000,-635.39,-625.86
,0DIFK5T49139$QBDUCK5A9,2984.993,0.000,0.000,0.000,0.000,0.000,264.989,77.362,0.000,0.000,0.000,69.889,0.000,0.000,0.000,0.000,-1556.85,-1840.38
,0U2ZPLRHTCUWK3$YRPCZEO,1455.322,0.000,0.000,0.000,0.000,0.000,398.803,542.755,693.369,1509.947,0.000,10.347,0.000,0.000,-417.35,0.000,-2946.00,-1247.19
,0ZWU9FOWRDWURARHO69T83,3074.088,0.000,0.000,0.000,0.000,0.000,264.958,77.362,0.000,0.000,0.000,70.958,0.000,0.000,0.000,0.000,-1610.47,-1876.90
,11GHF5W0N9AGOUOXD7SXZM,1433.749,0.000,0.000,0.000,0.000,0.000,399.110,542.755,693.369,1510.536,0.000,11.042,0.000,0.000,-417.21,0.000,-2931.43,-1241.92
,17KSY6ZZ5APQ0YJPQBAX_U,2967.646,0.000,0.000,0.000,0.000,0.000,687.889,1081.587,3601.685,6063.664,0.000,1.728,0.000,0.000,-727.92,0.000,-6937.73,-6738.55
,1DR$EUE41E8ECWOYLIJLIT,0.000,0.000,0.000,0.000,0.000,0.000,56.697,22.557,0.000,0.000,0.000,60.660,651.063,0.000,0.000,0.000,-790.98,0.000
,1EYECQGPZ09F9SE6JGR55M,1138.193,0.000,0.000,0.000,0.000,0.000,381.341,550.355,703.079,4216.839,0.000,0.438,0.000,0.000,-446.83,0.000,-3648.20,-2895.21
,1GOZB5TBH738163NLUZBQX,2009.922,0.000,0.000,0.000,0.000,0.000,3562.496,1112.763,322.701,8484.035,0.000,0.468,0.000,0.000,-886.31,0.000,-7357.99,-7248.09
,1PWTN7AMJ3OEWPOHZO42NJ,2502.504,0.000,0.000,0.000,0.000,0.000,382.728,536.112,684.884,3427.154,0.000,2.443,0.000,0.000,-696.51,0.000,-3358.27,-3481.04
,1Y2RJHKTHCLXJ0TUUV9K_Z,0.000,0.000,0.000,0.000,0.000,0.000,29.228,524.484,23995.121,0.000,0.000,0.000,0.000,0.000,0.000,0.000,-9453.93,-15094.91
,1_FGE0TIZCTRJEYZDX5WYJ,37089.950,0.000,0.000,0.000,0.000,0.000,8504.264,5892.689,7169.438,14452.869,0.000,499.484,0.000,0.000,-1626.76,0.000,-55710.25,-16271.69
,1ADVKLHC9ALU8GQYFXFWE4,5534.059,0.000,0.000,0.000,0.000,0.000,539.789,157.589,0.000,0.000,0.000,145.886,0.000,0.000,0.000,0.000,-3277.96,-3099.36
,1IAFH_A0X4BU_FFXOZPTRL,2563.311,0.000,0.000,0.000,0.000,0.000,381.558,536.112,684.884,3310.975,0.000,1.792,0.000,0.000,-687.25,0.000,-3316.17,-3475.22
,1JORQKBDN4ZXPNFOKGQGP_,1036.979,0.000,0.000,0.000,0.000,0.000,103.378,30.178,0.000,0.000,0.000,28.818,0.000,0.000,0.000,0.000,-629.03,-570.32
,1LXCTPB4NESE3Q6XK6HAD5,2458.239,0.000,0.000,0.000,0.000,0.000,396.196,540.054,689.920,1515.732,0.000,11.253,0.000,0.000,-406.47,0.000,-2963.49,-2241.43
,1NYUQ381R1JGTXA1VKFRZV,1451.123,0.000,0.000,0.000,0.000,0.000,398.832,542.755,693.369,1509.981,0.000,10.556,0.000,0.000,-417.37,0.000,-2944.55,-1244.70
,1RW1JYHZV1QBSFHPLSLVZZ,2167.685,0.000,0.000,0.000,0.000,0.000,3977.811,668.461,551.480,14579.352,0.000,0.266,0.101,0.000,-1688.16,0.000,-11042.21,-9214.69
,1TFYORFFD5ZX4NAJ0W62KG,1344.295,0.000,0.000,0.000,0.000,0.000,361.131,546.338,697.947,6079.488,0.000,0.000,0.000,0.000,-767.77,0.000,-4097.01,-4164.42
,1WCNWD8FVEXXE6Q3YNDNHJ,2758.075,0.000,0.000,0.000,0.000,0.000,265.045,77.362,0.000,0.000,0.000,74.053,0.000,0.000,0.000,0.000,-1609.31,-1565.23
,1Y_DAPZEF9MXUPESN29HKY,6810.960,0.000,0.000,0.000,0.000,0.000,1682.773,1643.815,2630.105,4556.743,0.000,24.852,0.000,0.000,-1212.95,0.000,-9049.57,-7086.72
,24CJFLTRXBVFTECKJLT5IU,512.863,0.000,0.000,0.000,0.000,0.000,356.309,527.243,673.553,0.000,0.000,0.498,0.000,0.000,0.000,0.000,-197.31,-1873.16
,2CXRC190XAZUMHRLJ12ZWO,22676.848,0.000,0.000,0.000,0.000,0.000,2062.841,602.605,0.000,0.000,0.000,618.210,0.000,0.000,0.000,0.000,-15227.32,-10733.18
,2CBLUG4K90AFS0ULISW57$,977.905,0.000,0.000,0.000,0.000,0.000,1042.997,311.182,90.243,915.593,0.000,3.088,0.000,0.000,-136.69,0.000,-1871.74,-1332.58
,2DDCZNH4P35P17ZZP0MC27,3890.635,0.000,0.000,0.000,0.000,0.000,1690.211,1652.034,2643.255,4529.571,0.000,19.904,0.000,0.000,-1254.90,0.000,-9069.20,-4101.51
,2DZYGNKTN3YUE2CQZ7IH3G,101.962,0.000,0.000,0.000,0.000,0.000,11.209,14.965,19.118,0.000,0.000,3.382,0.000,0.000,0.000,0.000,-73.78,-76.85
,2JPUAUJGVCL8GZFYDEN0QZ,2476.481,0.000,0.000,0.000,0.000,0.000,396.701,540.054,689.920,1517.240,0.000,12.205,0.000,0.000,-405.43,0.000,-2939.86,-2287.31
,2KFJ4GAD59TRGS$KUMPVKX,104.851,0.000,0.000,0.000,0.000,0.000,11.210,14.965,19.118,0.000,0.000,3.446,0.000,0.000,0.000,0.000,-73.62,-79.97
,2KRQOVE1T90WWGJURUVFGY,753.441,0.000,0.000,0.000,0.000,0.000,1069.858,319.302,92.598,971.991,0.000,3.441,0.000,0.000,-140.19,0.000,-1963.51,-1106.93
,2N5PAWURB9UXWMW6VZHKG2,1146.590,0.000,0.000,0.000,0.000,0.000,380.123,550.355,703.079,4214.924,0.000,0.329,0.000,0.000,-448.21,0.000,-3682.80,-2864.39
,2U0_9NBFJ5W9HBM3YSNCGZ,0.000,0.000,0.000,0.000,0.000,0.000,56.544,22.557,0.000,0.000,0.000,58.874,663.537,0.000,0.000,0.000,-801.51,0.000
,2Y6L$OYX55CULKWGZVG76X,38.581,0.000,0.000,0.000,0.000,0.000,7.384,9.855,12.590,0.000,0.000,2.336,0.000,0.000,0.000,0.000,-48.27,-22.48
,2YUBHDOS5EZHT591INO2JZ,1452.920,0.000,0.000,0.000,0.000,0.000,363.570,547.222,699.076,5973.697,0.000,0.000,0.000,0.000,-748.97,0.000,-3976.82,-4310.70
,2_MZMMWYJ2X8L5ZTTWFZQ9,35.065,0.000,0.000,0.000,0.000,0.000,7.382,9.855,12.590,0.000,0.000,2.285,0.000,0.000,0.000,0.000,-48.40,-18.78
,2K9O3QILF0AQFA6KKU5HXP,1122.672,0.000,0.000,0.000,0.000,0.000,1077.160,319.302,92.598,918.036,0.000,3.987,0.000,0.000,-134.52,0.000,-1866.85,-1532.38
,2SQQMDRC5FSAM7Q4HEYPCN,285.011,0.000,0.000,0.000,0.000,0.000,1015.225,311.182,90.243,963.577,0.000,1.551,0.011,0.000,-149.43,0.000,-2090.17,-427.18
,2V9V9EITTC7UB9LUIJAJSI,1394.178,0.000,0.000,0.000,0.000,0.000,399.504,542.755,693.369,1511.225,0.000,11.877,0.000,0.000,-417.26,0.000,-2913.06,-1222.59
,38IMUKOGP559RZQPTQORMP,2766.031,0.000,0.000,0.000,0.000,0.000,265.065,77.362,0.000,0.000,0.000,74.819,0.000,0.000,0.000,0.000,-1609.08,-1574.20
,3W$07STZF4SGATGZXH6RH7,2135.722,0.000,0.000,0.000,0.000,0.000,389.217,538.793,688.308,3326.326,0.000,2.239,0.000,0.000,-678.87,0.000,-3113.39,-3288.34
,3WTGYEGFV57XESUBLIN6UZ,2430.535,0.000,0.000,0.000,0.000,0.000,396.473,540.054,689.920,1516.251,0.000,11.821,0.000,0.000,-406.34,0.000,-2951.14,-2227.58
,3XETEHPLX2FBMDLVKG9RNX,2080.325,0.000,0.000,0.000,0.000,0.000,391.012,538.793,688.308,3446.142,0.000,4.235,0.000,0.000,-688.35,0.000,-3139.00,-3321.46
,3DYLJPHWXB1VOWY5LPQ8_2,1005.855,0.000,0.000,0.000,0.000,0.000,1772.621,550.355,159.603,4245.328,0.000,0.547,0.000,0.000,-441.09,0.000,-3608.62,-3684.60
,3G0CEO8QRFGPRRO9HYEX7V,512.863,0.000,0.000,0.000,0.000,0.000,356.309,527.243,673.553,0.000,0.000,0.498,0.000,0.000,0.000,0.000,-197.31,-1873.16
,3LJWLADQX638QBR_BXHA$C,1574.663,0.000,0.000,0.000,0.000,0.000,3600.794,1116.780,323.866,8503.928,0.000,1.255,0.012,0.000,-886.72,0.000,-6970.50,-7264.07
,0WLDSRXY1FH9RF4WA6QEKV,4996.785,0.000,0.000,0.000,0.000,0.000,0.000,107.189,0.000,0.000,0.000,138.894,0.000,0.000,0.000,0.000,-4140.56,-1102.31
,18PU3GE41D_BHP0U$GRITO,737.094,0.000,0.000,0.000,0.000,0.000,0.000,23.159,0.000,0.000,0.000,15.573,0.000,0.000,0.000,0.000,-570.96,-204.86
,1BNZZOW0D8K8AGXDQ4F75V,9229.425,0.000,0.000,0.000,0.000,0.000,0.000,306.717,0.000,0.000,0.000,313.677,0.000,0.000,0.000,0.000,-6375.83,-3473.99
,1CXQ0W4HL71FQ21BMWHLFZ,853.440,0.000,0.000,0.000,0.000,0.000,0.000,53.563,0.000,0.000,0.000,23.241,0.000,0.000,0.000,0.000,-654.40,-275.84
,1HQZA3HET1GRLTQSI138OL,824.382,0.000,0.000,0.000,0.000,0.000,0.000,78.049,0.000,0.000,0.000,35.601,6.252,0.000,0.000,0.000,-944.28,-0.01
,1KWP7HSZR8YOJWZQWUXCGM,832.850,0.000,0.000,0.000,0.000,0.000,0.000,77.655,0.000,0.000,0.000,35.869,0.002,0.000,0.000,0.000,-940.62,-5.75
,1SIISADAJ75P2K126BOPWI,0.015,0.000,0.000,0.000,0.000,0.000,0.000,23.159,0.000,0.000,0.000,5.602,699.537,0.000,0.000,0.000,-728.31,0.000
,2WTW_5TS12BQVVPNZ4RTZ8,854.591,0.000,0.000,0.000,0.000,0.000,0.000,53.610,0.000,0.000,0.000,23.182,0.000,0.000,0.000,0.000,-655.23,-276.15
,2X$RF$7GLFZECF00IG4ZFJ,850.766,0.000,0.000,0.000,0.000,0.000,0.000,53.662,0.000,0.000,0.000,23.148,0.000,0.000,0.000,0.000,-655.08,-272.50
,2UN5ECZKNBEXTUKMCA5OFF,830.536,0.000,0.000,0.000,0.000,0.000,0.000,76.008,0.000,0.000,0.000,33.873,0.001,0.000,0.000,0.000,-918.98,-21.44
,303QW7ZF996EKWJLTQOLOB,816.903,0.000,0.000,0.000,0.000,0.000,0.000,75.650,0.000,0.000,0.000,33.165,0.006,0.000,0.000,0.000,-915.48,-10.24
,3M_8BSRUT9JPFPUQGPEDOA,6036.174,0.000,0.000,0.000,0.000,0.000,0.000,107.180,0.000,0.000,0.000,152.740,0.000,0.000,0.000,0.000,-4125.07,-2171.02
,3TJLMIJ$97RELEO_9TS0SD,854.525,0.000,0.000,0.000,0.000,0.000,0.000,53.610,0.000,0.000,0.000,23.098,0.000,0.000,0.000,0.000,-655.43,-275.81
,Total Facility,162012.545,0.000,0.000,0.000,0.000,0.000,40944.163,28064.641,54955.118,117992.951,0.000,2791.424,2020.522,0.000,-17777.36,0.000,-231770.40,-159233.48


Peak Cooling Sensible Heat Gain Components

,,Time of Peak {TIMESTAMP},HVAC Zone Eq & Other Sensible Air Heating [W],HVAC Zone Eq & Other Sensible Air Cooling [W],HVAC Terminal Unit Sensible Air Heating [W],HVAC Terminal Unit Sensible Air Cooling [W],HVAC Input Heated Surface Heating [W],HVAC Input Cooled Surface Cooling [W],People Sensible Heat Addition [W],Lights Sensible Heat Addition [W],Equipment Sensible Heat Addition [W],Window Heat Addition [W],Interzone Air Transfer Heat Addition [W],Infiltration Heat Addition [W],Opaque Surface Conduction and Other Heat Addition [W],Equipment Sensible Heat Removal [W],Window Heat Removal [W],Interzone Air Transfer Heat Removal [W],Infiltration Heat Removal [W],Opaque Surface Conduction and Other Heat Removal [W]
,00MLRNOVNCEHFFCBB9J$NK,-,0.00,0.00,0.00,0.00,0.00,0.00,0.00,0.00,0.00,0.00,0.00,0.00,0.00,0.00,0.00,0.00,0.00,0.00
,0ELTW7UM9DRURZ_FYFNE9W,-,0.00,0.00,0.00,0.00,0.00,0.00,0.00,0.00,0.00,0.00,0.00,0.00,0.00,0.00,0.00,0.00,0.00,0.00
,0W6NU5BRTFIQXXYMM6ILGS,-,0.00,0.00,0.00,0.00,0.00,0.00,0.00,0.00,0.00,0.00,0.00,0.00,0.00,0.00,0.00,0.00,0.00,0.00
,0DIFK5T49139$QBDUCK5A9,-,0.00,0.00,0.00,0.00,0.00,0.00,0.00,0.00,0.00,0.00,0.00,0.00,0.00,0.00,0.00,0.00,0.00,0.00
,0U2ZPLRHTCUWK3$YRPCZEO,-,0.00,0.00,0.00,0.00,0.00,0.00,0.00,0.00,0.00,0.00,0.00,0.00,0.00,0.00,0.00,0.00,0.00,0.00
,0ZWU9FOWRDWURARHO69T83,-,0.00,0.00,0.00,0.00,0.00,0.00,0.00,0.00,0.00,0.00,0.00,0.00,0.00,0.00,0.00,0.00,0.00,0.00
,11GHF5W0N9AGOUOXD7SXZM,-,0.00,0.00,0.00,0.00,0.00,0.00,0.00,0.00,0.00,0.00,0.00,0.00,0.00,0.00,0.00,0.00,0.00,0.00
,17KSY6ZZ5APQ0YJPQBAX_U,-,0.00,0.00,0.00,0.00,0.00,0.00,0.00,0.00,0.00,0.00,0.00,0.00,0.00,0.00,0.00,0.00,0.00,0.00
,1DR$EUE41E8ECWOYLIJLIT,-,0.00,0.00,0.00,0.00,0.00,0.00,0.00,0.00,0.00,0.00,0.00,0.00,0.00,0.00,0.00,0.00,0.00,0.00
,1EYECQGPZ09F9SE6JGR55M,-,0.00,0.00,0.00,0.00,0.00,0.00,0.00,0.00,0.00,0.00,0.00,0.00,0.00,0.00,0.00,0.00,0.00,0.00
,1GOZB5TBH738163NLUZBQX,-,0.00,0.00,0.00,0.00,0.00,0.00,0.00,0.00,0.00,0.00,0.00,0.00,0.00,0.00,0.00,0.00,0.00,0.00
,1PWTN7AMJ3OEWPOHZO42NJ,-,0.00,0.00,0.00,0.00,0.00,0.00,0.00,0.00,0.00,0.00,0.00,0.00,0.00,0.00,0.00,0.00,0.00,0.00
,1Y2RJHKTHCLXJ0TUUV9K_Z,-,0.00,0.00,0.00,0.00,0.00,0.00,0.00,0.00,0.00,0.00,0.00,0.00,0.00,0.00,0.00,0.00,0.00,0.00
,1_FGE0TIZCTRJEYZDX5WYJ,-,0.00,0.00,0.00,0.00,0.00,0.00,0.00,0.00,0.00,0.00,0.00,0.00,0.00,0.00,0.00,0.00,0.00,0.00
,1ADVKLHC9ALU8GQYFXFWE4,-,0.00,0.00,0.00,0.00,0.00,0.00,0.00,0.00,0.00,0.00,0.00,0.00,0.00,0.00,0.00,0.00,0.00,0.00
,1IAFH_A0X4BU_FFXOZPTRL,-,0.00,0.00,0.00,0.00,0.00,0.00,0.00,0.00,0.00,0.00,0.00,0.00,0.00,0.00,0.00,0.00,0.00,0.00
,1JORQKBDN4ZXPNFOKGQGP_,-,0.00,0.00,0.00,0.00,0.00,0.00,0.00,0.00,0.00,0.00,0.00,0.00,0.00,0.00,0.00,0.00,0.00,0.00
,1LXCTPB4NESE3Q6XK6HAD5,-,0.00,0.00,0.00,0.00,0.00,0.00,0.00,0.00,0.00,0.00,0.00,0.00,0.00,0.00,0.00,0.00,0.00,0.00
,1NYUQ381R1JGTXA1VKFRZV,-,0.00,0.00,0.00,0.00,0.00,0.00,0.00,0.00,0.00,0.00,0.00,0.00,0.00,0.00,0.00,0.00,0.00,0.00
,1RW1JYHZV1QBSFHPLSLVZZ,-,0.00,0.00,0.00,0.00,0.00,0.00,0.00,0.00,0.00,0.00,0.00,0.00,0.00,0.00,0.00,0.00,0.00,0.00
,1TFYORFFD5ZX4NAJ0W62KG,-,0.00,0.00,0.00,0.00,0.00,0.00,0.00,0.00,0.00,0.00,0.00,0.00,0.00,0.00,0.00,0.00,0.00,0.00
,1WCNWD8FVEXXE6Q3YNDNHJ,-,0.00,0.00,0.00,0.00,0.00,0.00,0.00,0.00,0.00,0.00,0.00,0.00,0.00,0.00,0.00,0.00,0.00,0.00
,1Y_DAPZEF9MXUPESN29HKY,-,0.00,0.00,0.00,0.00,0.00,0.00,0.00,0.00,0.00,0.00,0.00,0.00,0.00,0.00,0.00,0.00,0.00,0.00
,24CJFLTRXBVFTECKJLT5IU,-,0.00,0.00,0.00,0.00,0.00,0.00,0.00,0.00,0.00,0.00,0.00,0.00,0.00,0.00,0.00,0.00,0.00,0.00
,2CXRC190XAZUMHRLJ12ZWO,-,0.00,0.00,0.00,0.00,0.00,0.00,0.00,0.00,0.00,0.00,0.00,0.00,0.00,0.00,0.00,0.00,0.00,0.00
,2CBLUG4K90AFS0ULISW57$,-,0.00,0.00,0.00,0.00,0.00,0.00,0.00,0.00,0.00,0.00,0.00,0.00,0.00,0.00,0.00,0.00,0.00,0.00
,2DDCZNH4P35P17ZZP0MC27,-,0.00,0.00,0.00,0.00,0.00,0.00,0.00,0.00,0.00,0.00,0.00,0.00,0.00,0.00,0.00,0.00,0.00,0.00
,2DZYGNKTN3YUE2CQZ7IH3G,-,0.00,0.00,0.00,0.00,0.00,0.00,0.00,0.00,0.00,0.00,0.00,0.00,0.00,0.00,0.00,0.00,0.00,0.00
,2JPUAUJGVCL8GZFYDEN0QZ,-,0.00,0.00,0.00,0.00,0.00,0.00,0.00,0.00,0.00,0.00,0.00,0.00,0.00,0.00,0.00,0.00,0.00,0.00
,2KFJ4GAD59TRGS$KUMPVKX,-,0.00,0.00,0.00,0.00,0.00,0.00,0.00,0.00,0.00,0.00,0.00,0.00,0.00,0.00,0.00,0.00,0.00,0.00
,2KRQOVE1T90WWGJURUVFGY,-,0.00,0.00,0.00,0.00,0.00,0.00,0.00,0.00,0.00,0.00,0.00,0.00,0.00,0.00,0.00,0.00,0.00,0.00
,2N5PAWURB9UXWMW6VZHKG2,-,0.00,0.00,0.00,0.00,0.00,0.00,0.00,0.00,0.00,0.00,0.00,0.00,0.00,0.00,0.00,0.00,0.00,0.00
,2U0_9NBFJ5W9HBM3YSNCGZ,-,0.00,0.00,0.00,0.00,0.00,0.00,0.00,0.00,0.00,0.00,0.00,0.00,0.00,0.00,0.00,0.00,0.00,0.00
,2Y6L$OYX55CULKWGZVG76X,-,0.00,0.00,0.00,0.00,0.00,0.00,0.00,0.00,0.00,0.00,0.00,0.00,0.00,0.00,0.00,0.00,0.00,0.00
,2YUBHDOS5EZHT591INO2JZ,-,0.00,0.00,0.00,0.00,0.00,0.00,0.00,0.00,0.00,0.00,0.00,0.00,0.00,0.00,0.00,0.00,0.00,0.00
,2_MZMMWYJ2X8L5ZTTWFZQ9,-,0.00,0.00,0.00,0.00,0.00,0.00,0.00,0.00,0.00,0.00,0.00,0.00,0.00,0.00,0.00,0.00,0.00,0.00
,2K9O3QILF0AQFA6KKU5HXP,-,0.00,0.00,0.00,0.00,0.00,0.00,0.00,0.00,0.00,0.00,0.00,0.00,0.00,0.00,0.00,0.00,0.00,0.00
,2SQQMDRC5FSAM7Q4HEYPCN,-,0.00,0.00,0.00,0.00,0.00,0.00,0.00,0.00,0.00,0.00,0.00,0.00,0.00,0.00,0.00,0.00,0.00,0.00
,2V9V9EITTC7UB9LUIJAJSI,-,0.00,0.00,0.00,0.00,0.00,0.00,0.00,0.00,0.00,0.00,0.00,0.00,0.00,0.00,0.00,0.00,0.00,0.00
,38IMUKOGP559RZQPTQORMP,-,0.00,0.00,0.00,0.00,0.00,0.00,0.00,0.00,0.00,0.00,0.00,0.00,0.00,0.00,0.00,0.00,0.00,0.00
,3W$07STZF4SGATGZXH6RH7,-,0.00,0.00,0.00,0.00,0.00,0.00,0.00,0.00,0.00,0.00,0.00,0.00,0.00,0.00,0.00,0.00,0.00,0.00
,3WTGYEGFV57XESUBLIN6UZ,-,0.00,0.00,0.00,0.00,0.00,0.00,0.00,0.00,0.00,0.00,0.00,0.00,0.00,0.00,0.00,0.00,0.00,0.00
,3XETEHPLX2FBMDLVKG9RNX,-,0.00,0.00,0.00,0.00,0.00,0.00,0.00,0.00,0.00,0.00,0.00,0.00,0.00,0.00,0.00,0.00,0.00,0.00
,3DYLJPHWXB1VOWY5LPQ8_2,-,0.00,0.00,0.00,0.00,0.00,0.00,0.00,0.00,0.00,0.00,0.00,0.00,0.00,0.00,0.00,0.00,0.00,0.00
,3G0CEO8QRFGPRRO9HYEX7V,-,0.00,0.00,0.00,0.00,0.00,0.00,0.00,0.00,0.00,0.00,0.00,0.00,0.00,0.00,0.00,0.00,0.00,0.00
,3LJWLADQX638QBR_BXHA$C,-,0.00,0.00,0.00,0.00,0.00,0.00,0.00,0.00,0.00,0.00,0.00,0.00,0.00,0.00,0.00,0.00,0.00,0.00
,0WLDSRXY1FH9RF4WA6QEKV,-,0.00,0.00,0.00,0.00,0.00,0.00,0.00,0.00,0.00,0.00,0.00,0.00,0.00,0.00,0.00,0.00,0.00,0.00
,18PU3GE41D_BHP0U$GRITO,-,0.00,0.00,0.00,0.00,0.00,0.00,0.00,0.00,0.00,0.00,0.00,0.00,0.00,0.00,0.00,0.00,0.00,0.00
,1BNZZOW0D8K8AGXDQ4F75V,-,0.00,0.00,0.00,0.00,0.00,0.00,0.00,0.00,0.00,0.00,0.00,0.00,0.00,0.00,0.00,0.00,0.00,0.00
,1CXQ0W4HL71FQ21BMWHLFZ,-,0.00,0.00,0.00,0.00,0.00,0.00,0.00,0.00,0.00,0.00,0.00,0.00,0.00,0.00,0.00,0.00,0.00,0.00
,1HQZA3HET1GRLTQSI138OL,-,0.00,0.00,0.00,0.00,0.00,0.00,0.00,0.00,0.00,0.00,0.00,0.00,0.00,0.00,0.00,0.00,0.00,0.00
,1KWP7HSZR8YOJWZQWUXCGM,-,0.00,0.00,0.00,0.00,0.00,0.00,0.00,0.00,0.00,0.00,0.00,0.00,0.00,0.00,0.00,0.00,0.00,0.00
,1SIISADAJ75P2K126BOPWI,-,0.00,0.00,0.00,0.00,0.00,0.00,0.00,0.00,0.00,0.00,0.00,0.00,0.00,0.00,0.00,0.00,0.00,0.00
,2WTW_5TS12BQVVPNZ4RTZ8,-,0.00,0.00,0.00,0.00,0.00,0.00,0.00,0.00,0.00,0.00,0.00,0.00,0.00,0.00,0.00,0.00,0.00,0.00
,2X$RF$7GLFZECF00IG4ZFJ,-,0.00,0.00,0.00,0.00,0.00,0.00,0.00,0.00,0.00,0.00,0.00,0.00,0.00,0.00,0.00,0.00,0.00,0.00
,2UN5ECZKNBEXTUKMCA5OFF,-,0.00,0.00,0.00,0.00,0.00,0.00,0.00,0.00,0.00,0.00,0.00,0.00,0.00,0.00,0.00,0.00,0.00,0.00
,303QW7ZF996EKWJLTQOLOB,-,0.00,0.00,0.00,0.00,0.00,0.00,0.00,0.00,0.00,0.00,0.00,0.00,0.00,0.00,0.00,0.00,0.00,0.00
,3M_8BSRUT9JPFPUQGPEDOA,-,0.00,0.00,0.00,0.00,0.00,0.00,0.00,0.00,0.00,0.00,0.00,0.00,0.00,0.00,0.00,0.00,0.00,0.00
,3TJLMIJ$97RELEO_9TS0SD,-,0.00,0.00,0.00,0.00,0.00,0.00,0.00,0.00,0.00,0.00,0.00,0.00,0.00,0.00,0.00,0.00,0.00,0.00
,Total Facility,-,0.00,0.00,0.00,0.00,0.00,0.00,0.00,0.00,0.00,0.00,0.00,0.00,0.00,0.00,0.00,0.00,0.00,0.00


Peak Heating Sensible Heat Gain Components

,,Time of Peak {TIMESTAMP},HVAC Zone Eq & Other Sensible Air Heating [W],HVAC Zone Eq & Other Sensible Air Cooling [W],HVAC Terminal Unit Sensible Air Heating [W],HVAC Terminal Unit Sensible Air Cooling [W],HVAC Input Heated Surface Heating [W],HVAC Input Cooled Surface Cooling [W],People Sensible Heat Addition [W],Lights Sensible Heat Addition [W],Equipment Sensible Heat Addition [W],Window Heat Addition [W],Interzone Air Transfer Heat Addition [W],Infiltration Heat Addition [W],Opaque Surface Conduction and Other Heat Addition [W],Equipment Sensible Heat Removal [W],Window Heat Removal [W],Interzone Air Transfer Heat Removal [W],Infiltration Heat Removal [W],Opaque Surface Conduction and Other Heat Removal [W]
,00MLRNOVNCEHFFCBB9J$NK,15-JAN-18:23,595.67,0.00,0.00,0.00,0.00,0.00,0.00,0.00,18.55,0.00,0.00,0.00,0.00,0.00,-0.00,0.00,-355.11,-259.11
,0ELTW7UM9DRURZ_FYFNE9W,13-JAN-06:00,1029.57,0.00,0.00,0.00,0.00,0.00,0.00,0.00,26.34,0.00,0.00,0.00,0.00,0.00,-181.32,0.00,-305.36,-569.24
,0W6NU5BRTFIQXXYMM6ILGS,15-JAN-18:23,226.05,0.00,0.00,0.00,0.00,0.00,0.00,0.00,7.23,0.00,0.00,0.00,0.00,0.00,-0.00,0.00,-138.52,-94.76
,0DIFK5T49139$QBDUCK5A9,15-JAN-11:47,733.90,0.00,0.00,0.00,0.00,0.00,25.69,17.66,0.00,0.00,0.00,0.00,0.00,0.00,-0.00,0.00,-333.68,-443.58
,0U2ZPLRHTCUWK3$YRPCZEO,31-OCT-12:04,801.53,0.00,0.00,0.00,0.00,0.00,74.35,123.92,104.09,351.75,0.00,0.00,0.00,0.00,-0.00,0.00,-579.94,-875.69
,0ZWU9FOWRDWURARHO69T83,15-JAN-11:47,755.18,0.00,0.00,0.00,0.00,0.00,25.69,17.66,0.00,0.00,0.00,0.00,0.00,0.00,-0.00,0.00,-345.18,-453.35
,11GHF5W0N9AGOUOXD7SXZM,15-JAN-18:23,696.72,0.00,0.00,0.00,0.00,0.00,0.00,0.00,26.02,0.00,0.00,0.00,0.00,0.00,-73.60,0.00,-582.00,-67.14
,17KSY6ZZ5APQ0YJPQBAX_U,19-DEC-11:09,2134.42,0.00,0.00,0.00,0.00,0.00,67.31,246.94,266.69,111.84,0.00,0.00,0.00,0.00,-0.00,0.00,-1253.09,-1574.10
,1DR$EUE41E8ECWOYLIJLIT,-,0.00,0.00,0.00,0.00,0.00,0.00,0.00,0.00,0.00,0.00,0.00,0.00,0.00,0.00,0.00,0.00,0.00,0.00
,1EYECQGPZ09F9SE6JGR55M,13-JAN-06:00,1034.09,0.00,0.00,0.00,0.00,0.00,0.00,0.00,26.39,0.00,0.00,0.00,0.00,0.00,-181.29,0.00,-305.86,-573.33
,1GOZB5TBH738163NLUZBQX,13-JAN-06:00,2008.70,0.00,0.00,0.00,0.00,0.00,0.00,0.00,15.24,0.00,0.00,0.00,0.00,0.00,-361.78,0.00,-618.42,-1043.75
,1PWTN7AMJ3OEWPOHZO42NJ,13-JAN-06:00,1298.21,0.00,0.00,0.00,0.00,0.00,0.00,0.00,25.70,0.00,0.00,0.00,0.00,0.00,-296.72,0.00,-297.97,-729.23
,1Y2RJHKTHCLXJ0TUUV9K_Z,-,0.00,0.00,0.00,0.00,0.00,0.00,0.00,0.00,0.00,0.00,0.00,0.00,0.00,0.00,0.00,0.00,0.00,0.00
,1_FGE0TIZCTRJEYZDX5WYJ,21-DEC-18:06,14094.85,0.00,0.00,0.00,0.00,0.00,0.00,0.00,269.07,0.00,0.00,0.00,0.00,0.00,-267.11,0.00,-11634.99,-2461.82
,1ADVKLHC9ALU8GQYFXFWE4,15-JAN-11:47,1300.78,0.00,0.00,0.00,0.00,0.00,52.33,35.98,0.00,0.00,0.00,0.00,0.00,0.00,-0.00,0.00,-703.15,-685.94
,1IAFH_A0X4BU_FFXOZPTRL,13-JAN-06:00,1304.01,0.00,0.00,0.00,0.00,0.00,0.00,0.00,25.70,0.00,0.00,0.00,0.00,0.00,-296.62,0.00,-297.97,-735.11
,1JORQKBDN4ZXPNFOKGQGP_,15-JAN-11:47,245.29,0.00,0.00,0.00,0.00,0.00,10.02,6.89,0.00,0.00,0.00,0.00,0.00,0.00,-0.00,0.00,-134.65,-127.55
,1LXCTPB4NESE3Q6XK6HAD5,13-JAN-06:00,1068.19,0.00,0.00,0.00,0.00,0.00,0.00,0.00,25.89,0.00,0.00,0.00,0.00,0.00,-180.85,0.00,-300.16,-613.07
,1NYUQ381R1JGTXA1VKFRZV,31-OCT-12:04,765.37,0.00,0.00,0.00,0.00,0.00,74.35,123.92,104.09,351.69,0.00,0.00,0.00,0.00,-0.00,0.00,-579.95,-839.47
,1RW1JYHZV1QBSFHPLSLVZZ,23-DEC-05:00,2289.85,0.00,0.00,0.00,0.00,0.00,0.00,0.00,22.89,0.00,0.00,0.00,0.00,0.00,-231.21,0.00,-1763.65,-317.89
,1TFYORFFD5ZX4NAJ0W62KG,13-JAN-06:00,1252.19,0.00,0.00,0.00,0.00,0.00,0.00,0.00,26.19,0.00,0.00,0.00,0.00,0.00,-297.72,0.00,-303.63,-677.03
,1WCNWD8FVEXXE6Q3YNDNHJ,15-JAN-11:47,645.43,0.00,0.00,0.00,0.00,0.00,25.69,17.66,0.00,0.00,0.00,0.00,0.00,0.00,-0.00,0.00,-345.18,-343.60
,1Y_DAPZEF9MXUPESN29HKY,13-JAN-06:00,3107.94,0.00,0.00,0.00,0.00,0.00,0.00,0.00,112.59,0.00,0.00,0.00,0.00,0.00,-539.22,0.00,-913.63,-1767.68
,24CJFLTRXBVFTECKJLT5IU,13-JAN-06:00,455.86,0.00,0.00,0.00,0.00,0.00,0.00,0.00,25.28,0.00,0.00,0.00,0.00,0.00,-0.00,0.00,-15.08,-466.06
,2CXRC190XAZUMHRLJ12ZWO,15-JAN-11:47,5097.55,0.00,0.00,0.00,0.00,0.00,200.10,137.58,0.00,0.00,0.00,0.00,0.00,0.00,-0.00,0.00,-3262.43,-2172.81
,2CBLUG4K90AFS0ULISW57$,13-JAN-06:00,597.30,0.00,0.00,0.00,0.00,0.00,0.00,0.00,4.26,0.00,0.00,0.00,0.00,0.00,-59.58,0.00,-172.98,-369.01
,2DDCZNH4P35P17ZZP0MC27,15-JAN-18:23,2053.91,0.00,0.00,0.00,0.00,0.00,0.00,0.00,113.15,0.00,0.00,0.00,0.00,0.00,-220.58,0.00,-1771.48,-175.00
,2DZYGNKTN3YUE2CQZ7IH3G,15-JAN-18:23,33.83,0.00,0.00,0.00,0.00,0.00,0.00,0.00,0.72,0.00,0.00,0.00,0.00,0.00,-0.00,0.00,-16.08,-18.46
,2JPUAUJGVCL8GZFYDEN0QZ,13-JAN-06:00,1064.79,0.00,0.00,0.00,0.00,0.00,0.00,0.00,25.89,0.00,0.00,0.00,0.00,0.00,-180.89,0.00,-300.16,-609.63
,2KFJ4GAD59TRGS$KUMPVKX,15-JAN-18:23,33.97,0.00,0.00,0.00,0.00,0.00,0.00,0.00,0.72,0.00,0.00,0.00,0.00,0.00,-0.00,0.00,-16.08,-18.60
,2KRQOVE1T90WWGJURUVFGY,13-JAN-06:00,535.79,0.00,0.00,0.00,0.00,0.00,0.00,0.00,4.37,0.00,0.00,0.00,0.00,0.00,-60.03,0.00,-177.47,-302.66
,2N5PAWURB9UXWMW6VZHKG2,13-JAN-06:00,1039.71,0.00,0.00,0.00,0.00,0.00,0.00,0.00,26.39,0.00,0.00,0.00,0.00,0.00,-181.23,0.00,-305.86,-579.01
,2U0_9NBFJ5W9HBM3YSNCGZ,-,0.00,0.00,0.00,0.00,0.00,0.00,0.00,0.00,0.00,0.00,0.00,0.00,0.00,0.00,0.00,0.00,0.00,0.00
,2Y6L$OYX55CULKWGZVG76X,15-JAN-18:23,14.04,0.00,0.00,0.00,0.00,0.00,0.00,0.00,0.47,0.00,0.00,0.00,0.00,0.00,-0.00,0.00,-10.57,-3.95
,2YUBHDOS5EZHT591INO2JZ,13-JAN-06:00,1263.71,0.00,0.00,0.00,0.00,0.00,0.00,0.00,26.24,0.00,0.00,0.00,0.00,0.00,-297.58,0.00,-304.13,-688.24
,2_MZMMWYJ2X8L5ZTTWFZQ9,15-JAN-18:23,13.53,0.00,0.00,0.00,0.00,0.00,0.00,0.00,0.47,0.00,0.00,0.00,0.00,0.00,-0.00,0.00,-10.57,-3.43
,2K9O3QILF0AQFA6KKU5HXP,13-JAN-06:00,617.29,0.00,0.00,0.00,0.00,0.00,0.00,0.00,4.37,0.00,0.00,0.00,0.00,0.00,-59.52,0.00,-177.47,-384.68
,2SQQMDRC5FSAM7Q4HEYPCN,13-JAN-06:00,399.94,0.00,0.00,0.00,0.00,0.00,0.00,0.00,4.26,0.00,0.00,0.00,0.00,0.00,-60.94,0.00,-172.98,-170.29
,2V9V9EITTC7UB9LUIJAJSI,03-JAN-06:00,680.04,0.00,0.00,0.00,0.00,0.00,0.00,0.00,26.02,0.00,0.00,0.00,0.00,0.00,-65.71,0.00,-572.07,-68.28
,38IMUKOGP559RZQPTQORMP,15-JAN-11:47,644.89,0.00,0.00,0.00,0.00,0.00,25.69,17.66,0.00,0.00,0.00,0.00,0.00,0.00,-0.00,0.00,-345.18,-343.06
,3W$07STZF4SGATGZXH6RH7,13-JAN-06:00,988.98,0.00,0.00,0.00,0.00,0.00,0.00,0.00,25.83,0.00,0.00,0.00,0.00,0.00,-301.28,0.00,-299.22,-414.31
,3WTGYEGFV57XESUBLIN6UZ,13-JAN-06:00,1057.46,0.00,0.00,0.00,0.00,0.00,0.00,0.00,25.89,0.00,0.00,0.00,0.00,0.00,-180.96,0.00,-300.16,-602.23
,3XETEHPLX2FBMDLVKG9RNX,13-JAN-06:00,987.20,0.00,0.00,0.00,0.00,0.00,0.00,0.00,25.83,0.00,0.00,0.00,0.00,0.00,-301.31,0.00,-299.22,-412.51
,3DYLJPHWXB1VOWY5LPQ8_2,13-JAN-06:00,1008.55,0.00,0.00,0.00,0.00,0.00,0.00,0.00,7.54,0.00,0.00,0.00,0.00,0.00,-181.73,0.00,-305.86,-528.50
,3G0CEO8QRFGPRRO9HYEX7V,13-JAN-06:00,455.86,0.00,0.00,0.00,0.00,0.00,0.00,0.00,25.28,0.00,0.00,0.00,0.00,0.00,-0.00,0.00,-15.08,-466.06
,3LJWLADQX638QBR_BXHA$C,23-DEC-05:00,1572.92,0.00,0.00,0.00,0.00,0.00,0.00,0.00,15.30,0.00,0.00,0.00,0.00,0.00,-125.55,0.00,-1178.59,-284.08
,0WLDSRXY1FH9RF4WA6QEKV,15-JAN-11:53,1361.44,0.00,0.00,0.00,0.00,0.00,0.00,24.47,0.00,0.00,0.00,0.00,0.00,0.00,-0.00,0.00,-893.48,-492.43
,18PU3GE41D_BHP0U$GRITO,21-DEC-18:06,199.01,0.00,0.00,0.00,0.00,0.00,0.00,0.00,0.00,0.00,0.00,0.00,0.00,0.00,-0.00,0.00,-121.79,-77.22
,1BNZZOW0D8K8AGXDQ4F75V,15-JAN-18:23,1898.66,0.00,0.00,0.00,0.00,0.00,0.00,0.00,0.00,0.00,0.00,0.00,0.00,0.00,-0.00,0.00,-1407.89,-490.77
,1CXQ0W4HL71FQ21BMWHLFZ,15-JAN-11:53,253.41,0.00,0.00,0.00,0.00,0.00,0.00,12.23,0.00,0.00,0.00,0.00,0.00,0.00,-0.00,0.00,-139.88,-125.76
,1HQZA3HET1GRLTQSI138OL,22-DEC-23:00,220.40,0.00,0.00,0.00,0.00,0.00,0.00,0.00,0.00,0.00,0.00,0.00,0.00,0.00,-0.00,0.00,-207.92,-12.49
,1KWP7HSZR8YOJWZQWUXCGM,15-JAN-18:23,220.07,0.00,0.00,0.00,0.00,0.00,0.00,0.00,0.00,0.00,0.00,0.00,0.00,0.00,-0.00,0.00,-208.47,-11.60
,1SIISADAJ75P2K126BOPWI,11-OCT-08:42,31.90,0.00,0.00,0.00,0.00,0.00,0.00,5.29,0.00,0.00,0.00,0.00,84.21,0.00,-0.00,0.00,-121.40,0.00
,2WTW_5TS12BQVVPNZ4RTZ8,15-JAN-11:53,253.92,0.00,0.00,0.00,0.00,0.00,0.00,12.24,0.00,0.00,0.00,0.00,0.00,0.00,-0.00,0.00,-140.06,-126.10
,2X$RF$7GLFZECF00IG4ZFJ,15-JAN-11:53,252.94,0.00,0.00,0.00,0.00,0.00,0.00,12.25,0.00,0.00,0.00,0.00,0.00,0.00,-0.00,0.00,-140.02,-125.17
,2UN5ECZKNBEXTUKMCA5OFF,15-JAN-18:23,217.18,0.00,0.00,0.00,0.00,0.00,0.00,0.00,0.00,0.00,0.00,0.00,0.00,0.00,-0.00,0.00,-203.79,-13.40
,303QW7ZF996EKWJLTQOLOB,22-DEC-23:00,216.35,0.00,0.00,0.00,0.00,0.00,0.00,0.00,0.00,0.00,0.00,0.00,0.00,0.00,-0.00,0.00,-201.70,-14.65
,3M_8BSRUT9JPFPUQGPEDOA,15-JAN-11:53,1518.79,0.00,0.00,0.00,0.00,0.00,0.00,24.47,0.00,0.00,0.00,0.00,0.00,0.00,-0.00,0.00,-893.47,-649.79
,3TJLMIJ$97RELEO_9TS0SD,15-JAN-11:53,254.40,0.00,0.00,0.00,0.00,0.00,0.00,12.24,0.00,0.00,0.00,0.00,0.00,0.00,-0.00,0.00,-140.06,-126.58
,Total Facility,21-DEC-18:19,57968.61,0.00,0.00,0.00,0.00,0.00,376.61,0.00,2279.22,0.00,0.00,0.00,0.00,0.00,-2678.69,0.00,-43770.71,-14175.04


----------------------------------------------------------------------------------------------------
REPORT:,Standard 62.1 Summary
FOR:,Entire Facility
System Ventilation Requirements for Cooling

,,Sum of Zone Primary Air Flow - Vpz-sum [m3/s],System Population - Ps,Sum of Zone Population - Pz-sum,Occupant Diversity - D,Uncorrected Outdoor Air Intake Airflow - Vou [m3/s],System Primary Airflow - Vps [m3/s],Average Outdoor Air Fraction - Xs,System Ventilation Efficiency - Ev,Outdoor Air Intake Flow - Vot [m3/s],Percent Outdoor Air - %OA,Environment Name of Peak System Population - Ps,Date and Time of Last Peak System Population - Ps
,None,,,,,,,,,,,,


System Ventilation Requirements for Heating

,,Sum of Zone Primary Air Flow - Vpz-sum [m3/s],System Population - Ps,Sum of Zone Population - Pz-sum,Occupant Diversity - D,Uncorrected Outdoor Air Intake Airflow - Vou [m3/s],System Primary Airflow - Vps [m3/s],Average Outdoor Air Fraction - Xs,System Ventilation Efficiency - Ev,Outdoor Air Intake Flow Vot [m3/s],Percent Outdoor Air - %OA,Environment Name of Peak System Population - Ps,Date and Time of Last Peak System Population - Ps
,None,,,,,,,,,,,,


Zone Ventilation Parameters

,,AirLoop Name,People Outdoor Air Rate - Rp [m3/s-person],Zone Population - Pz,Area Outdoor Air Rate - Ra [m3/s-m2],Zone Floor Area - Az [m2],Breathing Zone Outdoor Airflow - Vbz [m3/s],Cooling Zone Air Distribution Effectiveness - Ez-clg,Cooling Zone Outdoor Airflow - Voz-clg [m3/s],Heating Zone Air Distribution Effectiveness - Ez-htg,Heating Zone Outdoor Airflow - Voz-htg [m3/s]
,None,,,,,,,,,,


System Ventilation Parameters

,,People Outdoor Air Rate - Rp [m3/s-person],Sum of Zone Population - Pz-sum,Area Outdoor Air Rate - Ra [m3/s-m2],Sum of Zone Floor Area - Az-sum [m2],Breathing Zone Outdoor Airflow - Vbz [m3/s],Cooling Zone Outdoor Airflow - Voz-clg [m3/s],Heating Zone Outdoor Airflow - Voz-htg [m3/s]
,None,,,,,,,


Zone Ventilation Calculations for Cooling Design

,,AirLoop Name,Box Type,Zone Primary Airflow - Vpz [m3/s],Zone Discharge Airflow - Vdz [m3/s],Minimum Zone Primary Airflow - Vpz-min [m3/s],Zone Outdoor Airflow Cooling - Voz-clg [m3/s],Primary Outdoor Air Fraction - Zpz,Primary Air Fraction - Ep,Secondary Recirculation Fraction- Er,Supply Air Fraction- Fa,Mixed Air Fraction - Fb,Outdoor Air Fraction - Fc,Zone Ventilation Efficiency - Evz
,None,,,,,,,,,,,,,


System Ventilation Calculations for Cooling Design

,,Sum of Zone Primary Airflow - Vpz-sum [m3/s],System Primary Airflow - Vps [m3/s],Sum of Zone Discharge Airflow - Vdz-sum [m3/s],Sum of Min Zone Primary Airflow - Vpz-min [m3/s],Zone Outdoor Airflow Cooling - Voz-clg [m3/s],Zone Ventilation Efficiency - Evz-min
,None,,,,,,


Zone Ventilation Calculations for Heating Design

,,AirLoop Name,Box Type,Zone Primary Airflow - Vpz [m3/s],Zone Discharge Airflow - Vdz [m3/s],Minimum Zone Primary Airflow - Vpz-min [m3/s],Zone Outdoor Airflow Heating - Voz-htg [m3/s],Primary Outdoor Air Fraction - Zpz,Primary Air Fraction - Ep,Secondary Recirculation Fraction- Er,Supply Air Fraction- Fa,Mixed Air Fraction - Fb,Outdoor Air Fraction - Fc,Zone Ventilation Efficiency - Evz
,None,,,,,,,,,,,,,


System Ventilation Calculations for Heating Design

,,Sum of Zone Primary Airflow - Vpz-sum [m3/s],System Primary Airflow - Vps [m3/s],Sum of Zone Discharge Airflow - Vdz-sum [m3/s],Sum of Min Zone Primary Airflow - Vpz-min [m3/s],Zone Outdoor Airflow Heating - Voz-htg [m3/s],Zone Ventilation Efficiency - Evz-min
,None,,,,,,


----------------------------------------------------------------------------------------------------
REPORT:,LEED Summary
FOR:,Entire Facility
Sec1.1A-General Information

,,Data
,Weather File,RUN PERIOD 1 ** Aachen NW DEU ISD-TMYx WMO#=105010
,Total gross floor area [m2],2777.58
,Principal Heating Source,District Heat


EAp2-1. Space Usage Type

,,Space Area [m2],Regularly Occupied Area [m2],Unconditioned Area [m2],Typical Hours/Week in Operation [hr/wk]
,00MLRNOVNCEHFFCBB9J$NK,26.49,26.49,0.00,77.00
,0ELTW7UM9DRURZ_FYFNE9W,37.64,37.64,0.00,77.00
,0W6NU5BRTFIQXXYMM6ILGS,10.34,10.34,0.00,77.00
,0DIFK5T49139$QBDUCK5A9,26.49,26.49,0.00,168.00
,0U2ZPLRHTCUWK3$YRPCZEO,37.17,37.17,0.00,77.00
,0ZWU9FOWRDWURARHO69T83,26.49,26.49,0.00,168.00
,11GHF5W0N9AGOUOXD7SXZM,37.17,37.17,0.00,77.00
,17KSY6ZZ5APQ0YJPQBAX_U,74.08,74.08,0.00,70.00
,1DR$EUE41E8ECWOYLIJLIT,5.15,5.15,0.00,168.00
,1EYECQGPZ09F9SE6JGR55M,37.70,37.70,0.00,77.00
,1GOZB5TBH738163NLUZBQX,76.22,76.22,0.00,77.00
,1PWTN7AMJ3OEWPOHZO42NJ,36.72,36.72,0.00,77.00
,1Y2RJHKTHCLXJ0TUUV9K_Z,35.92,35.92,0.00,63.00
,1_FGE0TIZCTRJEYZDX5WYJ,672.68,672.68,0.00,77.00
,1ADVKLHC9ALU8GQYFXFWE4,53.97,53.97,0.00,168.00
,1IAFH_A0X4BU_FFXOZPTRL,36.72,36.72,0.00,77.00
,1JORQKBDN4ZXPNFOKGQGP_,10.34,10.34,0.00,168.00
,1LXCTPB4NESE3Q6XK6HAD5,36.99,36.99,0.00,77.00
,1NYUQ381R1JGTXA1VKFRZV,37.17,37.17,0.00,77.00
,1RW1JYHZV1QBSFHPLSLVZZ,114.46,114.46,0.00,49.00
,1TFYORFFD5ZX4NAJ0W62KG,37.42,37.42,0.00,77.00
,1WCNWD8FVEXXE6Q3YNDNHJ,26.49,26.49,0.00,168.00
,1Y_DAPZEF9MXUPESN29HKY,112.59,112.59,0.00,77.00
,24CJFLTRXBVFTECKJLT5IU,36.11,36.11,0.00,77.00
,2CXRC190XAZUMHRLJ12ZWO,206.37,206.37,0.00,168.00
,2CBLUG4K90AFS0ULISW57$,21.31,21.31,0.00,77.00
,2DDCZNH4P35P17ZZP0MC27,113.15,113.15,0.00,77.00
,2DZYGNKTN3YUE2CQZ7IH3G,1.02,1.02,0.00,77.00
,2JPUAUJGVCL8GZFYDEN0QZ,36.99,36.99,0.00,77.00
,2KFJ4GAD59TRGS$KUMPVKX,1.02,1.02,0.00,77.00
,2KRQOVE1T90WWGJURUVFGY,21.87,21.87,0.00,77.00
,2N5PAWURB9UXWMW6VZHKG2,37.70,37.70,0.00,77.00
,2U0_9NBFJ5W9HBM3YSNCGZ,5.15,5.15,0.00,168.00
,2Y6L$OYX55CULKWGZVG76X,0.67,0.67,0.00,77.00
,2YUBHDOS5EZHT591INO2JZ,37.48,37.48,0.00,77.00
,2_MZMMWYJ2X8L5ZTTWFZQ9,0.67,0.67,0.00,77.00
,2K9O3QILF0AQFA6KKU5HXP,21.87,21.87,0.00,77.00
,2SQQMDRC5FSAM7Q4HEYPCN,21.31,21.31,0.00,77.00
,2V9V9EITTC7UB9LUIJAJSI,37.17,37.17,0.00,77.00
,38IMUKOGP559RZQPTQORMP,26.49,26.49,0.00,168.00
,3W$07STZF4SGATGZXH6RH7,36.90,36.90,0.00,77.00
,3WTGYEGFV57XESUBLIN6UZ,36.99,36.99,0.00,77.00
,3XETEHPLX2FBMDLVKG9RNX,36.90,36.90,0.00,77.00
,3DYLJPHWXB1VOWY5LPQ8_2,37.70,37.70,0.00,77.00
,3G0CEO8QRFGPRRO9HYEX7V,36.11,36.11,0.00,77.00
,3LJWLADQX638QBR_BXHA$C,76.49,76.49,0.00,77.00
,0WLDSRXY1FH9RF4WA6QEKV,36.71,36.71,0.00,0.00
,18PU3GE41D_BHP0U$GRITO,7.93,7.93,0.00,0.00
,1BNZZOW0D8K8AGXDQ4F75V,105.04,105.04,0.00,0.00
,1CXQ0W4HL71FQ21BMWHLFZ,9.17,9.17,0.00,0.00
,1HQZA3HET1GRLTQSI138OL,13.36,13.36,0.00,0.00
,1KWP7HSZR8YOJWZQWUXCGM,13.30,13.30,0.00,0.00
,1SIISADAJ75P2K126BOPWI,7.93,7.93,0.00,0.00
,2WTW_5TS12BQVVPNZ4RTZ8,9.18,9.18,0.00,0.00
,2X$RF$7GLFZECF00IG4ZFJ,9.19,9.19,0.00,0.00
,2UN5ECZKNBEXTUKMCA5OFF,13.02,13.02,0.00,0.00
,303QW7ZF996EKWJLTQOLOB,12.95,12.95,0.00,0.00
,3M_8BSRUT9JPFPUQGPEDOA,36.71,36.71,0.00,0.00
,3TJLMIJ$97RELEO_9TS0SD,9.18,9.18,0.00,0.00
,Totals,2777.58,2777.58,0.00,


EAp2-2. Advisory Messages

,,Data
,Number of hours heating loads not met,0.00
,Number of hours cooling loads not met,8760.00
,Number of hours not met,8760.00


EAp2-3. Energy Type Summary

,,Utility Rate,Virtual Rate [$/unit energy],Units of Energy,Units of Demand
,None,,,,


EAp2-4/5. Performance Rating Method Compliance

,,Electricity Energy Use [kWh],Electricity Demand [W],Natural Gas Energy Use [kWh],Natural Gas Demand [W],Gasoline Use [kWh],Gasoline Demand [W],Diesel Use [kWh],Diesel Demand [W],Coal Use [kWh],Coal Demand [W],Fuel Oil No 1 Use [kWh],Fuel Oil No 1 Demand [W],Fuel Oil No 2 Use [kWh],Fuel Oil No 2 Demand [W],Propane Use [kWh],Propane Demand [W],Other Fuel 1 Use [kWh],Other Fuel 1 Demand [W],Other Fuel 2 Use [kWh],Other Fuel 2 Demand [W],District Cooling Use [kWh],District Cooling Demand [W],District Heating Use [kWh],District Heating Demand [W]
,Heating -- General,0.00,0.00,0.00,0.00,0.00,0.00,0.00,0.00,0.00,0.00,0.00,0.00,0.00,0.00,0.00,0.00,0.00,0.00,0.00,0.00,0.00,0.00,162012.78,57950.38
,Cooling -- General,0.00,0.00,0.00,0.00,0.00,0.00,0.00,0.00,0.00,0.00,0.00,0.00,0.00,0.00,0.00,0.00,0.00,0.00,0.00,0.00,0.00,0.00,0.00,0.00
,Interior Lighting -- General,28064.64,6407.45,0.00,0.00,0.00,0.00,0.00,0.00,0.00,0.00,0.00,0.00,0.00,0.00,0.00,0.00,0.00,0.00,0.00,0.00,0.00,0.00,0.00,0.00
,Exterior Lighting -- Not Subdivided,0.00,0.00,0.00,0.00,0.00,0.00,0.00,0.00,0.00,0.00,0.00,0.00,0.00,0.00,0.00,0.00,0.00,0.00,0.00,0.00,0.00,0.00,0.00,0.00
,Interior Equipment -- General,54955.12,20720.80,0.00,0.00,0.00,0.00,0.00,0.00,0.00,0.00,0.00,0.00,0.00,0.00,0.00,0.00,0.00,0.00,0.00,0.00,0.00,0.00,0.00,0.00
,Exterior Equipment -- Not Subdivided,0.00,0.00,0.00,0.00,0.00,0.00,0.00,0.00,0.00,0.00,0.00,0.00,0.00,0.00,0.00,0.00,0.00,0.00,0.00,0.00,0.00,0.00,0.00,0.00
,Fans -- Ventilation (simple),0.00,0.00,0.00,0.00,0.00,0.00,0.00,0.00,0.00,0.00,0.00,0.00,0.00,0.00,0.00,0.00,0.00,0.00,0.00,0.00,0.00,0.00,0.00,0.00
,Pumps -- Not Subdivided,0.00,0.00,0.00,0.00,0.00,0.00,0.00,0.00,0.00,0.00,0.00,0.00,0.00,0.00,0.00,0.00,0.00,0.00,0.00,0.00,0.00,0.00,0.00,0.00
,Heat Rejection -- Not Subdivided,0.00,0.00,0.00,0.00,0.00,0.00,0.00,0.00,0.00,0.00,0.00,0.00,0.00,0.00,0.00,0.00,0.00,0.00,0.00,0.00,0.00,0.00,0.00,0.00
,Humidification -- Not Subdivided,0.00,0.00,0.00,0.00,0.00,0.00,0.00,0.00,0.00,0.00,0.00,0.00,0.00,0.00,0.00,0.00,0.00,0.00,0.00,0.00,0.00,0.00,0.00,0.00
,Heat Recovery -- Not Subdivided,0.00,0.00,0.00,0.00,0.00,0.00,0.00,0.00,0.00,0.00,0.00,0.00,0.00,0.00,0.00,0.00,0.00,0.00,0.00,0.00,0.00,0.00,0.00,0.00
,Water Systems -- Not Subdivided,0.00,0.00,0.00,0.00,0.00,0.00,0.00,0.00,0.00,0.00,0.00,0.00,0.00,0.00,0.00,0.00,0.00,0.00,0.00,0.00,0.00,0.00,0.00,0.00
,Refrigeration -- Not Subdivided,0.00,0.00,0.00,0.00,0.00,0.00,0.00,0.00,0.00,0.00,0.00,0.00,0.00,0.00,0.00,0.00,0.00,0.00,0.00,0.00,0.00,0.00,0.00,0.00
,Generators -- General,0.00,0.00,0.00,0.00,0.00,0.00,0.00,0.00,0.00,0.00,0.00,0.00,0.00,0.00,0.00,0.00,0.00,0.00,0.00,0.00,0.00,0.00,0.00,0.00


EAp2-6. Energy Use Summary

,,Process Subtotal [kWh],Total Energy Use [kWh]
,Electricity,54955.12,83019.76
,Natural Gas,0.00,0.00
,Additional,0.00,162012.78
,Total,54955.12,245032.53


EAp2-7. Energy Cost Summary

,,Process Subtotal [$],Total Energy Cost [$]
,Electricity,0.00,
,Natural Gas,0.00,
,Additional,0.00,
,Total,0.00,
Process energy cost based on ratio of process to total energy.


L-1. Renewable Energy Source Summary

,,Rated Capacity [kW],Annual Energy Generated [kWh]
,Photovoltaic,0.00,0.00
,Wind,0.00,0.00


EAp2-17a. Energy Use Intensity - Electricity

,,Electricty [kWh/m2]
,Interior Lighting (All),10.10
,Space Heating,0.00
,Space Cooling,0.00
,Fans (All),0.00
,Service Water Heating,0.00
,Receptacle Equipment,19.79
,Miscellaneous (All),29.89
,Subtotal,29.89


EAp2-17b. Energy Use Intensity - Natural Gas

,,Natural Gas [kWh/m2]
,Space Heating,0.00
,Service Water Heating,0.00
,Miscellaneous (All),0.00
,Subtotal,0.00


EAp2-17c. Energy Use Intensity - Additional

,,Additional [kWh/m2]
,Subtotal,0.00
,Miscellaneous,0.00


EAp2-18. End Use Percentage

,,Percent [%]
,Interior Lighting (All),11.45
,Space Heating,66.12
,Space Cooling,0.00
,Fans (All),0.00
,Service Water Heating,0.00
,Receptacle Equipment,22.43
,Miscellaneous,0.00


Schedules-Equivalent Full Load Hours (Schedule Type=Fraction)

,,Equivalent Full Load Hours of Operation Per Year [hr],Hours > 1% [hr]
,SCHEDULE PEOPLE SINGLE OFFICE,2190.,4015.
,SCHEDULE EQUIPMENT SINGLE OFFICE,2665.,8760.
,SCHEDULE LIGHTING SINGLE OFFICE,4380.,4380.
,SCHEDULE PEOPLE GROUP OFFICE (BETWEEN 2 AND 6 EMPLOYEES),2190.,4015.
,SCHEDULE EQUIPMENT GROUP OFFICE (BETWEEN 2 AND 6 EMPLOYEES),2665.,8760.
,SCHEDULE LIGHTING GROUP OFFICE (BETWEEN 2 AND 6 EMPLOYEES),4380.,4380.
,SCHEDULE PEOPLE STOCK TECHNICAL EQUIPMENT ARCHIVES,5183.,8760.
,SCHEDULE EQUIPMENT STOCK TECHNICAL EQUIPMENT ARCHIVES,5183.,8760.
,SCHEDULE LIGHTING STOCK TECHNICAL EQUIPMENT ARCHIVES,4380.,4380.
,SCHEDULE PEOPLE TRAFFIC AREA,2190.,4015.
,SCHEDULE EQUIPMENT TRAFFIC AREA,2665.,8760.
,SCHEDULE LIGHTING TRAFFIC AREA,4380.,4380.
,SCHEDULE PEOPLE LABORATORY,2190.,3650.
,SCHEDULE EQUIPMENT LABORATORY,2701.,8760.
,SCHEDULE LIGHTING LABORATORY,4380.,4380.
,SCHEDULE PEOPLE WC AND SANITARY ROOMS IN NON-RESIDENTIAL BUILDINGS,2190.,4015.
,SCHEDULE EQUIPMENT WC AND SANITARY ROOMS IN NON-RESIDENTIAL BUILDINGS,2665.,8760.
,SCHEDULE LIGHTING WC AND SANITARY ROOMS IN NON-RESIDENTIAL BUILDINGS,4380.,4380.
,SCHEDULE PEOPLE STOREHOUSE LOGISTICS BUILDING,5183.,8760.
,SCHEDULE EQUIPMENT STOREHOUSE LOGISTICS BUILDING,5183.,8760.
,SCHEDULE LIGHTING STOREHOUSE LOGISTICS BUILDING,4380.,4380.
,SCHEDULE PEOPLE MEETING CONFERENCE SEMINAR,2190.,4015.
,SCHEDULE EQUIPMENT MEETING CONFERENCE SEMINAR,2117.,8760.
,SCHEDULE LIGHTING MEETING CONFERENCE SEMINAR,4380.,4380.
,SCHEDULE PEOPLE KITCHEN IN NON-RESIDENTIAL BUILDINGS,1825.,3285.
,SCHEDULE EQUIPMENT KITCHEN IN NON-RESIDENTIAL BUILDINGS,2226.,8760.
,SCHEDULE LIGHTING KITCHEN IN NON-RESIDENTIAL BUILDINGS,4380.,4380.
,SCHEDULE PEOPLE MAIN HALL RECEPTION,2190.,4015.
,SCHEDULE EQUIPMENT MAIN HALL RECEPTION,2665.,8760.
,SCHEDULE LIGHTING MAIN HALL RECEPTION,4380.,4380.
,SCHEDULE PEOPLE CANTEEN,1095.,2555.
,SCHEDULE EQUIPMENT CANTEEN,2409.,8760.
,SCHEDULE LIGHTING CANTEEN,4380.,4380.
,SCHEDULE PEOPLE OPEN-PLAN OFFICE (7 OR MORE EMPLOYEES),2190.,4015.
,SCHEDULE EQUIPMENT OPEN-PLAN OFFICE (7 OR MORE EMPLOYEES),2336.,8760.
,SCHEDULE LIGHTING OPEN-PLAN OFFICE (7 OR MORE EMPLOYEES),4380.,4380.
,DAYTIME VENTILATION,3234.,3234.
,INTERMITTENT,3650.,3650.
,MAXIMUM OUTSIDE AIR,8760.,8760.
,MINIMUM OUTSIDE AIR,1064.,8760.
,ON,8760.,8760.
,VAV MINIMUM AIR FRACTION,876.,8760.
,ASSEMBLY LIGHTING,3343.,5527.
,ASSEMBLY OCCUPANCY,2430.,5475.
,ASSEMBLY SWH,307.,2608.
,HEALTH LIGHTING,3136.,8760.
,HEALTH OCCUPANCY,2437.,4955.
,HEALTH SWH,2387.,8760.
,HOTEL LIGHTING,3061.,8760.
,HOTEL OCCUPANCY,5027.,8760.
,HOTEL SWH,3301.,8760.
,MANUFACTURING LIGHTING,2922.,8760.
,MANUFACTURING OCCUPANCY,2536.,5998.
,MANUFACTURING SWH,1594.,8760.
,MULTIFAMILY SWH,2428.,8760.
,MULTIFAMILY ONEZONE EQUIPMENT,3639.,8760.
,MULTIFAMILY ONEZONE LIGHTING,2299.,2555.
,MULTIFAMILY ONEZONE OCCUPANCY,4292.,8760.
,MULTIFAMILY TWOZONEBEDROOM EQUIPMENT,456.,8760.
,MULTIFAMILY TWOZONEBEDROOM LIGHTING,1183.,2555.
,MULTIFAMILY TWOZONEBEDROOM OCCUPANCY,2493.,4745.
,MULTIFAMILY TWOZONEOTHERROOMS EQUIPMENT,3216.,8760.
,MULTIFAMILY TWOZONEOTHERROOMS LIGHTING,1179.,2555.
,MULTIFAMILY TWOZONEOTHERROOMS OCCUPANCY,1781.,5840.
,OFFICE LIGHTING,2948.,8760.
,OFFICE OCCUPANCY,2536.,5998.
,OFFICE SWH,1594.,8760.
,RESTAURANT LIGHTING,5087.,8760.
,RESTAURANT OCCUPANCY,2594..,7040.
,RESTAURANT SWH,2767.,7040.
,RETAIL LIGHTING,3695.,8760.
,RETAIL OCCUPANCY,2415.,4954.
,RETAIL SWH,2325.,8760.
,SCHOOL LIGHTING,2616.,8760.
,SCHOOL OCCUPANCY,1879.,4175.
,SCHOOL SWH,1888.,8760.
,WAREHOUSE LIGHTING,2487.,8760.
,WAREHOUSE OCCUPANCY,1837.,3026.
,WAREHOUSE SWH,1194.,8760.


Schedules-SetPoints (Schedule Type=Temperature)

,,First Object Used,Month Assumed,11am First Wednesday [C],Days with Same 11am Value,11pm First Wednesday [C],Days with Same 11pm Value
,SCHEDULE HEATING SINGLE OFFICE,STATS SINGLE OFFICE DUAL SP CONTROL,January,21.00,365,21.00,365
,SCHEDULE COOLING SINGLE OFFICE,STATS SINGLE OFFICE DUAL SP CONTROL,July,21.00,365,21.00,365
,SCHEDULE HEATING GROUP OFFICE (BETWEEN 2 AND 6 EMPLOYEES),STATS GROUP OFFICE (BETWEEN 2 AND 6 EMPLOYEES) DUAL SP CONTROL,January,21.00,365,21.00,365
,SCHEDULE COOLING GROUP OFFICE (BETWEEN 2 AND 6 EMPLOYEES),STATS GROUP OFFICE (BETWEEN 2 AND 6 EMPLOYEES) DUAL SP CONTROL,July,21.00,365,21.00,365
,SCHEDULE HEATING STOCK TECHNICAL EQUIPMENT ARCHIVES,STATS STOCK TECHNICAL EQUIPMENT ARCHIVES DUAL SP CONTROL,January,21.00,365,21.00,365
,SCHEDULE COOLING STOCK TECHNICAL EQUIPMENT ARCHIVES,STATS STOCK TECHNICAL EQUIPMENT ARCHIVES DUAL SP CONTROL,July,21.00,365,21.00,365
,SCHEDULE HEATING TRAFFIC AREA,STATS TRAFFIC AREA DUAL SP CONTROL,January,21.00,365,21.00,365
,SCHEDULE COOLING TRAFFIC AREA,STATS TRAFFIC AREA DUAL SP CONTROL,July,21.00,365,21.00,365
,SCHEDULE HEATING LABORATORY,STATS LABORATORY DUAL SP CONTROL,January,22.00,365,22.00,365
,SCHEDULE COOLING LABORATORY,STATS LABORATORY DUAL SP CONTROL,July,22.00,365,22.00,365
,SCHEDULE HEATING WC AND SANITARY ROOMS IN NON-RESIDENTIAL BUILDINGS,STATS WC AND SANITARY ROOMS IN NON-RESIDENTIAL BUILDINGS DUAL SP CONTROL,January,21.00,365,21.00,365
,SCHEDULE COOLING WC AND SANITARY ROOMS IN NON-RESIDENTIAL BUILDINGS,STATS WC AND SANITARY ROOMS IN NON-RESIDENTIAL BUILDINGS DUAL SP CONTROL,July,21.00,365,21.00,365
,SCHEDULE HEATING STOREHOUSE LOGISTICS BUILDING,STATS STOREHOUSE LOGISTICS BUILDING DUAL SP CONTROL,January,12.00,365,12.00,365
,SCHEDULE COOLING STOREHOUSE LOGISTICS BUILDING,STATS STOREHOUSE LOGISTICS BUILDING DUAL SP CONTROL,July,12.00,365,12.00,365
,SCHEDULE HEATING MEETING CONFERENCE SEMINAR,STATS MEETING CONFERENCE SEMINAR DUAL SP CONTROL,January,21.00,365,21.00,365
,SCHEDULE COOLING MEETING CONFERENCE SEMINAR,STATS MEETING CONFERENCE SEMINAR DUAL SP CONTROL,July,21.00,365,21.00,365
,SCHEDULE HEATING KITCHEN IN NON-RESIDENTIAL BUILDINGS,STATS KITCHEN IN NON-RESIDENTIAL BUILDINGS DUAL SP CONTROL,January,21.00,365,21.00,365
,SCHEDULE COOLING KITCHEN IN NON-RESIDENTIAL BUILDINGS,STATS KITCHEN IN NON-RESIDENTIAL BUILDINGS DUAL SP CONTROL,July,21.00,365,21.00,365
,SCHEDULE HEATING MAIN HALL RECEPTION,STATS MAIN HALL RECEPTION DUAL SP CONTROL,January,21.00,365,21.00,365
,SCHEDULE COOLING MAIN HALL RECEPTION,STATS MAIN HALL RECEPTION DUAL SP CONTROL,July,21.00,365,21.00,365
,SCHEDULE HEATING CANTEEN,STATS CANTEEN DUAL SP CONTROL,January,21.00,365,21.00,365
,SCHEDULE COOLING CANTEEN,STATS CANTEEN DUAL SP CONTROL,July,21.00,365,21.00,365
,SCHEDULE HEATING OPEN-PLAN OFFICE (7 OR MORE EMPLOYEES),STATS OPEN-PLAN OFFICE (7 OR MORE EMPLOYEES) DUAL SP CONTROL,January,21.00,365,21.00,365
,SCHEDULE COOLING OPEN-PLAN OFFICE (7 OR MORE EMPLOYEES),STATS OPEN-PLAN OFFICE (7 OR MORE EMPLOYEES) DUAL SP CONTROL,July,21.00,365,21.00,365


----------------------------------------------------------------------------------------------------
REPORT:,Annual Thermal Resilience Summary
FOR:,Entire Facility
Heat Index Hours

,,Safe (≤ 26.7°C) [hr],Caution (> 26.7, ≤ 32.2°C) [hr],Extreme Caution (> 32.2, ≤ 39.4°C) [hr],Danger (> 39.4, ≤ 51.7°C) [hr],Extreme Danger (> 51.7°C) [hr]
,00MLRNOVNCEHFFCBB9J$NK,8760.00,0.00,0.00,0.00,0.00
,0ELTW7UM9DRURZ_FYFNE9W,8440.00,320.00,0.00,0.00,0.00
,0W6NU5BRTFIQXXYMM6ILGS,8760.00,0.00,0.00,0.00,0.00
,0DIFK5T49139$QBDUCK5A9,8760.00,0.00,0.00,0.00,0.00
,0U2ZPLRHTCUWK3$YRPCZEO,8673.50,86.50,0.00,0.00,0.00
,0ZWU9FOWRDWURARHO69T83,8760.00,0.00,0.00,0.00,0.00
,11GHF5W0N9AGOUOXD7SXZM,8677.50,82.50,0.00,0.00,0.00
,17KSY6ZZ5APQ0YJPQBAX_U,8503.00,257.00,0.00,0.00,0.00
,1DR$EUE41E8ECWOYLIJLIT,8760.00,0.00,0.00,0.00,0.00
,1EYECQGPZ09F9SE6JGR55M,8385.50,374.50,0.00,0.00,0.00
,1GOZB5TBH738163NLUZBQX,8372.50,387.50,0.00,0.00,0.00
,1PWTN7AMJ3OEWPOHZO42NJ,8457.75,302.25,0.00,0.00,0.00
,1Y2RJHKTHCLXJ0TUUV9K_Z,0.00,1443.75,4110.00,1476.50,1729.75
,1_FGE0TIZCTRJEYZDX5WYJ,8728.50,31.50,0.00,0.00,0.00
,1ADVKLHC9ALU8GQYFXFWE4,8760.00,0.00,0.00,0.00,0.00
,1IAFH_A0X4BU_FFXOZPTRL,8476.50,283.50,0.00,0.00,0.00
,1JORQKBDN4ZXPNFOKGQGP_,8760.00,0.00,0.00,0.00,0.00
,1LXCTPB4NESE3Q6XK6HAD5,8668.25,91.75,0.00,0.00,0.00
,1NYUQ381R1JGTXA1VKFRZV,8674.00,86.00,0.00,0.00,0.00
,1RW1JYHZV1QBSFHPLSLVZZ,8323.00,437.00,0.00,0.00,0.00
,1TFYORFFD5ZX4NAJ0W62KG,7724.00,1024.25,11.75,0.00,0.00
,1WCNWD8FVEXXE6Q3YNDNHJ,8760.00,0.00,0.00,0.00,0.00
,1Y_DAPZEF9MXUPESN29HKY,8657.25,102.75,0.00,0.00,0.00
,24CJFLTRXBVFTECKJLT5IU,7727.75,1019.75,12.50,0.00,0.00
,2CXRC190XAZUMHRLJ12ZWO,8760.00,0.00,0.00,0.00,0.00
,2CBLUG4K90AFS0ULISW57$,8577.00,183.00,0.00,0.00,0.00
,2DDCZNH4P35P17ZZP0MC27,8657.25,102.75,0.00,0.00,0.00
,2DZYGNKTN3YUE2CQZ7IH3G,8760.00,0.00,0.00,0.00,0.00
,2JPUAUJGVCL8GZFYDEN0QZ,8673.25,86.75,0.00,0.00,0.00
,2KFJ4GAD59TRGS$KUMPVKX,8760.00,0.00,0.00,0.00,0.00
,2KRQOVE1T90WWGJURUVFGY,8561.50,198.50,0.00,0.00,0.00
,2N5PAWURB9UXWMW6VZHKG2,8358.50,401.50,0.00,0.00,0.00
,2U0_9NBFJ5W9HBM3YSNCGZ,8760.00,0.00,0.00,0.00,0.00
,2Y6L$OYX55CULKWGZVG76X,8760.00,0.00,0.00,0.00,0.00
,2YUBHDOS5EZHT591INO2JZ,7950.75,809.25,0.00,0.00,0.00
,2_MZMMWYJ2X8L5ZTTWFZQ9,8760.00,0.00,0.00,0.00,0.00
,2K9O3QILF0AQFA6KKU5HXP,8612.00,148.00,0.00,0.00,0.00
,2SQQMDRC5FSAM7Q4HEYPCN,8427.00,333.00,0.00,0.00,0.00
,2V9V9EITTC7UB9LUIJAJSI,8683.50,76.50,0.00,0.00,0.00
,38IMUKOGP559RZQPTQORMP,8760.00,0.00,0.00,0.00,0.00
,3W$07STZF4SGATGZXH6RH7,8584.75,175.25,0.00,0.00,0.00
,3WTGYEGFV57XESUBLIN6UZ,8671.50,88.50,0.00,0.00,0.00
,3XETEHPLX2FBMDLVKG9RNX,8579.75,180.25,0.00,0.00,0.00
,3DYLJPHWXB1VOWY5LPQ8_2,8414.75,345.25,0.00,0.00,0.00
,3G0CEO8QRFGPRRO9HYEX7V,7727.75,1019.75,12.50,0.00,0.00
,3LJWLADQX638QBR_BXHA$C,8470.00,290.00,0.00,0.00,0.00
,0WLDSRXY1FH9RF4WA6QEKV,8760.00,0.00,0.00,0.00,0.00
,18PU3GE41D_BHP0U$GRITO,8760.00,0.00,0.00,0.00,0.00
,1BNZZOW0D8K8AGXDQ4F75V,8760.00,0.00,0.00,0.00,0.00
,1CXQ0W4HL71FQ21BMWHLFZ,8760.00,0.00,0.00,0.00,0.00
,1HQZA3HET1GRLTQSI138OL,8760.00,0.00,0.00,0.00,0.00
,1KWP7HSZR8YOJWZQWUXCGM,8760.00,0.00,0.00,0.00,0.00
,1SIISADAJ75P2K126BOPWI,8730.75,29.25,0.00,0.00,0.00
,2WTW_5TS12BQVVPNZ4RTZ8,8760.00,0.00,0.00,0.00,0.00
,2X$RF$7GLFZECF00IG4ZFJ,8760.00,0.00,0.00,0.00,0.00
,2UN5ECZKNBEXTUKMCA5OFF,8760.00,0.00,0.00,0.00,0.00
,303QW7ZF996EKWJLTQOLOB,8760.00,0.00,0.00,0.00,0.00
,3M_8BSRUT9JPFPUQGPEDOA,8760.00,0.00,0.00,0.00,0.00
,3TJLMIJ$97RELEO_9TS0SD,8760.00,0.00,0.00,0.00,0.00
,Min,0.00,0.00,0.00,0.00,0.00
,Max,8760.00,1443.75,4110.00,1476.50,1729.75
,Average,8452.36,183.02,70.28,25.03,29.32
,Sum,498689.00,10798.00,4146.75,1476.50,1729.75


Heat Index OccupantHours

,,Safe (≤ 26.7°C) [hr],Caution (> 26.7, ≤ 32.2°C) [hr],Extreme Caution (> 32.2, ≤ 39.4°C) [hr],Danger (> 39.4, ≤ 51.7°C) [hr],Extreme Danger (> 51.7°C) [hr]
,00MLRNOVNCEHFFCBB9J$NK,2190.00,0.00,0.00,0.00,0.00
,0ELTW7UM9DRURZ_FYFNE9W,4383.75,361.25,0.00,0.00,0.00
,0W6NU5BRTFIQXXYMM6ILGS,0.00,0.00,0.00,0.00,0.00
,0DIFK5T49139$QBDUCK5A9,0.00,0.00,0.00,0.00,0.00
,0U2ZPLRHTCUWK3$YRPCZEO,4640.25,104.75,0.00,0.00,0.00
,0ZWU9FOWRDWURARHO69T83,0.00,0.00,0.00,0.00,0.00
,11GHF5W0N9AGOUOXD7SXZM,4647.25,97.75,0.00,0.00,0.00
,17KSY6ZZ5APQ0YJPQBAX_U,6704.00,596.00,0.00,0.00,0.00
,1DR$EUE41E8ECWOYLIJLIT,0.00,0.00,0.00,0.00,0.00
,1EYECQGPZ09F9SE6JGR55M,4330.25,414.75,0.00,0.00,0.00
,1GOZB5TBH738163NLUZBQX,49638.75,5111.25,0.00,0.00,0.00
,1PWTN7AMJ3OEWPOHZO42NJ,4455.25,289.75,0.00,0.00,0.00
,1Y2RJHKTHCLXJ0TUUV9K_Z,0.00,266.00,4450.25,6191.00,20117.75
,1_FGE0TIZCTRJEYZDX5WYJ,119605.75,844.25,0.00,0.00,0.00
,1ADVKLHC9ALU8GQYFXFWE4,4015.00,0.00,0.00,0.00,0.00
,1IAFH_A0X4BU_FFXOZPTRL,4414.75,330.25,0.00,0.00,0.00
,1JORQKBDN4ZXPNFOKGQGP_,0.00,0.00,0.00,0.00,0.00
,1LXCTPB4NESE3Q6XK6HAD5,4633.50,111.50,0.00,0.00,0.00
,1NYUQ381R1JGTXA1VKFRZV,4640.75,104.25,0.00,0.00,0.00
,1RW1JYHZV1QBSFHPLSLVZZ,54978.00,5977.00,0.00,0.00,0.00
,1TFYORFFD5ZX4NAJ0W62KG,3848.25,880.00,16.75,0.00,0.00
,1WCNWD8FVEXXE6Q3YNDNHJ,0.00,0.00,0.00,0.00,0.00
,1Y_DAPZEF9MXUPESN29HKY,22745.25,614.75,0.00,0.00,0.00
,24CJFLTRXBVFTECKJLT5IU,3770.00,950.75,24.25,0.00,0.00
,2CXRC190XAZUMHRLJ12ZWO,24820.00,0.00,0.00,0.00,0.00
,2CBLUG4K90AFS0ULISW57$,12536.00,604.00,0.00,0.00,0.00
,2DDCZNH4P35P17ZZP0MC27,22758.25,601.75,0.00,0.00,0.00
,2DZYGNKTN3YUE2CQZ7IH3G,0.00,0.00,0.00,0.00,0.00
,2JPUAUJGVCL8GZFYDEN0QZ,4639.25,105.75,0.00,0.00,0.00
,2KFJ4GAD59TRGS$KUMPVKX,0.00,0.00,0.00,0.00,0.00
,2KRQOVE1T90WWGJURUVFGY,12590.25,549.75,0.00,0.00,0.00
,2N5PAWURB9UXWMW6VZHKG2,4305.50,439.50,0.00,0.00,0.00
,2U0_9NBFJ5W9HBM3YSNCGZ,0.00,0.00,0.00,0.00,0.00
,2Y6L$OYX55CULKWGZVG76X,0.00,0.00,0.00,0.00,0.00
,2YUBHDOS5EZHT591INO2JZ,3898.00,847.00,0.00,0.00,0.00
,2_MZMMWYJ2X8L5ZTTWFZQ9,0.00,0.00,0.00,0.00,0.00
,2K9O3QILF0AQFA6KKU5HXP,12647.25,492.75,0.00,0.00,0.00
,2SQQMDRC5FSAM7Q4HEYPCN,12302.00,838.00,0.00,0.00,0.00
,2V9V9EITTC7UB9LUIJAJSI,4653.50,91.50,0.00,0.00,0.00
,38IMUKOGP559RZQPTQORMP,0.00,0.00,0.00,0.00,0.00
,3W$07STZF4SGATGZXH6RH7,4532.75,212.25,0.00,0.00,0.00
,3WTGYEGFV57XESUBLIN6UZ,4636.75,108.25,0.00,0.00,0.00
,3XETEHPLX2FBMDLVKG9RNX,4566.75,178.25,0.00,0.00,0.00
,3DYLJPHWXB1VOWY5LPQ8_2,24420.00,2225.00,0.00,0.00,0.00
,3G0CEO8QRFGPRRO9HYEX7V,3770.00,950.75,24.25,0.00,0.00
,3LJWLADQX638QBR_BXHA$C,50697.50,4052.50,0.00,0.00,0.00
,0WLDSRXY1FH9RF4WA6QEKV,0.00,0.00,0.00,0.00,0.00
,18PU3GE41D_BHP0U$GRITO,0.00,0.00,0.00,0.00,0.00
,1BNZZOW0D8K8AGXDQ4F75V,0.00,0.00,0.00,0.00,0.00
,1CXQ0W4HL71FQ21BMWHLFZ,0.00,0.00,0.00,0.00,0.00
,1HQZA3HET1GRLTQSI138OL,0.00,0.00,0.00,0.00,0.00
,1KWP7HSZR8YOJWZQWUXCGM,0.00,0.00,0.00,0.00,0.00
,1SIISADAJ75P2K126BOPWI,0.00,0.00,0.00,0.00,0.00
,2WTW_5TS12BQVVPNZ4RTZ8,0.00,0.00,0.00,0.00,0.00
,2X$RF$7GLFZECF00IG4ZFJ,0.00,0.00,0.00,0.00,0.00
,2UN5ECZKNBEXTUKMCA5OFF,0.00,0.00,0.00,0.00,0.00
,303QW7ZF996EKWJLTQOLOB,0.00,0.00,0.00,0.00,0.00
,3M_8BSRUT9JPFPUQGPEDOA,0.00,0.00,0.00,0.00,0.00
,3TJLMIJ$97RELEO_9TS0SD,0.00,0.00,0.00,0.00,0.00
,Min,0.00,0.00,0.00,0.00,0.00
,Max,119605.75,5977.00,4450.25,6191.00,20117.75
,Average,8668.04,497.48,76.53,104.93,340.98
,Sum,511414.50,29351.25,4515.50,6191.00,20117.75


Humidex Hours

,,Little to no Discomfort (≤ 29) [hr],Some Discomfort (> 29, ≤ 40) [hr],Great Discomfort; Avoid Exertion (> 40, ≤ 45) [hr],Dangerous (> 45, ≤ 50) [hr],Heat Stroke Quite Possible (> 50) [hr]
,00MLRNOVNCEHFFCBB9J$NK,8709.50,50.50,0.00,0.00,0.00
,0ELTW7UM9DRURZ_FYFNE9W,8245.00,515.00,0.00,0.00,0.00
,0W6NU5BRTFIQXXYMM6ILGS,8716.25,43.75,0.00,0.00,0.00
,0DIFK5T49139$QBDUCK5A9,8737.00,23.00,0.00,0.00,0.00
,0U2ZPLRHTCUWK3$YRPCZEO,8537.50,222.50,0.00,0.00,0.00
,0ZWU9FOWRDWURARHO69T83,8736.50,23.50,0.00,0.00,0.00
,11GHF5W0N9AGOUOXD7SXZM,8542.25,217.75,0.00,0.00,0.00
,17KSY6ZZ5APQ0YJPQBAX_U,8356.00,404.00,0.00,0.00,0.00
,1DR$EUE41E8ECWOYLIJLIT,8737.00,23.00,0.00,0.00,0.00
,1EYECQGPZ09F9SE6JGR55M,8193.25,566.75,0.00,0.00,0.00
,1GOZB5TBH738163NLUZBQX,8177.25,582.75,0.00,0.00,0.00
,1PWTN7AMJ3OEWPOHZO42NJ,8248.50,511.50,0.00,0.00,0.00
,1Y2RJHKTHCLXJ0TUUV9K_Z,0.00,4787.25,1283.50,546.50,2142.75
,1_FGE0TIZCTRJEYZDX5WYJ,8614.25,145.75,0.00,0.00,0.00
,1ADVKLHC9ALU8GQYFXFWE4,8733.75,26.25,0.00,0.00,0.00
,1IAFH_A0X4BU_FFXOZPTRL,8284.50,475.50,0.00,0.00,0.00
,1JORQKBDN4ZXPNFOKGQGP_,8739.00,21.00,0.00,0.00,0.00
,1LXCTPB4NESE3Q6XK6HAD5,8526.25,233.75,0.00,0.00,0.00
,1NYUQ381R1JGTXA1VKFRZV,8538.50,221.50,0.00,0.00,0.00
,1RW1JYHZV1QBSFHPLSLVZZ,8225.25,534.75,0.00,0.00,0.00
,1TFYORFFD5ZX4NAJ0W62KG,7714.00,1046.00,0.00,0.00,0.00
,1WCNWD8FVEXXE6Q3YNDNHJ,8737.50,22.50,0.00,0.00,0.00
,1Y_DAPZEF9MXUPESN29HKY,8514.75,245.25,0.00,0.00,0.00
,24CJFLTRXBVFTECKJLT5IU,7330.25,1428.25,1.50,0.00,0.00
,2CXRC190XAZUMHRLJ12ZWO,8730.75,29.25,0.00,0.00,0.00
,2CBLUG4K90AFS0ULISW57$,8364.75,395.25,0.00,0.00,0.00
,2DDCZNH4P35P17ZZP0MC27,8515.75,244.25,0.00,0.00,0.00
,2DZYGNKTN3YUE2CQZ7IH3G,8732.75,27.25,0.00,0.00,0.00
,2JPUAUJGVCL8GZFYDEN0QZ,8537.00,223.00,0.00,0.00,0.00
,2KFJ4GAD59TRGS$KUMPVKX,8735.50,24.50,0.00,0.00,0.00
,2KRQOVE1T90WWGJURUVFGY,8323.00,437.00,0.00,0.00,0.00
,2N5PAWURB9UXWMW6VZHKG2,8167.25,592.75,0.00,0.00,0.00
,2U0_9NBFJ5W9HBM3YSNCGZ,8736.50,23.50,0.00,0.00,0.00
,2Y6L$OYX55CULKWGZVG76X,8735.50,24.50,0.00,0.00,0.00
,2YUBHDOS5EZHT591INO2JZ,7857.00,903.00,0.00,0.00,0.00
,2_MZMMWYJ2X8L5ZTTWFZQ9,8733.25,26.75,0.00,0.00,0.00
,2K9O3QILF0AQFA6KKU5HXP,8410.00,350.00,0.00,0.00,0.00
,2SQQMDRC5FSAM7Q4HEYPCN,8157.00,603.00,0.00,0.00,0.00
,2V9V9EITTC7UB9LUIJAJSI,8549.50,210.50,0.00,0.00,0.00
,38IMUKOGP559RZQPTQORMP,8738.00,22.00,0.00,0.00,0.00
,3W$07STZF4SGATGZXH6RH7,8430.00,330.00,0.00,0.00,0.00
,3WTGYEGFV57XESUBLIN6UZ,8532.25,227.75,0.00,0.00,0.00
,3XETEHPLX2FBMDLVKG9RNX,8415.50,344.50,0.00,0.00,0.00
,3DYLJPHWXB1VOWY5LPQ8_2,8205.75,554.25,0.00,0.00,0.00
,3G0CEO8QRFGPRRO9HYEX7V,7330.25,1428.25,1.50,0.00,0.00
,3LJWLADQX638QBR_BXHA$C,8329.75,430.25,0.00,0.00,0.00
,0WLDSRXY1FH9RF4WA6QEKV,8716.75,43.25,0.00,0.00,0.00
,18PU3GE41D_BHP0U$GRITO,8692.50,67.50,0.00,0.00,0.00
,1BNZZOW0D8K8AGXDQ4F75V,8742.00,18.00,0.00,0.00,0.00
,1CXQ0W4HL71FQ21BMWHLFZ,8721.75,38.25,0.00,0.00,0.00
,1HQZA3HET1GRLTQSI138OL,8727.00,33.00,0.00,0.00,0.00
,1KWP7HSZR8YOJWZQWUXCGM,8727.25,32.75,0.00,0.00,0.00
,1SIISADAJ75P2K126BOPWI,8536.75,223.25,0.00,0.00,0.00
,2WTW_5TS12BQVVPNZ4RTZ8,8721.25,38.75,0.00,0.00,0.00
,2X$RF$7GLFZECF00IG4ZFJ,8721.25,38.75,0.00,0.00,0.00
,2UN5ECZKNBEXTUKMCA5OFF,8723.25,36.75,0.00,0.00,0.00
,303QW7ZF996EKWJLTQOLOB,8721.25,38.75,0.00,0.00,0.00
,3M_8BSRUT9JPFPUQGPEDOA,8723.50,36.50,0.00,0.00,0.00
,3TJLMIJ$97RELEO_9TS0SD,8721.00,39.00,0.00,0.00,0.00
,Min,0.00,18.00,0.00,0.00,0.00
,Max,8742.00,4787.25,1283.50,546.50,2142.75
,Average,8345.03,347.59,21.81,9.26,36.32
,Sum,492356.50,20507.75,1286.50,546.50,2142.75


Humidex OccupantHours

,,Little to no Discomfort (≤ 29) [hr],Some Discomfort (> 29, ≤ 40) [hr],Great Discomfort; Avoid Exertion (> 40, ≤ 45) [hr],Dangerous (> 45, ≤ 50) [hr],Heat Stroke Quite Possible (> 50) [hr]
,00MLRNOVNCEHFFCBB9J$NK,2157.75,32.25,0.00,0.00,0.00
,0ELTW7UM9DRURZ_FYFNE9W,4253.75,491.25,0.00,0.00,0.00
,0W6NU5BRTFIQXXYMM6ILGS,0.00,0.00,0.00,0.00,0.00
,0DIFK5T49139$QBDUCK5A9,0.00,0.00,0.00,0.00,0.00
,0U2ZPLRHTCUWK3$YRPCZEO,4534.50,210.50,0.00,0.00,0.00
,0ZWU9FOWRDWURARHO69T83,0.00,0.00,0.00,0.00,0.00
,11GHF5W0N9AGOUOXD7SXZM,4536.50,208.50,0.00,0.00,0.00
,17KSY6ZZ5APQ0YJPQBAX_U,6573.50,726.50,0.00,0.00,0.00
,1DR$EUE41E8ECWOYLIJLIT,0.00,0.00,0.00,0.00,0.00
,1EYECQGPZ09F9SE6JGR55M,4225.00,520.00,0.00,0.00,0.00
,1GOZB5TBH738163NLUZBQX,48157.50,6592.50,0.00,0.00,0.00
,1PWTN7AMJ3OEWPOHZO42NJ,4331.25,413.75,0.00,0.00,0.00
,1Y2RJHKTHCLXJ0TUUV9K_Z,0.00,2971.25,2906.50,1830.25,23317.00
,1_FGE0TIZCTRJEYZDX5WYJ,116844.75,3605.25,0.00,0.00,0.00
,1ADVKLHC9ALU8GQYFXFWE4,3996.00,19.00,0.00,0.00,0.00
,1IAFH_A0X4BU_FFXOZPTRL,4302.75,442.25,0.00,0.00,0.00
,1JORQKBDN4ZXPNFOKGQGP_,0.00,0.00,0.00,0.00,0.00
,1LXCTPB4NESE3Q6XK6HAD5,4526.50,218.50,0.00,0.00,0.00
,1NYUQ381R1JGTXA1VKFRZV,4534.75,210.25,0.00,0.00,0.00
,1RW1JYHZV1QBSFHPLSLVZZ,53891.00,7064.00,0.00,0.00,0.00
,1TFYORFFD5ZX4NAJ0W62KG,3865.75,879.25,0.00,0.00,0.00
,1WCNWD8FVEXXE6Q3YNDNHJ,0.00,0.00,0.00,0.00,0.00
,1Y_DAPZEF9MXUPESN29HKY,22191.00,1169.00,0.00,0.00,0.00
,24CJFLTRXBVFTECKJLT5IU,3292.00,1450.00,3.00,0.00,0.00
,2CXRC190XAZUMHRLJ12ZWO,24706.25,113.75,0.00,0.00,0.00
,2CBLUG4K90AFS0ULISW57$,12095.25,1044.75,0.00,0.00,0.00
,2DDCZNH4P35P17ZZP0MC27,22162.50,1197.50,0.00,0.00,0.00
,2DZYGNKTN3YUE2CQZ7IH3G,0.00,0.00,0.00,0.00,0.00
,2JPUAUJGVCL8GZFYDEN0QZ,4537.25,207.75,0.00,0.00,0.00
,2KFJ4GAD59TRGS$KUMPVKX,0.00,0.00,0.00,0.00,0.00
,2KRQOVE1T90WWGJURUVFGY,12122.25,1017.75,0.00,0.00,0.00
,2N5PAWURB9UXWMW6VZHKG2,4209.75,535.25,0.00,0.00,0.00
,2U0_9NBFJ5W9HBM3YSNCGZ,0.00,0.00,0.00,0.00,0.00
,2Y6L$OYX55CULKWGZVG76X,0.00,0.00,0.00,0.00,0.00
,2YUBHDOS5EZHT591INO2JZ,3891.25,853.75,0.00,0.00,0.00
,2_MZMMWYJ2X8L5ZTTWFZQ9,0.00,0.00,0.00,0.00,0.00
,2K9O3QILF0AQFA6KKU5HXP,12214.00,926.00,0.00,0.00,0.00
,2SQQMDRC5FSAM7Q4HEYPCN,11753.25,1386.75,0.00,0.00,0.00
,2V9V9EITTC7UB9LUIJAJSI,4542.75,202.25,0.00,0.00,0.00
,38IMUKOGP559RZQPTQORMP,0.00,0.00,0.00,0.00,0.00
,3W$07STZF4SGATGZXH6RH7,4414.25,330.75,0.00,0.00,0.00
,3WTGYEGFV57XESUBLIN6UZ,4532.00,213.00,0.00,0.00,0.00
,3XETEHPLX2FBMDLVKG9RNX,4442.50,302.50,0.00,0.00,0.00
,3DYLJPHWXB1VOWY5LPQ8_2,23596.75,3048.25,0.00,0.00,0.00
,3G0CEO8QRFGPRRO9HYEX7V,3292.00,1450.00,3.00,0.00,0.00
,3LJWLADQX638QBR_BXHA$C,49717.50,5032.50,0.00,0.00,0.00
,0WLDSRXY1FH9RF4WA6QEKV,0.00,0.00,0.00,0.00,0.00
,18PU3GE41D_BHP0U$GRITO,0.00,0.00,0.00,0.00,0.00
,1BNZZOW0D8K8AGXDQ4F75V,0.00,0.00,0.00,0.00,0.00
,1CXQ0W4HL71FQ21BMWHLFZ,0.00,0.00,0.00,0.00,0.00
,1HQZA3HET1GRLTQSI138OL,0.00,0.00,0.00,0.00,0.00
,1KWP7HSZR8YOJWZQWUXCGM,0.00,0.00,0.00,0.00,0.00
,1SIISADAJ75P2K126BOPWI,0.00,0.00,0.00,0.00,0.00
,2WTW_5TS12BQVVPNZ4RTZ8,0.00,0.00,0.00,0.00,0.00
,2X$RF$7GLFZECF00IG4ZFJ,0.00,0.00,0.00,0.00,0.00
,2UN5ECZKNBEXTUKMCA5OFF,0.00,0.00,0.00,0.00,0.00
,303QW7ZF996EKWJLTQOLOB,0.00,0.00,0.00,0.00,0.00
,3M_8BSRUT9JPFPUQGPEDOA,0.00,0.00,0.00,0.00,0.00
,3TJLMIJ$97RELEO_9TS0SD,0.00,0.00,0.00,0.00,0.00
,Min,0.00,0.00,0.00,0.00,0.00
,Max,116844.75,7064.00,2906.50,1830.25,23317.00
,Average,8448.20,764.18,49.36,31.02,395.20
,Sum,498443.75,45086.50,2912.50,1830.25,23317.00


Heating SET Hours

,,SET ≤ 12.2°C Hours (°C),SET ≤ 12.2°C OccupantHours (°C),Longest SET ≤ 12.2°C Duration [hr],Start Time of the Longest SET ≤ 12.2°C Duration
,None,,,,


Cooling SET Hours

,,SET > 30°C Hours (°C),SET > 30°C OccupantHours (°C),Longest SET > 30°C Duration [hr],Start Time of the Longest SET > 30°C Duration
,None,,,,


----------------------------------------------------------------------------------------------------
REPORT:,Annual CO2 Resilience Summary
FOR:,Entire Facility
CO2 Level Hours

,,Safe (<= 1000 ppm) [hr],Caution (> 1000, <= 5000 ppm) [hr],Hazard (> 5000 ppm) [hr]
,None,,,


CO2 Level OccupantHours

,,Safe (<= 1000 ppm) [hr],Caution (> 1000, <= 5000 ppm) [hr],Hazard (> 5000 ppm) [hr]
,None,,,


----------------------------------------------------------------------------------------------------
REPORT:,Annual Visual Resilience Summary
FOR:,Entire Facility
Illuminance Level Hours

,,A Bit Dark (<= 100 lux) [hr],Dim (> 100, <= 300 lux) [hr],Adequate (> 300, <= 500 lux) [hr],Bright (>500 lux) [hr]
,None,,,,


Illuminance Level OccupantHours

,,A Bit Dark (<= 100 lux) [hr],Dim (> 100, <= 300 lux) [hr],Adequate (> 300, <= 500 lux) [hr],Bright (>500 lux) [hr]
,None,,,,


